ISO-10303-21;
HEADER;
FILE_DESCRIPTION (( 'STEP AP203' ),
    '1' );
FILE_NAME ('Íâ¿Ç¹Ì¶¨¼þ_down.STEP',
    '2025-06-18T08:16:09',
    ( '' ),
    ( '' ),
    'SwSTEP 2.0',
    'SolidWorks 2024',
    '' );
FILE_SCHEMA (( 'CONFIG_CONTROL_DESIGN' ));
ENDSEC;

DATA;
#1 = LINE ( 'NONE', #1435, #212 ) ;
#2 = DIRECTION ( 'NONE',  ( 0.000000000000000000, 0.000000000000000000, 1.000000000000000000 ) ) ;
#3 = ORIENTED_EDGE ( 'NONE', *, *, #380, .F. ) ;
#4 = APPROVAL_DATE_TIME ( #1108, #1586 ) ;
#5 = EDGE_CURVE ( 'NONE', #1053, #1136, #2269, .T. ) ;
#6 = AXIS2_PLACEMENT_3D ( 'NONE', #1483, #1873, #1649 ) ;
#7 = ADVANCED_FACE ( 'NONE', ( #954 ), #1176, .F. ) ;
#8 = ORIENTED_EDGE ( 'NONE', *, *, #137, .T. ) ;
#9 = ORIENTED_EDGE ( 'NONE', *, *, #291, .F. ) ;
#10 = DIRECTION ( 'NONE',  ( 0.000000000000000000, -1.000000000000000000, 0.000000000000000000 ) ) ;
#11 = AXIS2_PLACEMENT_3D ( 'NONE', #555, #162, #907 ) ;
#12 = CLOSED_SHELL ( 'NONE', ( #352, #147, #2150, #1418, #2165, #2211, #386, #537, #1419, #775, #1628, #108, #434, #1078, #2020, #179, #613, #642, #822, #1931, #2244, #1163, #823, #1807, #1846, #2240, #1666, #446, #488, #742, #2167, #876, #1650, #503, #1535, #1125, #1224, #1821, #2029, #1578, #1568, #2023, #2091, #934, #520, #1896, #805, #378, #1075, #2181, #788, #57, #863, #2317, #2104, #989, #359, #7, #1412, #1026, #430, #1993, #1054, #1234, #702 ) ) ;
#13 = DIRECTION ( 'NONE',  ( 0.000000000000000000, 0.000000000000000000, 1.000000000000000000 ) ) ;
#14 = LINE ( 'NONE', #1126, #2107 ) ;
#15 = ORIENTED_EDGE ( 'NONE', *, *, #1360, .T. ) ;
#16 = VECTOR ( 'NONE', #50, 1000.000000000000000 ) ;
#17 = CARTESIAN_POINT ( 'NONE',  ( 1.549999999999998934, 6.216737462878846543, 0.000000000000000000 ) ) ;
#18 = DIRECTION ( 'NONE',  ( 1.000000000000000000, 0.000000000000000000, 0.000000000000000000 ) ) ;
#19 = CARTESIAN_POINT ( 'NONE',  ( -4.999999999999993783, 16.21673746287884299, 0.000000000000000000 ) ) ;
#20 = ORIENTED_EDGE ( 'NONE', *, *, #1972, .T. ) ;
#21 = PERSON_AND_ORGANIZATION ( #1254, #1816 ) ;
#22 = VERTEX_POINT ( 'NONE', #2060 ) ;
#23 = ORIENTED_EDGE ( 'NONE', *, *, #592, .T. ) ;
#24 = PLANE ( 'NONE',  #1668 ) ;
#25 = EDGE_CURVE ( 'NONE', #397, #235, #59, .T. ) ;
#26 = CYLINDRICAL_SURFACE ( 'NONE', #878, 2.000000000000000000 ) ;
#27 = CARTESIAN_POINT ( 'NONE',  ( -3.999999999999992450, -3.733010005426987910, 0.000000000000000000 ) ) ;
#28 = ORIENTED_EDGE ( 'NONE', *, *, #137, .F. ) ;
#29 = DIRECTION ( 'NONE',  ( -1.000000000000000000, 0.000000000000000000, 0.000000000000000000 ) ) ;
#30 = LINE ( 'NONE', #54, #1712 ) ;
#31 = CARTESIAN_POINT ( 'NONE',  ( -1.199194705175646192, -64.78326253712116056, 3.000000000000000000 ) ) ;
#32 = EDGE_LOOP ( 'NONE', ( #538, #209, #889, #899 ) ) ;
#33 = APPROVAL_DATE_TIME ( #1981, #1833 ) ;
#34 = ORIENTED_EDGE ( 'NONE', *, *, #81, .F. ) ;
#35 = VERTEX_POINT ( 'NONE', #472 ) ;
#36 = LINE ( 'NONE', #2188, #392 ) ;
#37 = CARTESIAN_POINT ( 'NONE',  ( -5.999999999999995559, -3.412288244239187041E-15, 3.000000000000000000 ) ) ;
#38 = ORIENTED_EDGE ( 'NONE', *, *, #1916, .T. ) ;
#39 = VECTOR ( 'NONE', #513, 1000.000000000000000 ) ;
#40 = EDGE_CURVE ( 'NONE', #177, #588, #826, .T. ) ;
#41 = LINE ( 'NONE', #2013, #875 ) ;
#42 = DIRECTION ( 'NONE',  ( -1.000000000000000000, 0.000000000000000000, 0.000000000000000000 ) ) ;
#43 = VECTOR ( 'NONE', #857, 1000.000000000000000 ) ;
#44 = ORIENTED_EDGE ( 'NONE', *, *, #2133, .F. ) ;
#45 = EDGE_LOOP ( 'NONE', ( #2017, #1271, #1580, #1748, #382, #476, #164, #1092 ) ) ;
#46 = EDGE_LOOP ( 'NONE', ( #280, #2294, #112, #1309 ) ) ;
#47 = DIRECTION ( 'NONE',  ( 1.000000000000000000, 0.000000000000000000, 0.000000000000000000 ) ) ;
#48 = AXIS2_PLACEMENT_3D ( 'NONE', #227, #2245, #435 ) ;
#49 = AXIS2_PLACEMENT_3D ( 'NONE', #2292, #326, #1017 ) ;
#50 = DIRECTION ( 'NONE',  ( -0.000000000000000000, -0.000000000000000000, 1.000000000000000000 ) ) ;
#51 = ORIENTED_EDGE ( 'NONE', *, *, #1231, .T. ) ;
#52 = AXIS2_PLACEMENT_3D ( 'NONE', #482, #110, #2283 ) ;
#53 = CARTESIAN_POINT ( 'NONE',  ( -1.199194705175646192, -64.78326253712116056, 0.000000000000000000 ) ) ;
#54 = CARTESIAN_POINT ( 'NONE',  ( -4.000000000000004441, -66.78326253712116056, 3.000000000000000000 ) ) ;
#55 = VECTOR ( 'NONE', #1924, 1000.000000000000000 ) ;
#56 = CARTESIAN_POINT ( 'NONE',  ( -3.399747468305832854, 11.16648493118467833, 3.000000000000000000 ) ) ;
#57 = ADVANCED_FACE ( 'NONE', ( #1877 ), #1856, .F. ) ;
#58 = ORIENTED_EDGE ( 'NONE', *, *, #134, .T. ) ;
#59 = LINE ( 'NONE', #2073, #1769 ) ;
#60 = EDGE_LOOP ( 'NONE', ( #1845, #1059, #893, #1542 ) ) ;
#61 = DIRECTION ( 'NONE',  ( -1.000000000000000000, 0.000000000000000000, 0.000000000000000000 ) ) ;
#62 = DIRECTION ( 'NONE',  ( -1.517883041479706208E-16, 1.000000000000000000, -0.000000000000000000 ) ) ;
#63 = ORIENTED_EDGE ( 'NONE', *, *, #1949, .T. ) ;
#64 = DIRECTION ( 'NONE',  ( 0.000000000000000000, 0.000000000000000000, -1.000000000000000000 ) ) ;
#65 = CIRCLE ( 'NONE', #356, 1.000000000000000222 ) ;
#66 = DIRECTION ( 'NONE',  ( -1.000000000000000000, 0.000000000000000000, 0.000000000000000000 ) ) ;
#67 = LINE ( 'NONE', #786, #802 ) ;
#68 = ORIENTED_EDGE ( 'NONE', *, *, #1353, .F. ) ;
#69 = ORIENTED_EDGE ( 'NONE', *, *, #1168, .T. ) ;
#70 = ORIENTED_EDGE ( 'NONE', *, *, #335, .T. ) ;
#71 = CARTESIAN_POINT ( 'NONE',  ( -4.000000000000003553, -60.58205459488463873, 3.000000000000000000 ) ) ;
#72 = CARTESIAN_POINT ( 'NONE',  ( -6.499747468305832498, 1.266989994573012090, 0.000000000000000000 ) ) ;
#73 = ORIENTED_EDGE ( 'NONE', *, *, #1089, .T. ) ;
#74 = LINE ( 'NONE', #961, #990 ) ;
#75 = CARTESIAN_POINT ( 'NONE',  ( -1.550000000000000933, 6.216737462878846543, 3.000000000000000000 ) ) ;
#76 = CARTESIAN_POINT ( 'NONE',  ( 4.952380952380972090, -98.78326253712117477, 3.000000000000000000 ) ) ;
#77 = VERTEX_POINT ( 'NONE', #600 ) ;
#78 = DIRECTION ( 'NONE',  ( -1.000000000000000000, 0.000000000000000000, 0.000000000000000000 ) ) ;
#79 = VERTEX_POINT ( 'NONE', #1887 ) ;
#80 = CARTESIAN_POINT ( 'NONE',  ( 0.000000000000000000, -90.78326253712118898, 20.00000000000000000 ) ) ;
#81 = EDGE_CURVE ( 'NONE', #2042, #415, #467, .T. ) ;
#82 = CARTESIAN_POINT ( 'NONE',  ( -4.000000000000004441, -66.78326253712116056, 3.000000000000000000 ) ) ;
#83 = AXIS2_PLACEMENT_3D ( 'NONE', #351, #1977, #1635 ) ;
#84 = CARTESIAN_POINT ( 'NONE',  ( -1.000000000000000666, -90.78326253712118898, 2.999999999999999112 ) ) ;
#85 = CARTESIAN_POINT ( 'NONE',  ( -1.000000000000000666, -83.78326253712118898, 2.999999999999999112 ) ) ;
#86 = AXIS2_PLACEMENT_3D ( 'NONE', #1795, #184, #2166 ) ;
#87 = AXIS2_PLACEMENT_3D ( 'NONE', #1861, #1148, #1897 ) ;
#88 = DIRECTION ( 'NONE',  ( 0.000000000000000000, 0.000000000000000000, -1.000000000000000000 ) ) ;
#89 = VECTOR ( 'NONE', #1936, 1000.000000000000000 ) ;
#90 = VERTEX_POINT ( 'NONE', #92 ) ;
#91 = AXIS2_PLACEMENT_3D ( 'NONE', #474, #320, #279 ) ;
#92 = CARTESIAN_POINT ( 'NONE',  ( 8.000000000000015987, -66.78326253712116056, 0.000000000000000000 ) ) ;
#93 = CC_DESIGN_APPROVAL ( #1586, ( #1521 ) ) ;
#94 = ORIENTED_EDGE ( 'NONE', *, *, #1201, .T. ) ;
#95 = DIRECTION ( 'NONE',  ( 0.000000000000000000, 0.000000000000000000, -1.000000000000000000 ) ) ;
#96 = CARTESIAN_POINT ( 'NONE',  ( 0.8008052948243539193, -64.78326253712116056, 3.000000000000000000 ) ) ;
#97 = DIRECTION ( 'NONE',  ( 0.000000000000000000, 0.000000000000000000, 1.000000000000000000 ) ) ;
#98 = DIRECTION ( 'NONE',  ( 5.687147073731982675E-16, -1.000000000000000000, 0.000000000000000000 ) ) ;
#99 = CYLINDRICAL_SURFACE ( 'NONE', #1510, 2.000000000000000000 ) ;
#100 = ORIENTED_EDGE ( 'NONE', *, *, #2171, .F. ) ;
#101 = CARTESIAN_POINT ( 'NONE',  ( 1.862955085389238467E-15, -43.78326253712115346, 0.000000000000000000 ) ) ;
#102 = VERTEX_POINT ( 'NONE', #245 ) ;
#103 = CARTESIAN_POINT ( 'NONE',  ( -4.000000000000003553, -60.58205459488463873, 3.000000000000000000 ) ) ;
#104 = ORIENTED_EDGE ( 'NONE', *, *, #1917, .T. ) ;
#105 = DIRECTION ( 'NONE',  ( 1.000000000000000000, 0.000000000000000000, 0.000000000000000000 ) ) ;
#106 = DIRECTION ( 'NONE',  ( 1.000000000000000000, 0.000000000000000000, 0.000000000000000000 ) ) ;
#107 = DIRECTION ( 'NONE',  ( 1.000000000000000000, 0.000000000000000000, 0.000000000000000000 ) ) ;
#108 = ADVANCED_FACE ( 'NONE', ( #1500 ), #1000, .F. ) ;
#109 = ORIENTED_EDGE ( 'NONE', *, *, #1168, .F. ) ;
#110 = DIRECTION ( 'NONE',  ( -0.000000000000000000, -0.000000000000000000, -1.000000000000000000 ) ) ;
#111 = EDGE_CURVE ( 'NONE', #2154, #278, #1330, .T. ) ;
#112 = ORIENTED_EDGE ( 'NONE', *, *, #1368, .T. ) ;
#113 = DIRECTION ( 'NONE',  ( 0.000000000000000000, 0.000000000000000000, 1.000000000000000000 ) ) ;
#114 = CARTESIAN_POINT ( 'NONE',  ( 4.949747468305833564, 1.266989994573014755, 0.000000000000000000 ) ) ;
#115 = EDGE_CURVE ( 'NONE', #2075, #126, #1868, .T. ) ;
#116 = DIRECTION ( 'NONE',  ( 0.000000000000000000, 0.000000000000000000, 1.000000000000000000 ) ) ;
#117 = AXIS2_PLACEMENT_3D ( 'NONE', #1848, #1337, #1346 ) ;
#118 = DIRECTION ( 'NONE',  ( 1.000000000000000000, 0.000000000000000000, 0.000000000000000000 ) ) ;
#119 = ORIENTED_EDGE ( 'NONE', *, *, #144, .F. ) ;
#120 = AXIS2_PLACEMENT_3D ( 'NONE', #101, #612, #2051 ) ;
#121 = FACE_BOUND ( 'NONE', #2136, .T. ) ;
#122 = AXIS2_PLACEMENT_3D ( 'NONE', #1170, #248, #1492 ) ;
#123 = ORIENTED_EDGE ( 'NONE', *, *, #1574, .T. ) ;
#124 = CARTESIAN_POINT ( 'NONE',  ( -2.335899411324305230, -18.27941342013468784, 0.000000000000000000 ) ) ;
#125 = AXIS2_PLACEMENT_3D ( 'NONE', #1617, #10, #1455 ) ;
#126 = VERTEX_POINT ( 'NONE', #976 ) ;
#127 = CYLINDRICAL_SURFACE ( 'NONE', #2074, 1.550000000000000044 ) ;
#128 = CARTESIAN_POINT ( 'NONE',  ( 4.949747468305815801, -48.73301000542698347, 3.000000000000000000 ) ) ;
#129 = CARTESIAN_POINT ( 'NONE',  ( -3.999999999999992450, -3.733010005426987910, 3.000000000000000000 ) ) ;
#130 = CARTESIAN_POINT ( 'NONE',  ( 0.000000000000000000, -53.16974410172013421, 3.000000000000000000 ) ) ;
#131 = LINE ( 'NONE', #1032, #89 ) ;
#132 = ORIENTED_EDGE ( 'NONE', *, *, #1972, .F. ) ;
#133 = CARTESIAN_POINT ( 'NONE',  ( 3.399747468305818643, -38.83351506881533055, 0.000000000000000000 ) ) ;
#134 = EDGE_CURVE ( 'NONE', #1113, #905, #693, .T. ) ;
#135 = DIRECTION ( 'NONE',  ( 1.000000000000000000, 1.084202172485504434E-16, -0.000000000000000000 ) ) ;
#136 = DIRECTION ( 'NONE',  ( -0.000000000000000000, -0.000000000000000000, 1.000000000000000000 ) ) ;
#137 = EDGE_CURVE ( 'NONE', #2223, #2233, #1252, .T. ) ;
#138 = CARTESIAN_POINT ( 'NONE',  ( 2.335899411324327879, -60.48035243640714498, 3.000000000000000000 ) ) ;
#139 = DIRECTION ( 'NONE',  ( -0.5547001962252292584, 0.8320502943378436100, 0.000000000000000000 ) ) ;
#140 = FACE_BOUND ( 'NONE', #1963, .T. ) ;
#141 = ORIENTED_EDGE ( 'NONE', *, *, #1262, .F. ) ;
#142 = CARTESIAN_POINT ( 'NONE',  ( 6.499747468305833387, 11.16648493118467833, 0.000000000000000000 ) ) ;
#143 = ORIENTED_EDGE ( 'NONE', *, *, #428, .F. ) ;
#144 = EDGE_CURVE ( 'NONE', #224, #1259, #306, .T. ) ;
#145 = LINE ( 'NONE', #1584, #915 ) ;
#146 = LINE ( 'NONE', #874, #1885 ) ;
#147 = ADVANCED_FACE ( 'NONE', ( #694 ), #869, .F. ) ;
#148 = FACE_OUTER_BOUND ( 'NONE', #1318, .T. ) ;
#149 = FACE_OUTER_BOUND ( 'NONE', #228, .T. ) ;
#150 = AXIS2_PLACEMENT_3D ( 'NONE', #53, #2055, #406 ) ;
#151 = DIRECTION ( 'NONE',  ( 0.000000000000000000, 0.000000000000000000, 1.000000000000000000 ) ) ;
#152 = VECTOR ( 'NONE', #2316, 1000.000000000000000 ) ;
#153 = ORIENTED_EDGE ( 'NONE', *, *, #440, .F. ) ;
#154 = CALENDAR_DATE ( 2025, 18, 6 ) ;
#155 = AXIS2_PLACEMENT_3D ( 'NONE', #966, #2222, #78 ) ;
#156 = AXIS2_PLACEMENT_3D ( 'NONE', #593, #818, #1505 ) ;
#157 = AXIS2_PLACEMENT_3D ( 'NONE', #1268, #367, #912 ) ;
#158 = VERTEX_POINT ( 'NONE', #515 ) ;
#159 = FACE_BOUND ( 'NONE', #637, .T. ) ;
#160 = VECTOR ( 'NONE', #1686, 1000.000000000000000 ) ;
#161 = CIRCLE ( 'NONE', #882, 2.000000000000000000 ) ;
#162 = DIRECTION ( 'NONE',  ( 0.000000000000000000, 0.000000000000000000, 1.000000000000000000 ) ) ;
#163 = DIRECTION ( 'NONE',  ( 0.000000000000000000, 0.000000000000000000, 1.000000000000000000 ) ) ;
#164 = ORIENTED_EDGE ( 'NONE', *, *, #1976, .F. ) ;
#165 = CARTESIAN_POINT ( 'NONE',  ( -26.29684768588645838, -17.53123179059097225, 3.000000000000000000 ) ) ;
#166 = DIRECTION ( 'NONE',  ( 0.000000000000000000, 0.000000000000000000, 1.000000000000000000 ) ) ;
#167 = EDGE_CURVE ( 'NONE', #1688, #1528, #654, .T. ) ;
#168 = PERSON_AND_ORGANIZATION_ROLE ( 'design_supplier' ) ;
#169 = ORIENTED_EDGE ( 'NONE', *, *, #318, .T. ) ;
#170 = FACE_BOUND ( 'NONE', #1280, .T. ) ;
#171 = LINE ( 'NONE', #1420, #1812 ) ;
#172 = DIRECTION ( 'NONE',  ( -0.8320502943378436100, -0.5547001962252292584, 0.000000000000000000 ) ) ;
#173 = ORIENTED_EDGE ( 'NONE', *, *, #1336, .T. ) ;
#174 = DIRECTION ( 'NONE',  ( 1.000000000000000000, 0.000000000000000000, 0.000000000000000000 ) ) ;
#175 = EDGE_CURVE ( 'NONE', #2221, #909, #1110, .T. ) ;
#176 = EDGE_CURVE ( 'NONE', #102, #697, #343, .T. ) ;
#177 = VERTEX_POINT ( 'NONE', #2302 ) ;
#178 = PERSON_AND_ORGANIZATION_ROLE ( 'classification_officer' ) ;
#179 = ADVANCED_FACE ( 'NONE', ( #704, #1724, #140, #1404, #1548, #1732, #1198, #860, #2271, #2097, #121, #681, #1040, #505, #1009, #1561, #881, #1413 ), #2293, .F. ) ;
#180 = AXIS2_PLACEMENT_3D ( 'NONE', #641, #1151, #1708 ) ;
#181 = ORIENTED_EDGE ( 'NONE', *, *, #40, .T. ) ;
#182 = EDGE_LOOP ( 'NONE', ( #561, #210, #1335, #1862 ) ) ;
#183 = CARTESIAN_POINT ( 'NONE',  ( 4.000000000000015987, -18.17771126165717632, 3.000000000000000000 ) ) ;
#184 = DIRECTION ( 'NONE',  ( 0.000000000000000000, 0.000000000000000000, 1.000000000000000000 ) ) ;
#185 = DIRECTION ( 'NONE',  ( -0.000000000000000000, -0.000000000000000000, 1.000000000000000000 ) ) ;
#186 = VERTEX_POINT ( 'NONE', #492 ) ;
#187 = EDGE_CURVE ( 'NONE', #1529, #2285, #1623, .T. ) ;
#188 = CARTESIAN_POINT ( 'NONE',  ( 8.000000000000015987, -66.78326253712116056, 3.000000000000000000 ) ) ;
#189 = DIRECTION ( 'NONE',  ( 0.000000000000000000, 0.000000000000000000, 1.000000000000000000 ) ) ;
#190 = EDGE_CURVE ( 'NONE', #214, #2226, #1210, .T. ) ;
#191 = ORIENTED_EDGE ( 'NONE', *, *, #1989, .F. ) ;
#192 = VECTOR ( 'NONE', #136, 1000.000000000000000 ) ;
#193 = ORIENTED_EDGE ( 'NONE', *, *, #1046, .T. ) ;
#194 = ORIENTED_EDGE ( 'NONE', *, *, #1360, .F. ) ;
#195 = LINE ( 'NONE', #372, #1557 ) ;
#196 = AXIS2_PLACEMENT_3D ( 'NONE', #710, #2138, #2335 ) ;
#197 = CIRCLE ( 'NONE', #156, 1.550000000000000044 ) ;
#198 = VECTOR ( 'NONE', #760, 1000.000000000000000 ) ;
#199 = DIRECTION ( 'NONE',  ( 0.000000000000000000, 0.000000000000000000, 1.000000000000000000 ) ) ;
#200 = DIRECTION ( 'NONE',  ( -1.000000000000000000, 0.000000000000000000, 0.000000000000000000 ) ) ;
#201 = ORIENTED_EDGE ( 'NONE', *, *, #1003, .F. ) ;
#202 = AXIS2_PLACEMENT_3D ( 'NONE', #310, #484, #871 ) ;
#203 = LOCAL_TIME ( 16, 16, 9.000000000000000000, #741 ) ;
#204 = DIRECTION ( 'NONE',  ( -0.000000000000000000, -0.000000000000000000, -1.000000000000000000 ) ) ;
#205 = AXIS2_PLACEMENT_3D ( 'NONE', #1228, #2279, #668 ) ;
#206 = DIRECTION ( 'NONE',  ( -0.000000000000000000, -0.000000000000000000, -1.000000000000000000 ) ) ;
#207 = ORIENTED_EDGE ( 'NONE', *, *, #1494, .T. ) ;
#208 = DATE_AND_TIME ( #1425, #812 ) ;
#209 = ORIENTED_EDGE ( 'NONE', *, *, #2156, .T. ) ;
#210 = ORIENTED_EDGE ( 'NONE', *, *, #1722, .T. ) ;
#211 = FACE_OUTER_BOUND ( 'NONE', #883, .T. ) ;
#212 = VECTOR ( 'NONE', #1088, 1000.000000000000000 ) ;
#213 = LINE ( 'NONE', #1265, #1437 ) ;
#214 = VERTEX_POINT ( 'NONE', #307 ) ;
#215 = CARTESIAN_POINT ( 'NONE',  ( -4.949747468305846887, -48.73301000542699057, 3.000000000000000000 ) ) ;
#216 = CARTESIAN_POINT ( 'NONE',  ( -2.335899411324320774, -59.47265420243416401, 0.000000000000000000 ) ) ;
#217 = DIRECTION ( 'NONE',  ( -1.000000000000000000, 0.000000000000000000, 0.000000000000000000 ) ) ;
#218 = EDGE_LOOP ( 'NONE', ( #1842, #2143, #1593, #264 ) ) ;
#219 = ORIENTED_EDGE ( 'NONE', *, *, #1719, .T. ) ;
#220 = ORIENTED_EDGE ( 'NONE', *, *, #859, .T. ) ;
#221 = CARTESIAN_POINT ( 'NONE',  ( -1.550000000000002487, -43.78326253712115346, 3.000000000000000000 ) ) ;
#222 = EDGE_CURVE ( 'NONE', #2210, #1710, #131, .T. ) ;
#223 = CARTESIAN_POINT ( 'NONE',  ( -0.4649058835000351442, -56.27914449417060894, 3.000000000000000000 ) ) ;
#224 = VERTEX_POINT ( 'NONE', #1392 ) ;
#225 = DIRECTION ( 'NONE',  ( -1.236130165206996167E-16, -1.000000000000000000, 0.000000000000000000 ) ) ;
#226 = DIRECTION ( 'NONE',  ( 0.000000000000000000, 0.000000000000000000, 1.000000000000000000 ) ) ;
#227 = CARTESIAN_POINT ( 'NONE',  ( 1.862955085389238467E-15, -43.78326253712115346, 3.000000000000000000 ) ) ;
#228 = EDGE_LOOP ( 'NONE', ( #20, #1284, #940, #1422 ) ) ;
#229 = VERTEX_POINT ( 'NONE', #1232 ) ;
#230 = ORIENTED_EDGE ( 'NONE', *, *, #917, .T. ) ;
#231 = DIRECTION ( 'NONE',  ( 0.000000000000000000, 0.000000000000000000, 1.000000000000000000 ) ) ;
#232 = AXIS2_PLACEMENT_3D ( 'NONE', #2105, #866, #1184 ) ;
#233 = CIRCLE ( 'NONE', #269, 2.000000000000000000 ) ;
#234 = CARTESIAN_POINT ( 'NONE',  ( -1.199194705175646192, -64.78326253712116056, 3.000000000000000000 ) ) ;
#235 = VERTEX_POINT ( 'NONE', #1942 ) ;
#236 = CIRCLE ( 'NONE', #2004, 1.550000000000000044 ) ;
#237 = EDGE_CURVE ( 'NONE', #2223, #978, #327, .T. ) ;
#238 = FACE_OUTER_BOUND ( 'NONE', #551, .T. ) ;
#239 = VECTOR ( 'NONE', #185, 1000.000000000000000 ) ;
#240 = LINE ( 'NONE', #1523, #1715 ) ;
#241 = VECTOR ( 'NONE', #1006, 1000.000000000000000 ) ;
#242 =( GEOMETRIC_REPRESENTATION_CONTEXT ( 3 ) GLOBAL_UNCERTAINTY_ASSIGNED_CONTEXT ( ( #1638 ) ) GLOBAL_UNIT_ASSIGNED_CONTEXT ( ( #2064, #828, #1376 ) ) REPRESENTATION_CONTEXT ( 'NONE', 'WORKASPACE' ) );
#243 = DIRECTION ( 'NONE',  ( 0.000000000000000000, 0.000000000000000000, 1.000000000000000000 ) ) ;
#244 = VERTEX_POINT ( 'NONE', #296 ) ;
#245 = CARTESIAN_POINT ( 'NONE',  ( -6.499747468305847597, -38.83351506881533055, 0.000000000000000000 ) ) ;
#246 = ORIENTED_EDGE ( 'NONE', *, *, #485, .T. ) ;
#247 = CYLINDRICAL_SURFACE ( 'NONE', #624, 2.000000000000000000 ) ;
#248 = DIRECTION ( 'NONE',  ( 0.000000000000000000, 0.000000000000000000, 1.000000000000000000 ) ) ;
#249 = ORIENTED_EDGE ( 'NONE', *, *, #1410, .T. ) ;
#250 = FACE_OUTER_BOUND ( 'NONE', #1427, .T. ) ;
#251 = LINE ( 'NONE', #973, #160 ) ;
#252 = CARTESIAN_POINT ( 'NONE',  ( 8.000000000000015987, -66.78326253712116056, 0.000000000000000000 ) ) ;
#253 = EDGE_CURVE ( 'NONE', #426, #1983, #1240, .T. ) ;
#254 = ORIENTED_EDGE ( 'NONE', *, *, #1326, .F. ) ;
#255 = EDGE_CURVE ( 'NONE', #814, #495, #236, .T. ) ;
#256 = CARTESIAN_POINT ( 'NONE',  ( -3.399747468305839959, -48.73301000542699057, 3.000000000000000000 ) ) ;
#257 = ORIENTED_EDGE ( 'NONE', *, *, #1205, .F. ) ;
#258 = DIRECTION ( 'NONE',  ( -0.000000000000000000, -0.000000000000000000, -1.000000000000000000 ) ) ;
#259 = DIRECTION ( 'NONE',  ( -0.000000000000000000, -0.000000000000000000, 1.000000000000000000 ) ) ;
#260 = CIRCLE ( 'NONE', #1166, 2.000000000000000000 ) ;
#261 = DIRECTION ( 'NONE',  ( 0.000000000000000000, 0.000000000000000000, 1.000000000000000000 ) ) ;
#262 = LINE ( 'NONE', #75, #43 ) ;
#263 = DIRECTION ( 'NONE',  ( 1.000000000000000000, 0.000000000000000000, 0.000000000000000000 ) ) ;
#264 = ORIENTED_EDGE ( 'NONE', *, *, #1426, .F. ) ;
#265 = ORIENTED_EDGE ( 'NONE', *, *, #677, .T. ) ;
#266 = ORIENTED_EDGE ( 'NONE', *, *, #1116, .T. ) ;
#267 = CARTESIAN_POINT ( 'NONE',  ( 4.000000000000014211, -59.37095204395669157, 3.000000000000000000 ) ) ;
#268 = DIRECTION ( 'NONE',  ( 1.236130165206996167E-16, 1.000000000000000000, 0.000000000000000000 ) ) ;
#269 = AXIS2_PLACEMENT_3D ( 'NONE', #2152, #1084, #531 ) ;
#270 = DIRECTION ( 'NONE',  ( -0.5547001962252291474, 0.8320502943378437211, 0.000000000000000000 ) ) ;
#271 = DIRECTION ( 'NONE',  ( -1.000000000000000000, 0.000000000000000000, 0.000000000000000000 ) ) ;
#272 = VECTOR ( 'NONE', #1938, 1000.000000000000000 ) ;
#273 = LINE ( 'NONE', #1709, #1104 ) ;
#274 = AXIS2_PLACEMENT_3D ( 'NONE', #319, #1764, #836 ) ;
#275 = ORIENTED_EDGE ( 'NONE', *, *, #2295, .F. ) ;
#276 = CIRCLE ( 'NONE', #1590, 2.000000000000000000 ) ;
#277 = DIRECTION ( 'NONE',  ( 1.000000000000000000, 0.000000000000000000, 0.000000000000000000 ) ) ;
#278 = VERTEX_POINT ( 'NONE', #1091 ) ;
#279 = DIRECTION ( 'NONE',  ( -0.09480909262799555592, 0.9954954725939522131, 0.000000000000000000 ) ) ;
#280 = ORIENTED_EDGE ( 'NONE', *, *, #660, .F. ) ;
#281 = EDGE_CURVE ( 'NONE', #1758, #1780, #2184, .T. ) ;
#282 = DIRECTION ( 'NONE',  ( 0.000000000000000000, 0.000000000000000000, -1.000000000000000000 ) ) ;
#283 = DIRECTION ( 'NONE',  ( -1.000000000000000000, 0.000000000000000000, 0.000000000000000000 ) ) ;
#284 = DIRECTION ( 'NONE',  ( 1.000000000000000000, 0.000000000000000000, 0.000000000000000000 ) ) ;
#285 = EDGE_CURVE ( 'NONE', #905, #1043, #2005, .T. ) ;
#286 = VERTEX_POINT ( 'NONE', #1829 ) ;
#287 = DIRECTION ( 'NONE',  ( 1.000000000000000000, 0.000000000000000000, 0.000000000000000000 ) ) ;
#288 = VERTEX_POINT ( 'NONE', #1292 ) ;
#289 = VERTEX_POINT ( 'NONE', #1077 ) ;
#290 = CARTESIAN_POINT ( 'NONE',  ( 4.949747468305821130, -38.83351506881533055, 3.000000000000000000 ) ) ;
#291 = EDGE_CURVE ( 'NONE', #770, #426, #1815, .T. ) ;
#292 = PLANE ( 'NONE',  #617 ) ;
#293 = CARTESIAN_POINT ( 'NONE',  ( 4.000000000000015987, -5.733010005426987910, 0.000000000000000000 ) ) ;
#294 = CIRCLE ( 'NONE', #1202, 1.000000000000000666 ) ;
#295 = ORIENTED_EDGE ( 'NONE', *, *, #1949, .F. ) ;
#296 = CARTESIAN_POINT ( 'NONE',  ( -3.399747468305832854, 11.16648493118467833, 3.000000000000000000 ) ) ;
#297 = VERTEX_POINT ( 'NONE', #19 ) ;
#298 = DIRECTION ( 'NONE',  ( -0.000000000000000000, -0.000000000000000000, -1.000000000000000000 ) ) ;
#299 = ORIENTED_EDGE ( 'NONE', *, *, #25, .T. ) ;
#300 = CARTESIAN_POINT ( 'NONE',  ( -3.999999999999996447, -33.83351506881533055, 0.000000000000000000 ) ) ;
#301 = CARTESIAN_POINT ( 'NONE',  ( 4.000000000000015987, -5.733010005426987910, 3.000000000000000000 ) ) ;
#302 = DIRECTION ( 'NONE',  ( 0.000000000000000000, 0.000000000000000000, 1.000000000000000000 ) ) ;
#303 = AXIS2_PLACEMENT_3D ( 'NONE', #1752, #1396, #2092 ) ;
#304 = LINE ( 'NONE', #2141, #690 ) ;
#305 = EDGE_CURVE ( 'NONE', #861, #1406, #1853, .T. ) ;
#306 = CIRCLE ( 'NONE', #504, 1.550000000000000266 ) ;
#307 = CARTESIAN_POINT ( 'NONE',  ( -1.199194705175646192, -66.78326253712116056, 0.000000000000000000 ) ) ;
#308 = VECTOR ( 'NONE', #259, 1000.000000000000000 ) ;
#309 = ORIENTED_EDGE ( 'NONE', *, *, #1782, .F. ) ;
#310 = CARTESIAN_POINT ( 'NONE',  ( -3.999999999999992450, -6.177711261657170994, 3.000000000000000000 ) ) ;
#311 = AXIS2_PLACEMENT_3D ( 'NONE', #683, #647, #862 ) ;
#312 = EDGE_LOOP ( 'NONE', ( #2175, #816, #1819, #1790 ) ) ;
#313 = CARTESIAN_POINT ( 'NONE',  ( 8.000000000000003553, 13.21673746287884299, 3.000000000000000000 ) ) ;
#314 = APPLICATION_CONTEXT ( 'configuration controlled 3d designs of mechanical parts and assemblies' ) ;
#315 = CARTESIAN_POINT ( 'NONE',  ( -3.399747468305841736, -38.83351506881533055, 0.000000000000000000 ) ) ;
#316 = CARTESIAN_POINT ( 'NONE',  ( 2.335899411324338093, -60.48035243640715919, 3.000000000000000000 ) ) ;
#317 = CARTESIAN_POINT ( 'NONE',  ( -6.000000000000004441, -64.78326253712116056, 3.000000000000000000 ) ) ;
#318 = EDGE_CURVE ( 'NONE', #79, #1823, #1953, .T. ) ;
#319 = CARTESIAN_POINT ( 'NONE',  ( 4.000000000000012434, -31.83351506881532700, 3.000000000000000000 ) ) ;
#320 = DIRECTION ( 'NONE',  ( 0.9954954725939522131, 0.09480909262799555592, -0.000000000000000000 ) ) ;
#321 = EDGE_CURVE ( 'NONE', #426, #770, #1146, .T. ) ;
#322 = ORIENTED_EDGE ( 'NONE', *, *, #40, .F. ) ;
#323 = CARTESIAN_POINT ( 'NONE',  ( 6.499747468305822728, -48.73301000542698347, 0.000000000000000000 ) ) ;
#324 = CARTESIAN_POINT ( 'NONE',  ( -1.550000000000002487, -43.78326253712115346, 3.000000000000000000 ) ) ;
#325 = LINE ( 'NONE', #2130, #331 ) ;
#326 = DIRECTION ( 'NONE',  ( 0.000000000000000000, 0.000000000000000000, -1.000000000000000000 ) ) ;
#327 = LINE ( 'NONE', #1592, #807 ) ;
#328 = EDGE_CURVE ( 'NONE', #1677, #355, #2142, .T. ) ;
#329 = ORIENTED_EDGE ( 'NONE', *, *, #403, .F. ) ;
#330 = DIRECTION ( 'NONE',  ( 1.274265344560578144E-16, 1.000000000000000000, 0.000000000000000000 ) ) ;
#331 = VECTOR ( 'NONE', #700, 1000.000000000000000 ) ;
#332 = FACE_OUTER_BOUND ( 'NONE', #1149, .T. ) ;
#333 = DIRECTION ( 'NONE',  ( -1.000000000000000000, 0.000000000000000000, 0.000000000000000000 ) ) ;
#334 = ORIENTED_EDGE ( 'NONE', *, *, #285, .T. ) ;
#335 = EDGE_CURVE ( 'NONE', #1823, #1440, #730, .T. ) ;
#336 = DIRECTION ( 'NONE',  ( 0.000000000000000000, 0.000000000000000000, 1.000000000000000000 ) ) ;
#337 = DIRECTION ( 'NONE',  ( 1.000000000000000000, 0.000000000000000000, 0.000000000000000000 ) ) ;
#338 = AXIS2_PLACEMENT_3D ( 'NONE', #215, #376, #364 ) ;
#339 = DIRECTION ( 'NONE',  ( 0.000000000000000000, 0.000000000000000000, 1.000000000000000000 ) ) ;
#340 = AXIS2_PLACEMENT_3D ( 'NONE', #365, #204, #947 ) ;
#341 = ORIENTED_EDGE ( 'NONE', *, *, #499, .F. ) ;
#342 = SHAPE_DEFINITION_REPRESENTATION ( #1527, #948 ) ;
#343 = CIRCLE ( 'NONE', #1960, 1.550000000000002709 ) ;
#344 = CIRCLE ( 'NONE', #87, 1.000000000000000666 ) ;
#345 = ORIENTED_EDGE ( 'NONE', *, *, #222, .F. ) ;
#346 = CARTESIAN_POINT ( 'NONE',  ( -5.999999999999996447, -31.83351506881532700, 0.000000000000000000 ) ) ;
#347 = EDGE_CURVE ( 'NONE', #77, #1298, #1979, .T. ) ;
#348 = DIRECTION ( 'NONE',  ( 0.000000000000000000, 0.000000000000000000, 1.000000000000000000 ) ) ;
#349 = DIRECTION ( 'NONE',  ( 1.000000000000000000, 0.000000000000000000, 0.000000000000000000 ) ) ;
#350 = EDGE_LOOP ( 'NONE', ( #141, #28 ) ) ;
#351 = CARTESIAN_POINT ( 'NONE',  ( 4.949747468305821130, -38.83351506881533055, 3.000000000000000000 ) ) ;
#352 = ADVANCED_FACE ( 'NONE', ( #353 ), #751, .F. ) ;
#353 = FACE_OUTER_BOUND ( 'NONE', #764, .T. ) ;
#354 = VERTEX_POINT ( 'NONE', #726 ) ;
#355 = VERTEX_POINT ( 'NONE', #1438 ) ;
#356 = AXIS2_PLACEMENT_3D ( 'NONE', #1988, #377, #1103 ) ;
#357 = ORIENTED_EDGE ( 'NONE', *, *, #607, .T. ) ;
#358 = FACE_BOUND ( 'NONE', #778, .T. ) ;
#359 = ADVANCED_FACE ( 'NONE', ( #2159 ), #549, .F. ) ;
#360 = CARTESIAN_POINT ( 'NONE',  ( 5.664100588675704095, -30.27941342013470205, 0.000000000000000000 ) ) ;
#361 = CARTESIAN_POINT ( 'NONE',  ( -4.949747468305846887, -48.73301000542699057, 3.000000000000000000 ) ) ;
#362 = ORIENTED_EDGE ( 'NONE', *, *, #115, .F. ) ;
#363 = EDGE_CURVE ( 'NONE', #1081, #528, #1625, .T. ) ;
#364 = DIRECTION ( 'NONE',  ( 1.000000000000000000, 0.000000000000000000, 0.000000000000000000 ) ) ;
#365 = CARTESIAN_POINT ( 'NONE',  ( -4.000000000000004441, -64.78326253712116056, 3.000000000000000000 ) ) ;
#366 = EDGE_CURVE ( 'NONE', #235, #1113, #1279, .T. ) ;
#367 = DIRECTION ( 'NONE',  ( 0.000000000000000000, 0.000000000000000000, -1.000000000000000000 ) ) ;
#368 = ORIENTED_EDGE ( 'NONE', *, *, #2126, .T. ) ;
#369 = PERSON_AND_ORGANIZATION_ROLE ( 'creator' ) ;
#370 = EDGE_LOOP ( 'NONE', ( #1912, #656, #1609, #1904, #2098, #1010, #2039 ) ) ;
#371 = ORIENTED_EDGE ( 'NONE', *, *, #491, .F. ) ;
#372 = CARTESIAN_POINT ( 'NONE',  ( -7.284582709440528880, -4.856388472960354363, 3.000000000000000000 ) ) ;
#373 = CARTESIAN_POINT ( 'NONE',  ( 4.949747468305833564, 11.16648493118467833, 3.000000000000000000 ) ) ;
#374 = DIRECTION ( 'NONE',  ( 0.000000000000000000, 0.000000000000000000, -1.000000000000000000 ) ) ;
#375 = VERTEX_POINT ( 'NONE', #1865 ) ;
#376 = DIRECTION ( 'NONE',  ( 0.000000000000000000, 0.000000000000000000, 1.000000000000000000 ) ) ;
#377 = DIRECTION ( 'NONE',  ( 0.000000000000000000, 0.000000000000000000, -1.000000000000000000 ) ) ;
#378 = ADVANCED_FACE ( 'NONE', ( #797 ), #2026, .T. ) ;
#379 = ORIENTED_EDGE ( 'NONE', *, *, #281, .T. ) ;
#380 = EDGE_CURVE ( 'NONE', #244, #2202, #1183, .T. ) ;
#381 = CALENDAR_DATE ( 2025, 18, 6 ) ;
#382 = ORIENTED_EDGE ( 'NONE', *, *, #677, .F. ) ;
#383 = EDGE_LOOP ( 'NONE', ( #1797, #723 ) ) ;
#384 = DIRECTION ( 'NONE',  ( 0.000000000000000000, 0.000000000000000000, 1.000000000000000000 ) ) ;
#385 = AXIS2_PLACEMENT_3D ( 'NONE', #2328, #2095, #713 ) ;
#386 = ADVANCED_FACE ( 'NONE', ( #1839 ), #1339, .F. ) ;
#387 = EDGE_CURVE ( 'NONE', #354, #90, #625, .T. ) ;
#388 = CIRCLE ( 'NONE', #1701, 1.550000000000000266 ) ;
#389 = VECTOR ( 'NONE', #1921, 1000.000000000000000 ) ;
#390 = LINE ( 'NONE', #1446, #2272 ) ;
#391 = ORIENTED_EDGE ( 'NONE', *, *, #780, .T. ) ;
#392 = VECTOR ( 'NONE', #1444, 1000.000000000000000 ) ;
#393 = CC_DESIGN_APPROVAL ( #475, ( #2255 ) ) ;
#394 = LINE ( 'NONE', #738, #1784 ) ;
#395 = AXIS2_PLACEMENT_3D ( 'NONE', #293, #116, #1558 ) ;
#396 = DIRECTION ( 'NONE',  ( 0.000000000000000000, 0.000000000000000000, 1.000000000000000000 ) ) ;
#397 = VERTEX_POINT ( 'NONE', #76 ) ;
#398 = EDGE_CURVE ( 'NONE', #697, #102, #767, .T. ) ;
#399 = ORIENTED_EDGE ( 'NONE', *, *, #834, .T. ) ;
#400 = VERTEX_POINT ( 'NONE', #1884 ) ;
#401 = LINE ( 'NONE', #1834, #2119 ) ;
#402 = EDGE_CURVE ( 'NONE', #835, #229, #650, .T. ) ;
#403 = EDGE_CURVE ( 'NONE', #1599, #1079, #273, .T. ) ;
#404 = LINE ( 'NONE', #1117, #2040 ) ;
#405 = ORIENTED_EDGE ( 'NONE', *, *, #398, .F. ) ;
#406 = DIRECTION ( 'NONE',  ( 1.000000000000000000, 0.000000000000000000, 0.000000000000000000 ) ) ;
#407 = DIRECTION ( 'NONE',  ( 0.000000000000000000, 0.000000000000000000, -1.000000000000000000 ) ) ;
#408 = DIRECTION ( 'NONE',  ( -0.8320502943378437211, -0.5547001962252291474, 0.000000000000000000 ) ) ;
#409 = EDGE_LOOP ( 'NONE', ( #1501, #1118, #275, #965 ) ) ;
#410 = ORIENTED_EDGE ( 'NONE', *, *, #1778, .T. ) ;
#411 = ORIENTED_EDGE ( 'NONE', *, *, #1645, .F. ) ;
#412 = CC_DESIGN_DATE_AND_TIME_ASSIGNMENT ( #208, #1791, ( #2255 ) ) ;
#413 = CARTESIAN_POINT ( 'NONE',  ( 0.000000000000000000, -33.83351506881533055, 3.000000000000000000 ) ) ;
#414 = LINE ( 'NONE', #630, #1665 ) ;
#415 = VERTEX_POINT ( 'NONE', #1130 ) ;
#416 = CARTESIAN_POINT ( 'NONE',  ( -2.335899411324307895, -18.27941342013468429, 0.000000000000000000 ) ) ;
#417 = CARTESIAN_POINT ( 'NONE',  ( 1.199194705175641751, -53.16974410172013421, 0.000000000000000000 ) ) ;
#418 = DIRECTION ( 'NONE',  ( 0.5547001962252291474, -0.8320502943378437211, 0.000000000000000000 ) ) ;
#419 = ORIENTED_EDGE ( 'NONE', *, *, #1340, .F. ) ;
#420 = EDGE_LOOP ( 'NONE', ( #2163, #1629, #2007, #2062, #399, #1317, #1667, #1414 ) ) ;
#421 = ORIENTED_EDGE ( 'NONE', *, *, #175, .F. ) ;
#422 = DIRECTION ( 'NONE',  ( -1.000000000000000000, 0.000000000000000000, 0.000000000000000000 ) ) ;
#423 = AXIS2_PLACEMENT_3D ( 'NONE', #128, #820, #2253 ) ;
#424 = AXIS2_PLACEMENT_3D ( 'NONE', #534, #514, #1754 ) ;
#425 = PLANE ( 'NONE',  #1624 ) ;
#426 = VERTEX_POINT ( 'NONE', #1305 ) ;
#427 = AXIS2_PLACEMENT_3D ( 'NONE', #2329, #166, #892 ) ;
#428 = EDGE_CURVE ( 'NONE', #967, #1298, #964, .T. ) ;
#429 = CARTESIAN_POINT ( 'NONE',  ( 5.000000000000005329, 13.21673746287884299, 3.000000000000000000 ) ) ;
#430 = ADVANCED_FACE ( 'NONE', ( #1162 ), #99, .F. ) ;
#431 = AXIS2_PLACEMENT_3D ( 'NONE', #234, #1345, #804 ) ;
#432 = DIRECTION ( 'NONE',  ( -0.000000000000000000, -0.000000000000000000, -1.000000000000000000 ) ) ;
#433 = VECTOR ( 'NONE', #779, 1000.000000000000000 ) ;
#434 = ADVANCED_FACE ( 'NONE', ( #824 ), #1696, .F. ) ;
#435 = DIRECTION ( 'NONE',  ( -1.000000000000000000, 0.000000000000000000, 0.000000000000000000 ) ) ;
#436 = ORIENTED_EDGE ( 'NONE', *, *, #506, .T. ) ;
#437 = DIRECTION ( 'NONE',  ( 0.09480909262799530612, 0.9954954725939522131, -0.000000000000000000 ) ) ;
#438 = ORIENTED_EDGE ( 'NONE', *, *, #527, .T. ) ;
#439 = PLANE ( 'NONE',  #1439 ) ;
#440 = EDGE_CURVE ( 'NONE', #770, #2052, #1852, .T. ) ;
#441 = DIRECTION ( 'NONE',  ( 0.000000000000000000, 0.000000000000000000, 1.000000000000000000 ) ) ;
#442 = ORIENTED_EDGE ( 'NONE', *, *, #684, .T. ) ;
#443 = DIRECTION ( 'NONE',  ( -0.000000000000000000, -0.000000000000000000, -1.000000000000000000 ) ) ;
#444 = AXIS2_PLACEMENT_3D ( 'NONE', #1612, #1119, #174 ) ;
#445 = LINE ( 'NONE', #962, #901 ) ;
#446 = ADVANCED_FACE ( 'NONE', ( #1536 ), #1315, .F. ) ;
#447 = DIRECTION ( 'NONE',  ( 0.000000000000000000, 0.000000000000000000, -1.000000000000000000 ) ) ;
#448 = EDGE_LOOP ( 'NONE', ( #518, #743 ) ) ;
#449 = ORIENTED_EDGE ( 'NONE', *, *, #1601, .F. ) ;
#450 = EDGE_LOOP ( 'NONE', ( #1793, #1222, #1178, #712 ) ) ;
#451 = DIRECTION ( 'NONE',  ( -1.000000000000000000, 0.000000000000000000, 0.000000000000000000 ) ) ;
#452 = DIRECTION ( 'NONE',  ( 1.000000000000000000, 0.000000000000000000, 0.000000000000000000 ) ) ;
#453 = DIRECTION ( 'NONE',  ( 0.8320502943378437211, 0.5547001962252291474, -0.000000000000000000 ) ) ;
#454 = LINE ( 'NONE', #1849, #241 ) ;
#455 = DIRECTION ( 'NONE',  ( -1.517883041479706208E-16, 1.000000000000000000, -0.000000000000000000 ) ) ;
#456 = EDGE_CURVE ( 'NONE', #244, #563, #950, .T. ) ;
#457 = ORIENTED_EDGE ( 'NONE', *, *, #977, .F. ) ;
#458 = ORIENTED_EDGE ( 'NONE', *, *, #604, .T. ) ;
#459 = EDGE_LOOP ( 'NONE', ( #1832, #975 ) ) ;
#460 = CYLINDRICAL_SURFACE ( 'NONE', #1965, 2.000000000000000000 ) ;
#461 = LINE ( 'NONE', #1871, #958 ) ;
#462 = VECTOR ( 'NONE', #2182, 1000.000000000000000 ) ;
#463 = EDGE_CURVE ( 'NONE', #864, #1506, #1956, .T. ) ;
#464 = AXIS2_PLACEMENT_3D ( 'NONE', #701, #1049, #337 ) ;
#465 = DIRECTION ( 'NONE',  ( -0.000000000000000000, 0.000000000000000000, -1.000000000000000000 ) ) ;
#466 = CARTESIAN_POINT ( 'NONE',  ( -0.000000000000000000, -33.83351506881533055, 0.000000000000000000 ) ) ;
#467 = CIRCLE ( 'NONE', #766, 2.000000000000000000 ) ;
#468 = AXIS2_PLACEMENT_3D ( 'NONE', #1671, #441, #452 ) ;
#469 = VECTOR ( 'NONE', #1687, 1000.000000000000000 ) ;
#470 = ORIENTED_EDGE ( 'NONE', *, *, #687, .F. ) ;
#471 = CIRCLE ( 'NONE', #2079, 1.000000000000000666 ) ;
#472 = CARTESIAN_POINT ( 'NONE',  ( -5.999999999999992006, -5.733010005426988798, 3.000000000000000000 ) ) ;
#473 = ORIENTED_EDGE ( 'NONE', *, *, #558, .F. ) ;
#474 = CARTESIAN_POINT ( 'NONE',  ( -7.999999999999984901, -66.78326253712116056, 3.000000000000000000 ) ) ;
#475 = APPROVAL ( #2125, 'æœª' ) ;
#476 = ORIENTED_EDGE ( 'NONE', *, *, #2287, .F. ) ;
#477 = EDGE_CURVE ( 'NONE', #1355, #861, #67, .T. ) ;
#478 = DIRECTION ( 'NONE',  ( 0.000000000000000000, 0.000000000000000000, 1.000000000000000000 ) ) ;
#479 = DIRECTION ( 'NONE',  ( -0.000000000000000000, -0.000000000000000000, -1.000000000000000000 ) ) ;
#480 = CARTESIAN_POINT ( 'NONE',  ( 1.000000000000000666, -83.78326253712118898, 0.000000000000000000 ) ) ;
#481 = EDGE_LOOP ( 'NONE', ( #1908, #309, #987, #329 ) ) ;
#482 = CARTESIAN_POINT ( 'NONE',  ( 0.000000000000000000, -73.78326253712118898, 20.00000000000000000 ) ) ;
#483 = ORIENTED_EDGE ( 'NONE', *, *, #190, .T. ) ;
#484 = DIRECTION ( 'NONE',  ( -0.000000000000000000, -0.000000000000000000, -1.000000000000000000 ) ) ;
#485 = EDGE_CURVE ( 'NONE', #708, #1406, #2220, .T. ) ;
#486 = CARTESIAN_POINT ( 'NONE',  ( -7.999999999999992895, 13.21673746287884121, 3.000000000000000000 ) ) ;
#487 = CARTESIAN_POINT ( 'NONE',  ( 1.199194705175641751, -55.16974410172014132, 0.000000000000000000 ) ) ;
#488 = ADVANCED_FACE ( 'NONE', ( #928 ), #900, .F. ) ;
#489 = CARTESIAN_POINT ( 'NONE',  ( 1.000000000000000222, -73.78326253712118898, 2.999999999999999112 ) ) ;
#490 = ORIENTED_EDGE ( 'NONE', *, *, #2006, .T. ) ;
#491 = EDGE_CURVE ( 'NONE', #2075, #1225, #2110, .T. ) ;
#492 = CARTESIAN_POINT ( 'NONE',  ( 3.399747468305833298, 1.266989994573014755, 0.000000000000000000 ) ) ;
#493 = EDGE_LOOP ( 'NONE', ( #1156, #2258, #2030, #510 ) ) ;
#494 = CARTESIAN_POINT ( 'NONE',  ( 6.000000000000012434, -31.38881381258515191, 3.000000000000000000 ) ) ;
#495 = VERTEX_POINT ( 'NONE', #17 ) ;
#496 = LINE ( 'NONE', #686, #1929 ) ;
#497 = CARTESIAN_POINT ( 'NONE',  ( 0.000000000000000000, -53.16974410172013421, 3.000000000000000000 ) ) ;
#498 = CYLINDRICAL_SURFACE ( 'NONE', #635, 1.000000000000000666 ) ;
#499 = EDGE_CURVE ( 'NONE', #645, #1603, #1102, .T. ) ;
#500 = VECTOR ( 'NONE', #972, 1000.000000000000000 ) ;
#501 = CARTESIAN_POINT ( 'NONE',  ( 6.000000000000016875, -7.416780991241998200E-16, 3.000000000000000000 ) ) ;
#502 = AXIS2_PLACEMENT_3D ( 'NONE', #486, #135, #519 ) ;
#503 = ADVANCED_FACE ( 'NONE', ( #2131 ), #1611, .F. ) ;
#504 = AXIS2_PLACEMENT_3D ( 'NONE', #1050, #2318, #1579 ) ;
#505 = FACE_BOUND ( 'NONE', #459, .T. ) ;
#506 = EDGE_CURVE ( 'NONE', #1529, #782, #2326, .T. ) ;
#507 = AXIS2_PLACEMENT_3D ( 'NONE', #1735, #1581, #1573 ) ;
#508 = ORIENTED_EDGE ( 'NONE', *, *, #366, .F. ) ;
#509 = CC_DESIGN_APPROVAL ( #1833, ( #1706 ) ) ;
#510 = ORIENTED_EDGE ( 'NONE', *, *, #595, .F. ) ;
#511 = DIRECTION ( 'NONE',  ( 1.000000000000000000, 0.000000000000000000, 0.000000000000000000 ) ) ;
#512 = CARTESIAN_POINT ( 'NONE',  ( -0.4649058835000414169, -56.27914449417059473, 3.000000000000000000 ) ) ;
#513 = DIRECTION ( 'NONE',  ( -0.000000000000000000, -0.000000000000000000, -1.000000000000000000 ) ) ;
#514 = DIRECTION ( 'NONE',  ( 0.000000000000000000, 0.000000000000000000, 1.000000000000000000 ) ) ;
#515 = CARTESIAN_POINT ( 'NONE',  ( -6.000000000000001776, -60.58205459488463873, 3.000000000000000000 ) ) ;
#516 = ORIENTED_EDGE ( 'NONE', *, *, #833, .F. ) ;
#517 = APPROVAL_ROLE ( '' ) ;
#518 = ORIENTED_EDGE ( 'NONE', *, *, #176, .T. ) ;
#519 = DIRECTION ( 'NONE',  ( -1.084202172485504434E-16, 1.000000000000000000, 0.000000000000000000 ) ) ;
#520 = ADVANCED_FACE ( 'NONE', ( #238 ), #808, .T. ) ;
#521 = DIRECTION ( 'NONE',  ( -0.000000000000000000, -0.000000000000000000, -1.000000000000000000 ) ) ;
#522 = CARTESIAN_POINT ( 'NONE',  ( -6.499747468305854703, -48.73301000542699057, 3.000000000000000000 ) ) ;
#523 = CARTESIAN_POINT ( 'NONE',  ( 6.499747468305833387, 1.266989994573014977, 0.000000000000000000 ) ) ;
#524 = DIRECTION ( 'NONE',  ( -0.000000000000000000, -0.000000000000000000, -1.000000000000000000 ) ) ;
#525 = ORIENTED_EDGE ( 'NONE', *, *, #2261, .F. ) ;
#526 = APPROVAL_STATUS ( 'not_yet_approved' ) ;
#527 = EDGE_CURVE ( 'NONE', #955, #1001, #1922, .T. ) ;
#528 = VERTEX_POINT ( 'NONE', #2194 ) ;
#529 = DIRECTION ( 'NONE',  ( 0.000000000000000000, 0.000000000000000000, 1.000000000000000000 ) ) ;
#530 = AXIS2_PLACEMENT_3D ( 'NONE', #1999, #2191, #1287 ) ;
#531 = DIRECTION ( 'NONE',  ( 1.000000000000000000, 0.000000000000000000, 0.000000000000000000 ) ) ;
#532 = FACE_OUTER_BOUND ( 'NONE', #2212, .T. ) ;
#533 = ORIENTED_EDGE ( 'NONE', *, *, #2089, .F. ) ;
#534 = CARTESIAN_POINT ( 'NONE',  ( -4.949747468305832676, 1.266989994573012090, 0.000000000000000000 ) ) ;
#535 = CIRCLE ( 'NONE', #1733, 2.000000000000000000 ) ;
#536 = AXIS2_PLACEMENT_3D ( 'NONE', #1559, #1777, #139 ) ;
#537 = ADVANCED_FACE ( 'NONE', ( #250 ), #2241, .F. ) ;
#538 = ORIENTED_EDGE ( 'NONE', *, *, #463, .T. ) ;
#539 = VECTOR ( 'NONE', #206, 1000.000000000000000 ) ;
#540 = ORIENTED_EDGE ( 'NONE', *, *, #291, .T. ) ;
#541 = VECTOR ( 'NONE', #2067, 1000.000000000000000 ) ;
#542 = ORIENTED_EDGE ( 'NONE', *, *, #2111, .T. ) ;
#543 = DIRECTION ( 'NONE',  ( 1.000000000000000000, 0.000000000000000000, 0.000000000000000000 ) ) ;
#544 = EDGE_CURVE ( 'NONE', #782, #2321, #2218, .T. ) ;
#545 = CARTESIAN_POINT ( 'NONE',  ( -4.949747468305833564, 11.16648493118467833, 0.000000000000000000 ) ) ;
#546 = DIRECTION ( 'NONE',  ( -0.000000000000000000, -0.000000000000000000, -1.000000000000000000 ) ) ;
#547 = VERTEX_POINT ( 'NONE', #1150 ) ;
#548 = DIRECTION ( 'NONE',  ( -1.000000000000000000, 0.000000000000000000, 0.000000000000000000 ) ) ;
#549 = CYLINDRICAL_SURFACE ( 'NONE', #157, 2.000000000000000000 ) ;
#550 = ORIENTED_EDGE ( 'NONE', *, *, #811, .F. ) ;
#551 = EDGE_LOOP ( 'NONE', ( #1462, #249, #749, #1970 ) ) ;
#552 = CIRCLE ( 'NONE', #2085, 3.000000000000000000 ) ;
#553 = VERTEX_POINT ( 'NONE', #84 ) ;
#554 = CARTESIAN_POINT ( 'NONE',  ( 6.000000000000015987, -5.733010005426987910, 3.000000000000000000 ) ) ;
#555 = CARTESIAN_POINT ( 'NONE',  ( 1.862955085389238467E-15, -43.78326253712115346, 3.000000000000000000 ) ) ;
#556 = LINE ( 'NONE', #1334, #541 ) ;
#557 = ORIENTED_EDGE ( 'NONE', *, *, #1504, .T. ) ;
#558 = EDGE_CURVE ( 'NONE', #2052, #1983, #2145, .T. ) ;
#559 = DIRECTION ( 'NONE',  ( -0.000000000000000000, -0.000000000000000000, -1.000000000000000000 ) ) ;
#560 = DIRECTION ( 'NONE',  ( 1.000000000000000000, 0.000000000000000000, 0.000000000000000000 ) ) ;
#561 = ORIENTED_EDGE ( 'NONE', *, *, #25, .F. ) ;
#562 = MECHANICAL_CONTEXT ( 'NONE', #2336, 'mechanical' ) ;
#563 = VERTEX_POINT ( 'NONE', #1685 ) ;
#564 = ORIENTED_EDGE ( 'NONE', *, *, #363, .T. ) ;
#565 = DIRECTION ( 'NONE',  ( -0.000000000000000000, -0.000000000000000000, -1.000000000000000000 ) ) ;
#566 = DIRECTION ( 'NONE',  ( -1.000000000000000000, -1.517883041479706208E-16, 0.000000000000000000 ) ) ;
#567 = FACE_OUTER_BOUND ( 'NONE', #1373, .T. ) ;
#568 = VERTEX_POINT ( 'NONE', #621 ) ;
#569 = DIRECTION ( 'NONE',  ( -0.9954954725939522131, 0.09480909262799530612, 0.000000000000000000 ) ) ;
#570 = EDGE_CURVE ( 'NONE', #1537, #776, #1809, .T. ) ;
#571 = DIRECTION ( 'NONE',  ( 0.000000000000000000, 0.000000000000000000, -1.000000000000000000 ) ) ;
#572 = EDGE_CURVE ( 'NONE', #864, #1792, #74, .T. ) ;
#573 = VECTOR ( 'NONE', #225, 1000.000000000000000 ) ;
#574 = ORIENTED_EDGE ( 'NONE', *, *, #1403, .F. ) ;
#575 = AXIS2_PLACEMENT_3D ( 'NONE', #1274, #13, #1056 ) ;
#576 = ORIENTED_EDGE ( 'NONE', *, *, #2032, .F. ) ;
#577 = ORIENTED_EDGE ( 'NONE', *, *, #780, .F. ) ;
#578 = CARTESIAN_POINT ( 'NONE',  ( 3.399747468305808873, -48.73301000542698347, 0.000000000000000000 ) ) ;
#579 = VECTOR ( 'NONE', #455, 1000.000000000000000 ) ;
#580 = AXIS2_PLACEMENT_3D ( 'NONE', #1545, #1508, #66 ) ;
#581 = FACE_OUTER_BOUND ( 'NONE', #1487, .T. ) ;
#582 = ORIENTED_EDGE ( 'NONE', *, *, #1866, .T. ) ;
#583 = AXIS2_PLACEMENT_3D ( 'NONE', #1843, #231, #602 ) ;
#584 = CARTESIAN_POINT ( 'NONE',  ( -26.29684768588645838, -17.53123179059097225, 3.000000000000000000 ) ) ;
#585 = PLANE ( 'NONE',  #1449 ) ;
#586 = DIRECTION ( 'NONE',  ( 1.000000000000000000, 0.000000000000000000, 0.000000000000000000 ) ) ;
#587 = ORIENTED_EDGE ( 'NONE', *, *, #1806, .F. ) ;
#588 = VERTEX_POINT ( 'NONE', #1128 ) ;
#589 = ORIENTED_EDGE ( 'NONE', *, *, #1489, .T. ) ;
#590 = FACE_OUTER_BOUND ( 'NONE', #914, .T. ) ;
#591 = AXIS2_PLACEMENT_3D ( 'NONE', #1129, #559, #42 ) ;
#592 = EDGE_CURVE ( 'NONE', #547, #415, #1863, .T. ) ;
#593 = CARTESIAN_POINT ( 'NONE',  ( -1.141996145258102393E-15, 6.216737462878846543, 0.000000000000000000 ) ) ;
#594 = EDGE_LOOP ( 'NONE', ( #2192, #1122, #1564, #1306, #903, #2059, #2016, #438 ) ) ;
#595 = EDGE_CURVE ( 'NONE', #744, #2259, #41, .T. ) ;
#596 = CARTESIAN_POINT ( 'NONE',  ( 1.549999999999998934, 6.216737462878846543, 3.000000000000000000 ) ) ;
#597 = CARTESIAN_POINT ( 'NONE',  ( 1.000000000000000666, -90.78326253712118898, 2.999999999999999112 ) ) ;
#598 = CARTESIAN_POINT ( 'NONE',  ( -4.949747468305844222, -38.83351506881533055, 3.000000000000000000 ) ) ;
#599 = ORIENTED_EDGE ( 'NONE', *, *, #604, .F. ) ;
#600 = CARTESIAN_POINT ( 'NONE',  ( 4.000000000000015987, -53.16974410172013421, 0.000000000000000000 ) ) ;
#601 = ORIENTED_EDGE ( 'NONE', *, *, #592, .F. ) ;
#602 = DIRECTION ( 'NONE',  ( 1.000000000000000000, 0.000000000000000000, 0.000000000000000000 ) ) ;
#603 = EDGE_CURVE ( 'NONE', #1968, #825, #772, .T. ) ;
#604 = EDGE_CURVE ( 'NONE', #682, #1968, #1247, .T. ) ;
#605 = DIRECTION ( 'NONE',  ( -0.000000000000000000, -0.000000000000000000, -1.000000000000000000 ) ) ;
#606 = VERTEX_POINT ( 'NONE', #608 ) ;
#607 = EDGE_CURVE ( 'NONE', #909, #2221, #1549, .T. ) ;
#608 = CARTESIAN_POINT ( 'NONE',  ( -4.999999999999993783, 16.21673746287884299, 3.000000000000000000 ) ) ;
#609 = CARTESIAN_POINT ( 'NONE',  ( 4.949747468305821130, -38.83351506881533055, 3.000000000000000000 ) ) ;
#610 = CARTESIAN_POINT ( 'NONE',  ( 1.000000000000000666, -83.78326253712118898, 20.00000000000000000 ) ) ;
#611 = ORIENTED_EDGE ( 'NONE', *, *, #1089, .F. ) ;
#612 = DIRECTION ( 'NONE',  ( 0.000000000000000000, 0.000000000000000000, 1.000000000000000000 ) ) ;
#613 = ADVANCED_FACE ( 'NONE', ( #2035 ), #1313, .T. ) ;
#614 = ORIENTED_EDGE ( 'NONE', *, *, #607, .F. ) ;
#615 = CARTESIAN_POINT ( 'NONE',  ( 2.335899411324330099, -19.28711165410764039, 3.000000000000000000 ) ) ;
#616 = CIRCLE ( 'NONE', #1997, 1.550000000000000266 ) ;
#617 = AXIS2_PLACEMENT_3D ( 'NONE', #497, #1216, #1930 ) ;
#618 = DIRECTION ( 'NONE',  ( 0.000000000000000000, 0.000000000000000000, -1.000000000000000000 ) ) ;
#619 = ORIENTED_EDGE ( 'NONE', *, *, #2111, .F. ) ;
#620 = AXIS2_PLACEMENT_3D ( 'NONE', #714, #1817, #1424 ) ;
#621 = CARTESIAN_POINT ( 'NONE',  ( 4.000000000000012434, -33.83351506881533055, 0.000000000000000000 ) ) ;
#622 = VECTOR ( 'NONE', #873, 1000.000000000000000 ) ;
#623 = DIRECTION ( 'NONE',  ( 0.000000000000000000, 0.000000000000000000, 1.000000000000000000 ) ) ;
#624 = AXIS2_PLACEMENT_3D ( 'NONE', #267, #1703, #61 ) ;
#625 = LINE ( 'NONE', #252, #469 ) ;
#626 = VERTEX_POINT ( 'NONE', #1881 ) ;
#627 = DIRECTION ( 'NONE',  ( -0.000000000000000000, -0.000000000000000000, -1.000000000000000000 ) ) ;
#628 = EDGE_LOOP ( 'NONE', ( #483, #2257, #345, #1416 ) ) ;
#629 = DIRECTION ( 'NONE',  ( 0.000000000000000000, -0.000000000000000000, -1.000000000000000000 ) ) ;
#630 = CARTESIAN_POINT ( 'NONE',  ( 8.000000000000003553, 13.21673746287884299, 0.000000000000000000 ) ) ;
#631 = CARTESIAN_POINT ( 'NONE',  ( 0.4649058835000398626, -63.67386214467070715, 3.000000000000000000 ) ) ;
#632 = LINE ( 'NONE', #1882, #2078 ) ;
#633 = CARTESIAN_POINT ( 'NONE',  ( 3.399747468305808873, -48.73301000542698347, 3.000000000000000000 ) ) ;
#634 = ORIENTED_EDGE ( 'NONE', *, *, #667, .F. ) ;
#635 = AXIS2_PLACEMENT_3D ( 'NONE', #1986, #546, #200 ) ;
#636 = EDGE_LOOP ( 'NONE', ( #2088, #246, #1312, #918 ) ) ;
#637 = EDGE_LOOP ( 'NONE', ( #1144, #1095 ) ) ;
#638 = FACE_OUTER_BOUND ( 'NONE', #837, .T. ) ;
#639 = LINE ( 'NONE', #1158, #1253 ) ;
#640 = CARTESIAN_POINT ( 'NONE',  ( 3.399747468305808873, -48.73301000542698347, 3.000000000000000000 ) ) ;
#641 = CARTESIAN_POINT ( 'NONE',  ( -4.949747468305832676, 1.266989994573012090, 3.000000000000000000 ) ) ;
#642 = ADVANCED_FACE ( 'NONE', ( #946 ), #1160, .F. ) ;
#643 = EDGE_LOOP ( 'NONE', ( #23, #952, #2246, #944 ) ) ;
#644 = PRODUCT ( '\X2\591658f356fa5b9a4ef6\X0\_down', '\X2\591658f356fa5b9a4ef6\X0\_down', '', ( #562 ) ) ;
#645 = VERTEX_POINT ( 'NONE', #1660 ) ;
#646 = ORIENTED_EDGE ( 'NONE', *, *, #1504, .F. ) ;
#647 = DIRECTION ( 'NONE',  ( 0.000000000000000000, 0.000000000000000000, 1.000000000000000000 ) ) ;
#648 = AXIS2_PLACEMENT_3D ( 'NONE', #1772, #163, #1195 ) ;
#649 = FACE_OUTER_BOUND ( 'NONE', #1393, .T. ) ;
#650 = CIRCLE ( 'NONE', #1362, 1.550000000000002709 ) ;
#651 = AXIS2_PLACEMENT_3D ( 'NONE', #1411, #1935, #118 ) ;
#652 = FACE_OUTER_BOUND ( 'NONE', #2200, .T. ) ;
#653 = CARTESIAN_POINT ( 'NONE',  ( 4.000000000000014211, -59.37095204395669157, 0.000000000000000000 ) ) ;
#654 = CIRCLE ( 'NONE', #274, 2.000000000000000000 ) ;
#655 = CIRCLE ( 'NONE', #468, 1.550000000000000044 ) ;
#656 = ORIENTED_EDGE ( 'NONE', *, *, #785, .T. ) ;
#657 = VECTOR ( 'NONE', #2204, 1000.000000000000000 ) ;
#658 = AXIS2_PLACEMENT_3D ( 'NONE', #1397, #1238, #1907 ) ;
#659 = CC_DESIGN_PERSON_AND_ORGANIZATION_ASSIGNMENT ( #1405, #1452, ( #644 ) ) ;
#660 = EDGE_CURVE ( 'NONE', #286, #495, #2207, .T. ) ;
#661 = DIRECTION ( 'NONE',  ( 0.000000000000000000, 0.000000000000000000, 1.000000000000000000 ) ) ;
#662 = ORIENTED_EDGE ( 'NONE', *, *, #1326, .T. ) ;
#663 = DIRECTION ( 'NONE',  ( 0.000000000000000000, 0.000000000000000000, -1.000000000000000000 ) ) ;
#664 = EDGE_CURVE ( 'NONE', #626, #1647, #1673, .T. ) ;
#665 = CARTESIAN_POINT ( 'NONE',  ( -4.949747468305833564, 11.16648493118467833, 3.000000000000000000 ) ) ;
#666 = CARTESIAN_POINT ( 'NONE',  ( -4.000000000000003553, -60.58205459488463873, 0.000000000000000000 ) ) ;
#667 = EDGE_CURVE ( 'NONE', #186, #978, #616, .T. ) ;
#668 = DIRECTION ( 'NONE',  ( 1.000000000000000000, 0.000000000000000000, 0.000000000000000000 ) ) ;
#669 = FACE_OUTER_BOUND ( 'NONE', #1190, .T. ) ;
#670 = ORIENTED_EDGE ( 'NONE', *, *, #603, .F. ) ;
#671 = DIRECTION ( 'NONE',  ( 1.000000000000000000, 0.000000000000000000, -0.000000000000000000 ) ) ;
#672 = ORIENTED_EDGE ( 'NONE', *, *, #890, .T. ) ;
#673 = CARTESIAN_POINT ( 'NONE',  ( -4.949747468305832676, 1.266989994573012090, 3.000000000000000000 ) ) ;
#674 = ORIENTED_EDGE ( 'NONE', *, *, #1851, .F. ) ;
#675 = EDGE_CURVE ( 'NONE', #1298, #626, #951, .T. ) ;
#676 = CARTESIAN_POINT ( 'NONE',  ( 6.000000000000012434, -31.38881381258515191, 3.000000000000000000 ) ) ;
#677 = EDGE_CURVE ( 'NONE', #297, #375, #1431, .T. ) ;
#678 = LINE ( 'NONE', #1387, #1925 ) ;
#679 = CYLINDRICAL_SURFACE ( 'NONE', #1467, 1.550000000000002709 ) ;
#680 = DIRECTION ( 'NONE',  ( 0.000000000000000000, 0.000000000000000000, 1.000000000000000000 ) ) ;
#681 = FACE_OUTER_BOUND ( 'NONE', #45, .T. ) ;
#682 = VERTEX_POINT ( 'NONE', #1533 ) ;
#683 = CARTESIAN_POINT ( 'NONE',  ( -4.949747468305844222, -38.83351506881533055, 3.000000000000000000 ) ) ;
#684 = EDGE_CURVE ( 'NONE', #984, #2332, #1567, .T. ) ;
#685 = ORIENTED_EDGE ( 'NONE', *, *, #305, .F. ) ;
#686 = CARTESIAN_POINT ( 'NONE',  ( -10.05381347867129804, -6.702542319114200176, 0.000000000000000000 ) ) ;
#687 = EDGE_CURVE ( 'NONE', #2233, #186, #1556, .T. ) ;
#688 = DIRECTION ( 'NONE',  ( 0.000000000000000000, 0.000000000000000000, 1.000000000000000000 ) ) ;
#689 = LINE ( 'NONE', #1217, #720 ) ;
#691 = CYLINDRICAL_SURFACE ( 'NONE', #1024, 2.000000000000000000 ) ;
#690 = VECTOR ( 'NONE', #1941, 1000.000000000000000 ) ;
#692 = AXIS2_PLACEMENT_3D ( 'NONE', #830, #1947, #1543 ) ;
#693 = CIRCLE ( 'NONE', #2308, 2.999999999999998224 ) ;
#694 = FACE_OUTER_BOUND ( 'NONE', #32, .T. ) ;
#695 = VERTEX_POINT ( 'NONE', #1898 ) ;
#696 = APPROVAL_PERSON_ORGANIZATION ( #1242, #1586, #517 ) ;
#697 = VERTEX_POINT ( 'NONE', #315 ) ;
#698 = CARTESIAN_POINT ( 'NONE',  ( -4.949747468305833564, 11.16648493118467833, 0.000000000000000000 ) ) ;
#699 = CARTESIAN_POINT ( 'NONE',  ( -1.000000000000000222, -73.78326253712118898, 2.999999999999999112 ) ) ;
#700 = DIRECTION ( 'NONE',  ( -0.000000000000000000, -0.000000000000000000, 1.000000000000000000 ) ) ;
#701 = CARTESIAN_POINT ( 'NONE',  ( 4.949747468305821130, -38.83351506881533055, 0.000000000000000000 ) ) ;
#702 = ADVANCED_FACE ( 'NONE', ( #1014 ), #1206, .F. ) ;
#703 = CIRCLE ( 'NONE', #444, 2.000000000000000000 ) ;
#704 = FACE_BOUND ( 'NONE', #829, .T. ) ;
#705 = VECTOR ( 'NONE', #98, 1000.000000000000000 ) ;
#706 = ORIENTED_EDGE ( 'NONE', *, *, #1980, .F. ) ;
#707 = COORDINATED_UNIVERSAL_TIME_OFFSET ( 8, 0, .AHEAD. ) ;
#708 = VERTEX_POINT ( 'NONE', #831 ) ;
#709 = DIRECTION ( 'NONE',  ( -0.5547001962252292584, 0.8320502943378436100, 0.000000000000000000 ) ) ;
#710 = CARTESIAN_POINT ( 'NONE',  ( -4.949747468305832676, 1.266989994573012090, 3.000000000000000000 ) ) ;
#711 = LINE ( 'NONE', #1608, #1555 ) ;
#712 = ORIENTED_EDGE ( 'NONE', *, *, #111, .T. ) ;
#713 = DIRECTION ( 'NONE',  ( -1.000000000000000000, 0.000000000000000000, 0.000000000000000000 ) ) ;
#714 = CARTESIAN_POINT ( 'NONE',  ( 4.000000000000014211, -59.37095204395669157, 3.000000000000000000 ) ) ;
#715 = ORIENTED_EDGE ( 'NONE', *, *, #456, .F. ) ;
#716 = PERSON_AND_ORGANIZATION ( #1254, #1816 ) ;
#717 = ORIENTED_EDGE ( 'NONE', *, *, #667, .T. ) ;
#718 = ORIENTED_EDGE ( 'NONE', *, *, #499, .T. ) ;
#719 = LINE ( 'NONE', #1768, #2311 ) ;
#720 = VECTOR ( 'NONE', #1753, 1000.000000000000000 ) ;
#721 = CARTESIAN_POINT ( 'NONE',  ( 5.000000000000004441, 16.21673746287884299, 3.000000000000000000 ) ) ;
#722 = FACE_OUTER_BOUND ( 'NONE', #895, .T. ) ;
#723 = ORIENTED_EDGE ( 'NONE', *, *, #2199, .T. ) ;
#724 = DIRECTION ( 'NONE',  ( -0.000000000000000000, -0.000000000000000000, -1.000000000000000000 ) ) ;
#725 = VECTOR ( 'NONE', #842, 1000.000000000000000 ) ;
#726 = CARTESIAN_POINT ( 'NONE',  ( 4.952380952380972978, -98.78326253712116056, 0.000000000000000000 ) ) ;
#727 = CIRCLE ( 'NONE', #651, 1.550000000000000266 ) ;
#728 = ORIENTED_EDGE ( 'NONE', *, *, #1787, .T. ) ;
#729 = CARTESIAN_POINT ( 'NONE',  ( 0.000000000000000000, 0.000000000000000000, 0.000000000000000000 ) ) ;
#730 = CIRCLE ( 'NONE', #620, 2.000000000000000000 ) ;
#731 = ORIENTED_EDGE ( 'NONE', *, *, #1722, .F. ) ;
#732 = ORIENTED_EDGE ( 'NONE', *, *, #1903, .T. ) ;
#733 = FACE_BOUND ( 'NONE', #1463, .T. ) ;
#734 = CIRCLE ( 'NONE', #1220, 2.000000000000000000 ) ;
#735 = CARTESIAN_POINT ( 'NONE',  ( -5.664100588675678338, -7.287111654107629732, 0.000000000000000000 ) ) ;
#736 = DIRECTION ( 'NONE',  ( -1.000000000000000000, 0.000000000000000000, 0.000000000000000000 ) ) ;
#737 = EDGE_LOOP ( 'NONE', ( #1995, #1361, #219, #1975 ) ) ;
#738 = CARTESIAN_POINT ( 'NONE',  ( 6.499747468305833387, 11.16648493118467833, 3.000000000000000000 ) ) ;
#739 = CARTESIAN_POINT ( 'NONE',  ( 1.000000000000000666, -90.78326253712118898, 20.00000000000000000 ) ) ;
#740 = ORIENTED_EDGE ( 'NONE', *, *, #917, .F. ) ;
#741 = COORDINATED_UNIVERSAL_TIME_OFFSET ( 8, 0, .AHEAD. ) ;
#742 = ADVANCED_FACE ( 'NONE', ( #1906 ), #1707, .F. ) ;
#743 = ORIENTED_EDGE ( 'NONE', *, *, #398, .T. ) ;
#744 = VERTEX_POINT ( 'NONE', #996 ) ;
#745 = DIRECTION ( 'NONE',  ( 1.000000000000000000, 0.000000000000000000, -0.000000000000000000 ) ) ;
#746 = EDGE_CURVE ( 'NONE', #1079, #1713, #535, .T. ) ;
#747 = DIRECTION ( 'NONE',  ( 1.000000000000000000, 0.000000000000000000, 0.000000000000000000 ) ) ;
#748 = CARTESIAN_POINT ( 'NONE',  ( -3.999999999999996447, -33.83351506881533055, 3.000000000000000000 ) ) ;
#749 = ORIENTED_EDGE ( 'NONE', *, *, #1903, .F. ) ;
#750 = CARTESIAN_POINT ( 'NONE',  ( -4.999999999999992895, 13.21673746287884121, 3.000000000000000000 ) ) ;
#751 = CYLINDRICAL_SURFACE ( 'NONE', #2077, 2.000000000000000000 ) ;
#752 = VERTEX_POINT ( 'NONE', #1720 ) ;
#753 = ORIENTED_EDGE ( 'NONE', *, *, #187, .F. ) ;
#754 = ORIENTED_EDGE ( 'NONE', *, *, #1300, .F. ) ;
#755 = FACE_BOUND ( 'NONE', #350, .T. ) ;
#756 = CARTESIAN_POINT ( 'NONE',  ( -7.284582709440528880, -4.856388472960354363, 3.000000000000000000 ) ) ;
#757 = ORIENTED_EDGE ( 'NONE', *, *, #318, .F. ) ;
#758 = DIRECTION ( 'NONE',  ( -0.000000000000000000, -0.000000000000000000, -1.000000000000000000 ) ) ;
#759 = DIRECTION ( 'NONE',  ( -0.000000000000000000, -0.000000000000000000, -1.000000000000000000 ) ) ;
#760 = DIRECTION ( 'NONE',  ( -0.000000000000000000, -0.000000000000000000, -1.000000000000000000 ) ) ;
#761 = AXIS2_PLACEMENT_3D ( 'NONE', #981, #1469, #1507 ) ;
#762 = ORIENTED_EDGE ( 'NONE', *, *, #335, .F. ) ;
#763 = EDGE_LOOP ( 'NONE', ( #685, #1702 ) ) ;
#764 = EDGE_LOOP ( 'NONE', ( #599, #1197, #1033, #670 ) ) ;
#765 = DIRECTION ( 'NONE',  ( 1.000000000000000000, 0.000000000000000000, 0.000000000000000000 ) ) ;
#766 = AXIS2_PLACEMENT_3D ( 'NONE', #2248, #1700, #277 ) ;
#767 = CIRCLE ( 'NONE', #911, 1.550000000000002709 ) ;
#768 = CIRCLE ( 'NONE', #580, 1.000000000000000222 ) ;
#769 = FACE_OUTER_BOUND ( 'NONE', #1121, .T. ) ;
#770 = VERTEX_POINT ( 'NONE', #640 ) ;
#771 = VECTOR ( 'NONE', #1670, 1000.000000000000000 ) ;
#772 = LINE ( 'NONE', #631, #2301 ) ;
#773 = CARTESIAN_POINT ( 'NONE',  ( 4.000000000000015987, -3.733010005426987910, 3.000000000000000000 ) ) ;
#774 = CARTESIAN_POINT ( 'NONE',  ( 0.000000000000000000, -73.78326253712118898, 2.999999999999999112 ) ) ;
#775 = ADVANCED_FACE ( 'NONE', ( #1380 ), #1357, .F. ) ;
#776 = VERTEX_POINT ( 'NONE', #2068 ) ;
#777 = DIRECTION ( 'NONE',  ( -0.000000000000000000, -0.000000000000000000, -1.000000000000000000 ) ) ;
#778 = EDGE_LOOP ( 'NONE', ( #132, #3 ) ) ;
#779 = DIRECTION ( 'NONE',  ( -1.000000000000000000, 0.000000000000000000, 0.000000000000000000 ) ) ;
#780 = EDGE_CURVE ( 'NONE', #835, #697, #1914, .T. ) ;
#781 = CARTESIAN_POINT ( 'NONE',  ( -5.664100588675678338, -7.287111654107629732, 3.000000000000000000 ) ) ;
#782 = VERTEX_POINT ( 'NONE', #2297 ) ;
#783 = DIRECTION ( 'NONE',  ( -0.5547001962252291474, 0.8320502943378436100, 0.000000000000000000 ) ) ;
#784 = DIRECTION ( 'NONE',  ( 1.000000000000000000, 0.000000000000000000, 0.000000000000000000 ) ) ;
#785 = EDGE_CURVE ( 'NONE', #825, #400, #953, .T. ) ;
#786 = CARTESIAN_POINT ( 'NONE',  ( -1.000000000000000666, -83.78326253712118898, 20.00000000000000000 ) ) ;
#787 = ORIENTED_EDGE ( 'NONE', *, *, #2063, .T. ) ;
#788 = ADVANCED_FACE ( 'NONE', ( #652 ), #1025, .F. ) ;
#789 = CARTESIAN_POINT ( 'NONE',  ( -3.999999999999996447, -31.83351506881532700, 3.000000000000000000 ) ) ;
#790 = ORIENTED_EDGE ( 'NONE', *, *, #1399, .F. ) ;
#791 = CARTESIAN_POINT ( 'NONE',  ( 5.000000000000005329, -98.78326253712117477, 3.000000000000000000 ) ) ;
#792 = EDGE_CURVE ( 'NONE', #1713, #695, #678, .T. ) ;
#793 = LINE ( 'NONE', #1844, #1926 ) ;
#794 = EDGE_LOOP ( 'NONE', ( #717, #872 ) ) ;
#795 = DIRECTION ( 'NONE',  ( -0.000000000000000000, -0.000000000000000000, 1.000000000000000000 ) ) ;
#796 = DIRECTION ( 'NONE',  ( -0.000000000000000000, -0.000000000000000000, 1.000000000000000000 ) ) ;
#797 = FACE_OUTER_BOUND ( 'NONE', #1350, .T. ) ;
#798 = ORIENTED_EDGE ( 'NONE', *, *, #1368, .F. ) ;
#799 = CARTESIAN_POINT ( 'NONE',  ( 5.000000000000005329, 13.21673746287884299, 3.000000000000000000 ) ) ;
#800 = VERTEX_POINT ( 'NONE', #1370 ) ;
#801 = DIRECTION ( 'NONE',  ( -1.000000000000000000, 0.000000000000000000, 0.000000000000000000 ) ) ;
#802 = VECTOR ( 'NONE', #1497, 1000.000000000000000 ) ;
#803 = VECTOR ( 'NONE', #2280, 1000.000000000000000 ) ;
#804 = DIRECTION ( 'NONE',  ( 1.000000000000000000, 0.000000000000000000, 0.000000000000000000 ) ) ;
#805 = ADVANCED_FACE ( 'NONE', ( #2081 ), #292, .T. ) ;
#806 = CIRCLE ( 'NONE', #692, 1.000000000000000666 ) ;
#807 = VECTOR ( 'NONE', #524, 1000.000000000000000 ) ;
#808 = PLANE ( 'NONE',  #1883 ) ;
#809 = AXIS2_PLACEMENT_3D ( 'NONE', #71, #1344, #956 ) ;
#810 = DIRECTION ( 'NONE',  ( 1.000000000000000000, 0.000000000000000000, 0.000000000000000000 ) ) ;
#811 = EDGE_CURVE ( 'NONE', #2174, #1136, #1771, .T. ) ;
#812 = LOCAL_TIME ( 16, 16, 9.000000000000000000, #1640 ) ;
#813 = CARTESIAN_POINT ( 'NONE',  ( -1.141996145258102393E-15, 6.216737462878846543, 3.000000000000000000 ) ) ;
#814 = VERTEX_POINT ( 'NONE', #1237 ) ;
#815 = DIRECTION ( 'NONE',  ( 1.000000000000000000, 0.000000000000000000, 0.000000000000000000 ) ) ;
#816 = ORIENTED_EDGE ( 'NONE', *, *, #1503, .T. ) ;
#817 = DIRECTION ( 'NONE',  ( -0.000000000000000000, -0.000000000000000000, -1.000000000000000000 ) ) ;
#818 = DIRECTION ( 'NONE',  ( 0.000000000000000000, 0.000000000000000000, 1.000000000000000000 ) ) ;
#819 = EDGE_CURVE ( 'NONE', #2174, #752, #992, .T. ) ;
#820 = DIRECTION ( 'NONE',  ( -0.000000000000000000, -0.000000000000000000, -1.000000000000000000 ) ) ;
#821 = LINE ( 'NONE', #466, #1606 ) ;
#822 = ADVANCED_FACE ( 'NONE', ( #1618 ), #1948, .T. ) ;
#823 = ADVANCED_FACE ( 'NONE', ( #332 ), #1587, .F. ) ;
#824 = FACE_OUTER_BOUND ( 'NONE', #1375, .T. ) ;
#825 = VERTEX_POINT ( 'NONE', #1985 ) ;
#826 = LINE ( 'NONE', #2028, #2193 ) ;
#827 = ORIENTED_EDGE ( 'NONE', *, *, #1201, .F. ) ;
#828 =( NAMED_UNIT ( * ) PLANE_ANGLE_UNIT ( ) SI_UNIT ( $, .RADIAN. ) );
#829 = EDGE_LOOP ( 'NONE', ( #920, #1550, #732, #662, #2172, #1466 ) ) ;
#830 = CARTESIAN_POINT ( 'NONE',  ( 0.000000000000000000, -90.78326253712118898, 2.999999999999999112 ) ) ;
#831 = CARTESIAN_POINT ( 'NONE',  ( 1.000000000000000666, -83.78326253712118898, 2.999999999999999112 ) ) ;
#832 = CARTESIAN_POINT ( 'NONE',  ( 0.000000000000000000, -90.78326253712118898, 0.000000000000000000 ) ) ;
#833 = EDGE_CURVE ( 'NONE', #214, #682, #233, .T. ) ;
#834 = EDGE_CURVE ( 'NONE', #1069, #2000, #171, .T. ) ;
#835 = VERTEX_POINT ( 'NONE', #1961 ) ;
#836 = DIRECTION ( 'NONE',  ( 1.000000000000000000, 0.000000000000000000, 0.000000000000000000 ) ) ;
#837 = EDGE_LOOP ( 'NONE', ( #1209, #1642, #932, #574 ) ) ;
#838 = ORIENTED_EDGE ( 'NONE', *, *, #1678, .F. ) ;
#839 = DIRECTION ( 'NONE',  ( -0.000000000000000000, -0.000000000000000000, -1.000000000000000000 ) ) ;
#840 = AXIS2_PLACEMENT_3D ( 'NONE', #301, #1194, #283 ) ;
#841 = CIRCLE ( 'NONE', #2149, 1.550000000000000266 ) ;
#842 = DIRECTION ( 'NONE',  ( -0.000000000000000000, -0.000000000000000000, -1.000000000000000000 ) ) ;
#843 = CYLINDRICAL_SURFACE ( 'NONE', #2275, 1.000000000000000666 ) ;
#844 = AXIS2_PLACEMENT_3D ( 'NONE', #1613, #571, #217 ) ;
#845 = CIRCLE ( 'NONE', #122, 2.000000000000000000 ) ;
#846 = CARTESIAN_POINT ( 'NONE',  ( 3.399747468305818643, -38.83351506881533055, 3.000000000000000000 ) ) ;
#847 = ORIENTED_EDGE ( 'NONE', *, *, #2282, .T. ) ;
#848 = AXIS2_PLACEMENT_3D ( 'NONE', #1517, #2238, #422 ) ;
#849 = EDGE_CURVE ( 'NONE', #1136, #1053, #2230, .T. ) ;
#850 = DIRECTION ( 'NONE',  ( 1.000000000000000000, 0.000000000000000000, 0.000000000000000000 ) ) ;
#851 = EDGE_CURVE ( 'NONE', #2210, #214, #146, .T. ) ;
#852 = MANIFOLD_SOLID_BREP ( 'Ô²½Ç1', #12 ) ;
#853 = ORIENTED_EDGE ( 'NONE', *, *, #1802, .T. ) ;
#854 = ORIENTED_EDGE ( 'NONE', *, *, #253, .T. ) ;
#855 = DIRECTION ( 'NONE',  ( 0.000000000000000000, 0.000000000000000000, 1.000000000000000000 ) ) ;
#856 = CARTESIAN_POINT ( 'NONE',  ( 6.000000000000012434, 0.000000000000000000, 3.000000000000000000 ) ) ;
#857 = DIRECTION ( 'NONE',  ( -0.000000000000000000, -0.000000000000000000, -1.000000000000000000 ) ) ;
#858 = CARTESIAN_POINT ( 'NONE',  ( -5.999999999999995559, -19.38881381258514125, 0.000000000000000000 ) ) ;
#859 = EDGE_CURVE ( 'NONE', #1677, #354, #897, .T. ) ;
#860 = FACE_BOUND ( 'NONE', #794, .T. ) ;
#861 = VERTEX_POINT ( 'NONE', #1632 ) ;
#862 = DIRECTION ( 'NONE',  ( 1.000000000000000000, 0.000000000000000000, 0.000000000000000000 ) ) ;
#863 = ADVANCED_FACE ( 'NONE', ( #2312 ), #26, .F. ) ;
#864 = VERTEX_POINT ( 'NONE', #699 ) ;
#865 = DIRECTION ( 'NONE',  ( -0.5547001962252291474, 0.8320502943378436100, 0.000000000000000000 ) ) ;
#866 = DIRECTION ( 'NONE',  ( 0.000000000000000000, 0.000000000000000000, 1.000000000000000000 ) ) ;
#867 = CARTESIAN_POINT ( 'NONE',  ( 0.000000000000000000, -3.733010005426987910, 3.000000000000000000 ) ) ;
#868 = CARTESIAN_POINT ( 'NONE',  ( -3.999999999999996447, -33.83351506881533055, 3.000000000000000000 ) ) ;
#869 = CYLINDRICAL_SURFACE ( 'NONE', #52, 1.000000000000000222 ) ;
#870 = VERTEX_POINT ( 'NONE', #360 ) ;
#871 = DIRECTION ( 'NONE',  ( 1.000000000000000000, 1.734723475976807094E-15, 0.000000000000000000 ) ) ;
#872 = ORIENTED_EDGE ( 'NONE', *, *, #949, .T. ) ;
#873 = DIRECTION ( 'NONE',  ( -0.000000000000000000, -0.000000000000000000, -1.000000000000000000 ) ) ;
#874 = CARTESIAN_POINT ( 'NONE',  ( -1.199194705175646192, -66.78326253712116056, 0.000000000000000000 ) ) ;
#875 = VECTOR ( 'NONE', #64, 1000.000000000000000 ) ;
#876 = ADVANCED_FACE ( 'NONE', ( #2323 ), #1098, .F. ) ;
#877 = CARTESIAN_POINT ( 'NONE',  ( 0.000000000000000000, -83.78326253712118898, 20.00000000000000000 ) ) ;
#878 = AXIS2_PLACEMENT_3D ( 'NONE', #887, #1445, #1597 ) ;
#879 = CYLINDRICAL_SURFACE ( 'NONE', #1291, 1.550000000000000266 ) ;
#880 = AXIS2_PLACEMENT_3D ( 'NONE', #2239, #605, #1322 ) ;
#881 = FACE_BOUND ( 'NONE', #1725, .T. ) ;
#882 = AXIS2_PLACEMENT_3D ( 'NONE', #1502, #1124, #47 ) ;
#883 = EDGE_LOOP ( 'NONE', ( #2251, #790, #34, #611 ) ) ;
#884 = APPROVAL_ROLE ( '' ) ;
#885 = ORIENTED_EDGE ( 'NONE', *, *, #1514, .T. ) ;
#886 = FACE_BOUND ( 'NONE', #930, .T. ) ;
#887 = CARTESIAN_POINT ( 'NONE',  ( -1.199194705175646192, -64.78326253712116056, 3.000000000000000000 ) ) ;
#888 = CARTESIAN_POINT ( 'NONE',  ( -3.999999999999996447, -19.38881381258514125, 3.000000000000000000 ) ) ;
#889 = ORIENTED_EDGE ( 'NONE', *, *, #1340, .T. ) ;
#890 = EDGE_CURVE ( 'NONE', #289, #563, #1215, .T. ) ;
#891 = LINE ( 'NONE', #130, #803 ) ;
#892 = DIRECTION ( 'NONE',  ( 1.000000000000000000, 0.000000000000000000, 0.000000000000000000 ) ) ;
#893 = ORIENTED_EDGE ( 'NONE', *, *, #347, .F. ) ;
#894 = DIRECTION ( 'NONE',  ( 0.000000000000000000, 0.000000000000000000, 1.000000000000000000 ) ) ;
#895 = EDGE_LOOP ( 'NONE', ( #362, #1499, #2050, #1143 ) ) ;
#896 = CARTESIAN_POINT ( 'NONE',  ( 5.000000000000005329, 13.21673746287884299, 3.000000000000000000 ) ) ;
#897 = LINE ( 'NONE', #1808, #1662 ) ;
#898 = PLANE ( 'NONE',  #1475 ) ;
#899 = ORIENTED_EDGE ( 'NONE', *, *, #572, .F. ) ;
#900 = CYLINDRICAL_SURFACE ( 'NONE', #83, 1.550000000000002709 ) ;
#901 = VECTOR ( 'NONE', #1534, 1000.000000000000000 ) ;
#902 = DIRECTION ( 'NONE',  ( 0.000000000000000000, 0.000000000000000000, 1.000000000000000000 ) ) ;
#903 = ORIENTED_EDGE ( 'NONE', *, *, #1614, .T. ) ;
#904 = VERTEX_POINT ( 'NONE', #735 ) ;
#905 = VERTEX_POINT ( 'NONE', #721 ) ;
#906 = LINE ( 'NONE', #1781, #1371 ) ;
#907 = DIRECTION ( 'NONE',  ( 1.000000000000000000, 0.000000000000000000, 0.000000000000000000 ) ) ;
#908 = CARTESIAN_POINT ( 'NONE',  ( 1.000000000000000222, -73.78326253712118898, 0.000000000000000000 ) ) ;
#909 = VERTEX_POINT ( 'NONE', #1263 ) ;
#910 = CYLINDRICAL_SURFACE ( 'NONE', #591, 1.000000000000000666 ) ;
#911 = AXIS2_PLACEMENT_3D ( 'NONE', #2057, #998, #263 ) ;
#912 = DIRECTION ( 'NONE',  ( -1.000000000000000000, 0.000000000000000000, 0.000000000000000000 ) ) ;
#913 = AXIS2_PLACEMENT_3D ( 'NONE', #2120, #1729, #1939 ) ;
#914 = EDGE_LOOP ( 'NONE', ( #762, #757, #254, #1653 ) ) ;
#915 = VECTOR ( 'NONE', #2310, 1000.000000000000000 ) ;
#916 = AXIS2_PLACEMENT_3D ( 'NONE', #789, #1165, #1539 ) ;
#917 = EDGE_CURVE ( 'NONE', #1780, #2332, #1106, .T. ) ;
#918 = ORIENTED_EDGE ( 'NONE', *, *, #477, .F. ) ;
#919 = AXIS2_PLACEMENT_3D ( 'NONE', #1044, #2080, #330 ) ;
#920 = ORIENTED_EDGE ( 'NONE', *, *, #347, .T. ) ;
#921 = DIRECTION ( 'NONE',  ( 1.000000000000000000, 0.000000000000000000, 0.000000000000000000 ) ) ;
#922 = CIRCLE ( 'NONE', #809, 2.000000000000000000 ) ;
#923 = EDGE_CURVE ( 'NONE', #1259, #224, #1180, .T. ) ;
#924 = DIRECTION ( 'NONE',  ( 1.000000000000000000, -0.000000000000000000, -0.000000000000000000 ) ) ;
#925 = EDGE_CURVE ( 'NONE', #22, #2147, #1512, .T. ) ;
#926 = CARTESIAN_POINT ( 'NONE',  ( 4.000000000000015987, -53.16974410172013421, 3.000000000000000000 ) ) ;
#927 = ORIENTED_EDGE ( 'NONE', *, *, #1471, .T. ) ;
#928 = FACE_OUTER_BOUND ( 'NONE', #2041, .T. ) ;
#929 = CARTESIAN_POINT ( 'NONE',  ( -3.999999999999996447, -31.83351506881532700, 0.000000000000000000 ) ) ;
#930 = EDGE_LOOP ( 'NONE', ( #1616, #1241 ) ) ;
#931 = EDGE_LOOP ( 'NONE', ( #1827, #368, #1583, #1900, #1035, #847, #1878, #542 ) ) ;
#932 = ORIENTED_EDGE ( 'NONE', *, *, #1546, .F. ) ;
#933 = PLANE ( 'NONE',  #125 ) ;
#934 = ADVANCED_FACE ( 'NONE', ( #1286 ), #1408, .F. ) ;
#935 = DIRECTION ( 'NONE',  ( -0.000000000000000000, -0.000000000000000000, -1.000000000000000000 ) ) ;
#936 = EDGE_LOOP ( 'NONE', ( #927, #169, #1096, #1141 ) ) ;
#937 = CARTESIAN_POINT ( 'NONE',  ( -0.000000000000000000, -3.733010005426987910, 0.000000000000000000 ) ) ;
#938 = CARTESIAN_POINT ( 'NONE',  ( 0.000000000000000000, -73.78326253712118898, 20.00000000000000000 ) ) ;
#939 = ORIENTED_EDGE ( 'NONE', *, *, #833, .T. ) ;
#940 = ORIENTED_EDGE ( 'NONE', *, *, #890, .F. ) ;
#941 = ORIENTED_EDGE ( 'NONE', *, *, #1353, .T. ) ;
#942 = CARTESIAN_POINT ( 'NONE',  ( 4.000000000000015987, -5.733010005426987910, 3.000000000000000000 ) ) ;
#943 = LINE ( 'NONE', #1301, #1028 ) ;
#944 = ORIENTED_EDGE ( 'NONE', *, *, #1601, .T. ) ;
#945 = EDGE_CURVE ( 'NONE', #588, #1684, #1959, .T. ) ;
#946 = FACE_OUTER_BOUND ( 'NONE', #2206, .T. ) ;
#947 = DIRECTION ( 'NONE',  ( 1.000000000000000000, 0.000000000000000000, 0.000000000000000000 ) ) ;
#948 = ADVANCED_BREP_SHAPE_REPRESENTATION ( '\X2\591658f356fa5b9a4ef6\X0\_down', ( #852, #1519 ), #242 ) ;
#949 = EDGE_CURVE ( 'NONE', #978, #186, #727, .T. ) ;
#950 = LINE ( 'NONE', #56, #1582 ) ;
#951 = CIRCLE ( 'NONE', #2266, 2.000000000000000000 ) ;
#952 = ORIENTED_EDGE ( 'NONE', *, *, #1399, .T. ) ;
#953 = CIRCLE ( 'NONE', #913, 2.000000000000000000 ) ;
#954 = FACE_OUTER_BOUND ( 'NONE', #1074, .T. ) ;
#955 = VERTEX_POINT ( 'NONE', #868 ) ;
#956 = DIRECTION ( 'NONE',  ( 1.000000000000000000, 0.000000000000000000, 0.000000000000000000 ) ) ;
#957 = AXIS2_PLACEMENT_3D ( 'NONE', #1755, #1221, #1909 ) ;
#958 = VECTOR ( 'NONE', #282, 1000.000000000000000 ) ;
#959 = LINE ( 'NONE', #781, #16 ) ;
#960 = ORIENTED_EDGE ( 'NONE', *, *, #176, .F. ) ;
#961 = CARTESIAN_POINT ( 'NONE',  ( -1.000000000000000222, -73.78326253712118898, 20.00000000000000000 ) ) ;
#962 = CARTESIAN_POINT ( 'NONE',  ( -7.999999999999984901, -66.78326253712116056, 0.000000000000000000 ) ) ;
#963 = EDGE_CURVE ( 'NONE', #1647, #1440, #1239, .T. ) ;
#964 = LINE ( 'NONE', #1348, #1659 ) ;
#965 = ORIENTED_EDGE ( 'NONE', *, *, #2048, .F. ) ;
#966 = CARTESIAN_POINT ( 'NONE',  ( 4.949747468305833564, 11.16648493118467833, 3.000000000000000000 ) ) ;
#967 = VERTEX_POINT ( 'NONE', #2300 ) ;
#968 = FACE_OUTER_BOUND ( 'NONE', #1831, .T. ) ;
#969 = AXIS2_PLACEMENT_3D ( 'NONE', #938, #759, #271 ) ;
#970 = CARTESIAN_POINT ( 'NONE',  ( -6.000000000000001776, -60.58205459488463873, 3.000000000000000000 ) ) ;
#971 = ORIENTED_EDGE ( 'NONE', *, *, #1920, .F. ) ;
#972 = DIRECTION ( 'NONE',  ( 0.000000000000000000, 0.000000000000000000, -1.000000000000000000 ) ) ;
#973 = CARTESIAN_POINT ( 'NONE',  ( 1.550000000000006484, -43.78326253712115346, 3.000000000000000000 ) ) ;
#974 = DIRECTION ( 'NONE',  ( 1.000000000000000000, 0.000000000000000000, 0.000000000000000000 ) ) ;
#975 = ORIENTED_EDGE ( 'NONE', *, *, #2094, .F. ) ;
#976 = CARTESIAN_POINT ( 'NONE',  ( -3.399747468305839959, -48.73301000542699057, 0.000000000000000000 ) ) ;
#977 = EDGE_CURVE ( 'NONE', #2332, #1780, #1472, .T. ) ;
#978 = VERTEX_POINT ( 'NONE', #523 ) ;
#979 = DIRECTION ( 'NONE',  ( 0.000000000000000000, -1.000000000000000000, 0.000000000000000000 ) ) ;
#980 = CARTESIAN_POINT ( 'NONE',  ( -1.000000000000000222, -73.78326253712118898, 0.000000000000000000 ) ) ;
#981 = CARTESIAN_POINT ( 'NONE',  ( 4.949747468305815801, -48.73301000542698347, 3.000000000000000000 ) ) ;
#982 = CARTESIAN_POINT ( 'NONE',  ( 3.399747468305832854, 11.16648493118467833, 3.000000000000000000 ) ) ;
#983 = DIRECTION ( 'NONE',  ( 0.000000000000000000, 0.000000000000000000, 1.000000000000000000 ) ) ;
#984 = VERTEX_POINT ( 'NONE', #846 ) ;
#985 = CARTESIAN_POINT ( 'NONE',  ( -4.000000000000004441, -64.78326253712116056, 3.000000000000000000 ) ) ;
#986 = AXIS2_PLACEMENT_3D ( 'NONE', #429, #443, #1171 ) ;
#987 = ORIENTED_EDGE ( 'NONE', *, *, #746, .F. ) ;
#988 = CYLINDRICAL_SURFACE ( 'NONE', #1591, 1.000000000000000666 ) ;
#989 = ADVANCED_FACE ( 'NONE', ( #1208 ), #691, .F. ) ;
#990 = VECTOR ( 'NONE', #1522, 1000.000000000000000 ) ;
#991 = CC_DESIGN_SECURITY_CLASSIFICATION ( #1521, ( #1706 ) ) ;
#992 = CIRCLE ( 'NONE', #11, 1.550000000000004485 ) ;
#993 = CARTESIAN_POINT ( 'NONE',  ( 6.000000000000015099, -59.37095204395669157, 3.000000000000000000 ) ) ;
#994 = AXIS2_PLACEMENT_3D ( 'NONE', #665, #1379, #2090 ) ;
#995 = AXIS2_PLACEMENT_3D ( 'NONE', #1789, #396, #586 ) ;
#996 = CARTESIAN_POINT ( 'NONE',  ( -5.999999999999992006, -6.177711261657170994, 3.000000000000000000 ) ) ;
#997 = DIRECTION ( 'NONE',  ( 0.000000000000000000, 0.000000000000000000, -1.000000000000000000 ) ) ;
#998 = DIRECTION ( 'NONE',  ( 0.000000000000000000, 0.000000000000000000, 1.000000000000000000 ) ) ;
#999 = ORIENTED_EDGE ( 'NONE', *, *, #321, .F. ) ;
#1000 = CYLINDRICAL_SURFACE ( 'NONE', #155, 1.550000000000000488 ) ;
#1001 = VERTEX_POINT ( 'NONE', #1952 ) ;
#1002 = EDGE_LOOP ( 'NONE', ( #9, #999 ) ) ;
#1003 = EDGE_CURVE ( 'NONE', #1537, #967, #891, .T. ) ;
#1004 = LINE ( 'NONE', #970, #308 ) ;
#1005 = DIRECTION ( 'NONE',  ( 0.000000000000000000, 0.000000000000000000, 1.000000000000000000 ) ) ;
#1006 = DIRECTION ( 'NONE',  ( -0.000000000000000000, -0.000000000000000000, 1.000000000000000000 ) ) ;
#1007 = EDGE_LOOP ( 'NONE', ( #220, #731, #1604, #1359 ) ) ;
#1008 = EDGE_CURVE ( 'NONE', #2086, #22, #1918, .T. ) ;
#1009 = FACE_BOUND ( 'NONE', #1167, .T. ) ;
#1010 = ORIENTED_EDGE ( 'NONE', *, *, #1676, .F. ) ;
#1011 = AXIS2_PLACEMENT_3D ( 'NONE', #1338, #2242, #107 ) ;
#1012 = EDGE_LOOP ( 'NONE', ( #2012, #119 ) ) ;
#1013 = DIRECTION ( 'NONE',  ( 1.000000000000000000, 0.000000000000000000, 0.000000000000000000 ) ) ;
#1014 = FACE_OUTER_BOUND ( 'NONE', #1283, .T. ) ;
#1015 = LINE ( 'NONE', #2298, #1048 ) ;
#1016 = EDGE_CURVE ( 'NONE', #568, #2330, #2114, .T. ) ;
#1017 = DIRECTION ( 'NONE',  ( -1.000000000000000000, 0.000000000000000000, 0.000000000000000000 ) ) ;
#1018 = EDGE_LOOP ( 'NONE', ( #1366, #1643, #1876, #2249 ) ) ;
#1019 = CARTESIAN_POINT ( 'NONE',  ( -4.949747468305844222, -38.83351506881533055, 0.000000000000000000 ) ) ;
#1020 = ORIENTED_EDGE ( 'NONE', *, *, #1944, .T. ) ;
#1021 = FACE_OUTER_BOUND ( 'NONE', #450, .T. ) ;
#1022 = VERTEX_POINT ( 'NONE', #1230 ) ;
#1023 = DIRECTION ( 'NONE',  ( -0.000000000000000000, -0.000000000000000000, -1.000000000000000000 ) ) ;
#1024 = AXIS2_PLACEMENT_3D ( 'NONE', #1251, #680, #1570 ) ;
#1025 = PLANE ( 'NONE',  #1585 ) ;
#1026 = ADVANCED_FACE ( 'NONE', ( #669 ), #1600, .F. ) ;
#1027 = DIRECTION ( 'NONE',  ( -1.274265344560578144E-16, -1.000000000000000000, 0.000000000000000000 ) ) ;
#1028 = VECTOR ( 'NONE', #1785, 1000.000000000000000 ) ;
#1029 = CC_DESIGN_PERSON_AND_ORGANIZATION_ASSIGNMENT ( #2144, #1415, ( #1706 ) ) ;
#1030 = FACE_OUTER_BOUND ( 'NONE', #493, .T. ) ;
#1031 = AXIS2_PLACEMENT_3D ( 'NONE', #896, #384, #745 ) ;
#1032 = CARTESIAN_POINT ( 'NONE',  ( 0.000000000000000000, -66.78326253712116056, 3.000000000000000000 ) ) ;
#1033 = ORIENTED_EDGE ( 'NONE', *, *, #785, .F. ) ;
#1034 = DIRECTION ( 'NONE',  ( -0.000000000000000000, -0.000000000000000000, -1.000000000000000000 ) ) ;
#1035 = ORIENTED_EDGE ( 'NONE', *, *, #2032, .T. ) ;
#1036 = CARTESIAN_POINT ( 'NONE',  ( 1.199194705175641751, -55.16974410172014132, 3.000000000000000000 ) ) ;
#1037 = DIRECTION ( 'NONE',  ( 1.000000000000000000, 0.000000000000000000, 0.000000000000000000 ) ) ;
#1038 = DIRECTION ( 'NONE',  ( -0.000000000000000000, -0.000000000000000000, -1.000000000000000000 ) ) ;
#1039 = FACE_OUTER_BOUND ( 'NONE', #1680, .T. ) ;
#1040 = FACE_BOUND ( 'NONE', #763, .T. ) ;
#1041 = ORIENTED_EDGE ( 'NONE', *, *, #1782, .T. ) ;
#1042 = CARTESIAN_POINT ( 'NONE',  ( 2.335899411324338093, -60.48035243640715919, 0.000000000000000000 ) ) ;
#1043 = VERTEX_POINT ( 'NONE', #1423 ) ;
#1044 = CARTESIAN_POINT ( 'NONE',  ( 6.000000000000023093, -7.645592067363497953E-16, 3.000000000000000000 ) ) ;
#1045 = DIRECTION ( 'NONE',  ( -1.000000000000000000, 0.000000000000000000, 0.000000000000000000 ) ) ;
#1046 = EDGE_CURVE ( 'NONE', #870, #1529, #304, .T. ) ;
#1047 = DIRECTION ( 'NONE',  ( 0.000000000000000000, 0.000000000000000000, -1.000000000000000000 ) ) ;
#1048 = VECTOR ( 'NONE', #1027, 1000.000000000000000 ) ;
#1049 = DIRECTION ( 'NONE',  ( 0.000000000000000000, 0.000000000000000000, 1.000000000000000000 ) ) ;
#1050 = CARTESIAN_POINT ( 'NONE',  ( 4.949747468305833564, 11.16648493118467833, 3.000000000000000000 ) ) ;
#1051 = ORIENTED_EDGE ( 'NONE', *, *, #1307, .F. ) ;
#1052 = COORDINATED_UNIVERSAL_TIME_OFFSET ( 8, 0, .AHEAD. ) ;
#1053 = VERTEX_POINT ( 'NONE', #2132 ) ;
#1054 = ADVANCED_FACE ( 'NONE', ( #1030 ), #1966, .F. ) ;
#1055 = CARTESIAN_POINT ( 'NONE',  ( 8.000000000000015987, -66.78326253712116056, 3.000000000000000000 ) ) ;
#1056 = DIRECTION ( 'NONE',  ( 1.000000000000000000, 0.000000000000000000, 0.000000000000000000 ) ) ;
#1057 = VECTOR ( 'NONE', #29, 1000.000000000000000 ) ;
#1058 = DIRECTION ( 'NONE',  ( -0.000000000000000000, -0.000000000000000000, -1.000000000000000000 ) ) ;
#1059 = ORIENTED_EDGE ( 'NONE', *, *, #428, .T. ) ;
#1060 = CIRCLE ( 'NONE', #1850, 1.550000000000004485 ) ;
#1062 = AXIS2_PLACEMENT_3D ( 'NONE', #2084, #151, #850 ) ;
#1061 = DIRECTION ( 'NONE',  ( 0.000000000000000000, 0.000000000000000000, 1.000000000000000000 ) ) ;
#1063 = CIRCLE ( 'NONE', #1741, 2.000000000000000000 ) ;
#1064 = VECTOR ( 'NONE', #1450, 1000.000000000000000 ) ;
#1065 = CARTESIAN_POINT ( 'NONE',  ( 6.000000000000015099, -59.37095204395669157, 3.000000000000000000 ) ) ;
#1066 = CIRCLE ( 'NONE', #202, 2.000000000000000000 ) ;
#1067 = VERTEX_POINT ( 'NONE', #317 ) ;
#1068 = APPLICATION_PROTOCOL_DEFINITION ( 'international standard', 'config_control_design', 1994, #314 ) ;
#1069 = VERTEX_POINT ( 'NONE', #858 ) ;
#1070 = DIRECTION ( 'NONE',  ( 1.000000000000000000, 0.000000000000000000, 0.000000000000000000 ) ) ;
#1071 = CC_DESIGN_DATE_AND_TIME_ASSIGNMENT ( #1779, #1955, ( #1521 ) ) ;
#1072 = DIRECTION ( 'NONE',  ( 0.000000000000000000, 0.000000000000000000, -1.000000000000000000 ) ) ;
#1073 = DIRECTION ( 'NONE',  ( 1.000000000000000000, 5.687147073731982675E-16, -0.000000000000000000 ) ) ;
#1074 = EDGE_LOOP ( 'NONE', ( #1308, #2333, #1294, #1086 ) ) ;
#1075 = ADVANCED_FACE ( 'NONE', ( #1039 ), #1745, .T. ) ;
#1076 = FACE_OUTER_BOUND ( 'NONE', #737, .T. ) ;
#1077 = CARTESIAN_POINT ( 'NONE',  ( -6.499747468305833387, 11.16648493118467833, 0.000000000000000000 ) ) ;
#1078 = ADVANCED_FACE ( 'NONE', ( #149 ), #879, .F. ) ;
#1079 = VERTEX_POINT ( 'NONE', #216 ) ;
#1080 = COORDINATED_UNIVERSAL_TIME_OFFSET ( 8, 0, .AHEAD. ) ;
#1081 = VERTEX_POINT ( 'NONE', #597 ) ;
#1082 = EDGE_LOOP ( 'NONE', ( #1211, #1690 ) ) ;
#1083 = CARTESIAN_POINT ( 'NONE',  ( 2.335899411324330099, -19.28711165410764039, 0.000000000000000000 ) ) ;
#1084 = DIRECTION ( 'NONE',  ( 0.000000000000000000, 0.000000000000000000, 1.000000000000000000 ) ) ;
#1085 = DIRECTION ( 'NONE',  ( -1.000000000000000000, 0.000000000000000000, 0.000000000000000000 ) ) ;
#1086 = ORIENTED_EDGE ( 'NONE', *, *, #1778, .F. ) ;
#1087 = CARTESIAN_POINT ( 'NONE',  ( 14.10905387102304154, -98.78326253712117477, 10.00000000000000000 ) ) ;
#1088 = DIRECTION ( 'NONE',  ( -0.000000000000000000, -0.000000000000000000, 1.000000000000000000 ) ) ;
#1089 = EDGE_CURVE ( 'NONE', #2147, #2042, #2196, .T. ) ;
#1090 = EDGE_CURVE ( 'NONE', #1081, #553, #2303, .T. ) ;
#1091 = CARTESIAN_POINT ( 'NONE',  ( -7.999999999999984901, -66.78326253712116056, 0.000000000000000000 ) ) ;
#1092 = ORIENTED_EDGE ( 'NONE', *, *, #1787, .F. ) ;
#1093 = EDGE_CURVE ( 'NONE', #2000, #1867, #1551, .T. ) ;
#1094 = EDGE_CURVE ( 'NONE', #752, #2174, #1060, .T. ) ;
#1095 = ORIENTED_EDGE ( 'NONE', *, *, #1945, .F. ) ;
#1096 = ORIENTED_EDGE ( 'NONE', *, *, #2006, .F. ) ;
#1097 = FACE_BOUND ( 'NONE', #1012, .T. ) ;
#1098 = CYLINDRICAL_SURFACE ( 'NONE', #196, 1.550000000000000266 ) ;
#1099 = PLANE ( 'NONE',  #1258 ) ;
#1100 = VERTEX_POINT ( 'NONE', #1978 ) ;
#1101 = EDGE_CURVE ( 'NONE', #1710, #1067, #1365, .T. ) ;
#1102 = LINE ( 'NONE', #937, #1057 ) ;
#1103 = DIRECTION ( 'NONE',  ( -1.000000000000000000, 0.000000000000000000, 0.000000000000000000 ) ) ;
#1104 = VECTOR ( 'NONE', #447, 1000.000000000000000 ) ;
#1105 = DIRECTION ( 'NONE',  ( 1.000000000000000000, 0.000000000000000000, 0.000000000000000000 ) ) ;
#1106 = CIRCLE ( 'NONE', #86, 1.550000000000002709 ) ;
#1107 = ORIENTED_EDGE ( 'NONE', *, *, #1243, .F. ) ;
#1108 = DATE_AND_TIME ( #2135, #1818 ) ;
#1109 = CIRCLE ( 'NONE', #1398, 1.550000000000002709 ) ;
#1110 = CIRCLE ( 'NONE', #1062, 1.550000000000000266 ) ;
#1111 = ORIENTED_EDGE ( 'NONE', *, *, #5, .T. ) ;
#1112 = APPROVAL_PERSON_ORGANIZATION ( #716, #475, #1943 ) ;
#1113 = VERTEX_POINT ( 'NONE', #1636 ) ;
#1114 = CARTESIAN_POINT ( 'NONE',  ( -5.999999999999962697, 3.822796033681711308E-15, 3.000000000000000000 ) ) ;
#1115 = APPROVAL_PERSON_ORGANIZATION ( #1594, #1833, #884 ) ;
#1116 = EDGE_CURVE ( 'NONE', #177, #288, #841, .T. ) ;
#1117 = CARTESIAN_POINT ( 'NONE',  ( 4.000000000000015987, -53.16974410172013421, 3.000000000000000000 ) ) ;
#1118 = ORIENTED_EDGE ( 'NONE', *, *, #1152, .F. ) ;
#1119 = DIRECTION ( 'NONE',  ( 0.000000000000000000, 0.000000000000000000, 1.000000000000000000 ) ) ;
#1120 = CARTESIAN_POINT ( 'NONE',  ( 6.499747468305823617, -38.83351506881533055, 3.000000000000000000 ) ) ;
#1121 = EDGE_LOOP ( 'NONE', ( #715, #2066, #104, #674 ) ) ;
#1122 = ORIENTED_EDGE ( 'NONE', *, *, #1456, .T. ) ;
#1123 = ORIENTED_EDGE ( 'NONE', *, *, #1196, .F. ) ;
#1124 = DIRECTION ( 'NONE',  ( -0.000000000000000000, -0.000000000000000000, -1.000000000000000000 ) ) ;
#1125 = ADVANCED_FACE ( 'NONE', ( #1076 ), #910, .F. ) ;
#1126 = CARTESIAN_POINT ( 'NONE',  ( -7.999999999999992895, 13.21673746287884121, 3.000000000000000000 ) ) ;
#1127 = VERTEX_POINT ( 'NONE', #1304 ) ;
#1128 = CARTESIAN_POINT ( 'NONE',  ( -3.399747468305832410, 1.266989994573012313, 0.000000000000000000 ) ) ;
#1129 = CARTESIAN_POINT ( 'NONE',  ( 0.000000000000000000, -90.78326253712118898, 20.00000000000000000 ) ) ;
#1130 = CARTESIAN_POINT ( 'NONE',  ( 6.000000000000014211, -18.17771126165717632, 0.000000000000000000 ) ) ;
#1131 = ORIENTED_EDGE ( 'NONE', *, *, #2103, .F. ) ;
#1132 = ORIENTED_EDGE ( 'NONE', *, *, #664, .F. ) ;
#1133 = ORIENTED_EDGE ( 'NONE', *, *, #570, .T. ) ;
#1134 = DIRECTION ( 'NONE',  ( 0.000000000000000000, -1.000000000000000000, 0.000000000000000000 ) ) ;
#1135 = CYLINDRICAL_SURFACE ( 'NONE', #880, 1.550000000000000266 ) ;
#1136 = VERTEX_POINT ( 'NONE', #1799 ) ;
#1137 = VECTOR ( 'NONE', #1761, 1000.000000000000000 ) ;
#1138 = DIRECTION ( 'NONE',  ( 1.000000000000000000, 0.000000000000000000, 0.000000000000000000 ) ) ;
#1139 = CARTESIAN_POINT ( 'NONE',  ( 4.949747468305833564, 1.266989994573014755, 3.000000000000000000 ) ) ;
#1140 = DIRECTION ( 'NONE',  ( 1.000000000000000000, 0.000000000000000000, 0.000000000000000000 ) ) ;
#1141 = ORIENTED_EDGE ( 'NONE', *, *, #1243, .T. ) ;
#1142 = VECTOR ( 'NONE', #407, 1000.000000000000000 ) ;
#1143 = ORIENTED_EDGE ( 'NONE', *, *, #2199, .F. ) ;
#1144 = ORIENTED_EDGE ( 'NONE', *, *, #1229, .F. ) ;
#1145 = DIRECTION ( 'NONE',  ( -0.000000000000000000, -0.000000000000000000, 1.000000000000000000 ) ) ;
#1146 = CIRCLE ( 'NONE', #427, 1.550000000000007150 ) ;
#1147 = AXIS2_PLACEMENT_3D ( 'NONE', #698, #1236, #1386 ) ;
#1148 = DIRECTION ( 'NONE',  ( 0.000000000000000000, 0.000000000000000000, 1.000000000000000000 ) ) ;
#1149 = EDGE_LOOP ( 'NONE', ( #728, #1249, #508, #2169 ) ) ;
#1150 = CARTESIAN_POINT ( 'NONE',  ( 6.000000000000015987, -5.733010005426987910, 0.000000000000000000 ) ) ;
#1151 = DIRECTION ( 'NONE',  ( 0.000000000000000000, 0.000000000000000000, 1.000000000000000000 ) ) ;
#1152 = EDGE_CURVE ( 'NONE', #2226, #1710, #30, .T. ) ;
#1153 = DIRECTION ( 'NONE',  ( 0.000000000000000000, 0.000000000000000000, 1.000000000000000000 ) ) ;
#1154 = VERTEX_POINT ( 'NONE', #773 ) ;
#1155 = CARTESIAN_POINT ( 'NONE',  ( -7.999999999999984901, -66.78326253712116056, 3.000000000000000000 ) ) ;
#1156 = ORIENTED_EDGE ( 'NONE', *, *, #2282, .F. ) ;
#1157 = FACE_OUTER_BOUND ( 'NONE', #628, .T. ) ;
#1158 = CARTESIAN_POINT ( 'NONE',  ( 6.000000000000012434, 0.000000000000000000, 0.000000000000000000 ) ) ;
#1159 = ORIENTED_EDGE ( 'NONE', *, *, #1262, .T. ) ;
#1160 = PLANE ( 'NONE',  #6 ) ;
#1161 = LINE ( 'NONE', #1358, #1316 ) ;
#1162 = FACE_OUTER_BOUND ( 'NONE', #2022, .T. ) ;
#1163 = ADVANCED_FACE ( 'NONE', ( #1278 ), #585, .F. ) ;
#1164 = EDGE_LOOP ( 'NONE', ( #2096, #411, #1123, #1107 ) ) ;
#1165 = DIRECTION ( 'NONE',  ( 0.000000000000000000, 0.000000000000000000, -1.000000000000000000 ) ) ;
#1166 = AXIS2_PLACEMENT_3D ( 'NONE', #1207, #302, #1744 ) ;
#1167 = EDGE_LOOP ( 'NONE', ( #257, #419 ) ) ;
#1168 = EDGE_CURVE ( 'NONE', #224, #2221, #394, .T. ) ;
#1169 = FACE_OUTER_BOUND ( 'NONE', #1739, .T. ) ;
#1170 = CARTESIAN_POINT ( 'NONE',  ( -3.999999999999996447, -19.38881381258514125, 0.000000000000000000 ) ) ;
#1171 = DIRECTION ( 'NONE',  ( -1.000000000000000000, 0.000000000000000000, 0.000000000000000000 ) ) ;
#1172 = CARTESIAN_POINT ( 'NONE',  ( -1.000000000000000666, -90.78326253712118898, 0.000000000000000000 ) ) ;
#1173 = CARTESIAN_POINT ( 'NONE',  ( -10.05381347867129804, -6.702542319114200176, 3.000000000000000000 ) ) ;
#1174 = ORIENTED_EDGE ( 'NONE', *, *, #463, .F. ) ;
#1175 = EDGE_CURVE ( 'NONE', #606, #1100, #552, .T. ) ;
#1176 = CYLINDRICAL_SURFACE ( 'NONE', #916, 2.000000000000000000 ) ;
#1177 = AXIS2_PLACEMENT_3D ( 'NONE', #1495, #758, #2228 ) ;
#1178 = ORIENTED_EDGE ( 'NONE', *, *, #1231, .F. ) ;
#1179 = CARTESIAN_POINT ( 'NONE',  ( 3.399747468305833298, 1.266989994573014755, 3.000000000000000000 ) ) ;
#1180 = CIRCLE ( 'NONE', #1736, 1.550000000000000266 ) ;
#1181 = FACE_OUTER_BOUND ( 'NONE', #46, .T. ) ;
#1182 = AXIS2_PLACEMENT_3D ( 'NONE', #2168, #1646, #1620 ) ;
#1183 = CIRCLE ( 'NONE', #1476, 1.550000000000000488 ) ;
#1184 = DIRECTION ( 'NONE',  ( -1.000000000000000000, 0.000000000000000000, 0.000000000000000000 ) ) ;
#1185 = VECTOR ( 'NONE', #432, 1000.000000000000000 ) ;
#1186 = CIRCLE ( 'NONE', #1894, 1.000000000000000666 ) ;
#1187 = LINE ( 'NONE', #1347, #1185 ) ;
#1188 = ORIENTED_EDGE ( 'NONE', *, *, #544, .T. ) ;
#1189 = ORIENTED_EDGE ( 'NONE', *, *, #281, .F. ) ;
#1190 = EDGE_LOOP ( 'NONE', ( #753, #2185, #533, #2273 ) ) ;
#1191 = CARTESIAN_POINT ( 'NONE',  ( 6.000000000000012434, -31.83351506881532700, 0.000000000000000000 ) ) ;
#1192 = EDGE_CURVE ( 'NONE', #1453, #2259, #2158, .T. ) ;
#1193 = DIRECTION ( 'NONE',  ( -0.000000000000000000, -0.000000000000000000, -1.000000000000000000 ) ) ;
#1194 = DIRECTION ( 'NONE',  ( 0.000000000000000000, 0.000000000000000000, -1.000000000000000000 ) ) ;
#1195 = DIRECTION ( 'NONE',  ( 1.000000000000000000, 0.000000000000000000, 0.000000000000000000 ) ) ;
#1196 = EDGE_CURVE ( 'NONE', #1127, #77, #703, .T. ) ;
#1197 = ORIENTED_EDGE ( 'NONE', *, *, #1825, .T. ) ;
#1198 = FACE_BOUND ( 'NONE', #2140, .T. ) ;
#1199 = EDGE_LOOP ( 'NONE', ( #1454, #1886, #1954, #1331 ) ) ;
#1200 = CARTESIAN_POINT ( 'NONE',  ( -5.999999999999992006, -6.177711261657170994, 0.000000000000000000 ) ) ;
#1201 = EDGE_CURVE ( 'NONE', #2330, #1688, #1, .T. ) ;
#1202 = AXIS2_PLACEMENT_3D ( 'NONE', #832, #2036, #1874 ) ;
#1203 = ORIENTED_EDGE ( 'NONE', *, *, #1892, .F. ) ;
#1204 = CARTESIAN_POINT ( 'NONE',  ( 5.000000000000005329, 13.21673746287884299, 0.000000000000000000 ) ) ;
#1205 = EDGE_CURVE ( 'NONE', #1792, #1664, #65, .T. ) ;
#1206 = CYLINDRICAL_SURFACE ( 'NONE', #840, 2.000000000000000000 ) ;
#1207 = CARTESIAN_POINT ( 'NONE',  ( -3.999999999999992450, -6.177711261657170994, 0.000000000000000000 ) ) ;
#1208 = FACE_OUTER_BOUND ( 'NONE', #1767, .T. ) ;
#1209 = ORIENTED_EDGE ( 'NONE', *, *, #1538, .T. ) ;
#1210 = LINE ( 'NONE', #1571, #389 ) ;
#1211 = ORIENTED_EDGE ( 'NONE', *, *, #1944, .F. ) ;
#1212 = CARTESIAN_POINT ( 'NONE',  ( -4.000000000000004441, -66.78326253712116056, 0.000000000000000000 ) ) ;
#1213 = ORIENTED_EDGE ( 'NONE', *, *, #792, .F. ) ;
#1214 = CARTESIAN_POINT ( 'NONE',  ( -5.664100588675678338, -7.287111654107629732, 3.000000000000000000 ) ) ;
#1215 = CIRCLE ( 'NONE', #2190, 1.550000000000000488 ) ;
#1216 = DIRECTION ( 'NONE',  ( 0.000000000000000000, -1.000000000000000000, 0.000000000000000000 ) ) ;
#1217 = CARTESIAN_POINT ( 'NONE',  ( -29.06607845511722843, -19.37738563674482251, 3.000000000000000000 ) ) ;
#1218 = VECTOR ( 'NONE', #1023, 1000.000000000000000 ) ;
#1219 = AXIS2_PLACEMENT_3D ( 'NONE', #942, #1655, #765 ) ;
#1220 = AXIS2_PLACEMENT_3D ( 'NONE', #1272, #1984, #921 ) ;
#1221 = DIRECTION ( 'NONE',  ( -0.000000000000000000, -0.000000000000000000, -1.000000000000000000 ) ) ;
#1222 = ORIENTED_EDGE ( 'NONE', *, *, #328, .T. ) ;
#1223 = DIRECTION ( 'NONE',  ( -1.000000000000000000, 0.000000000000000000, 0.000000000000000000 ) ) ;
#1224 = ADVANCED_FACE ( 'NONE', ( #1290 ), #2003, .F. ) ;
#1225 = VERTEX_POINT ( 'NONE', #1695 ) ;
#1226 = CARTESIAN_POINT ( 'NONE',  ( -29.06607845511722843, -19.37738563674482251, 0.000000000000000000 ) ) ;
#1227 = CARTESIAN_POINT ( 'NONE',  ( -3.399747468305841736, -38.83351506881533055, 3.000000000000000000 ) ) ;
#1228 = CARTESIAN_POINT ( 'NONE',  ( 0.000000000000000000, -73.78326253712118898, 2.999999999999999112 ) ) ;
#1229 = EDGE_CURVE ( 'NONE', #984, #1758, #2284, .T. ) ;
#1230 = CARTESIAN_POINT ( 'NONE',  ( 6.000000000000012434, -31.38881381258515191, 0.000000000000000000 ) ) ;
#1231 = EDGE_CURVE ( 'NONE', #2154, #355, #240, .T. ) ;
#1232 = CARTESIAN_POINT ( 'NONE',  ( -6.499747468305847597, -38.83351506881533055, 3.000000000000000000 ) ) ;
#1233 = EDGE_CURVE ( 'NONE', #35, #744, #1899, .T. ) ;
#1234 = ADVANCED_FACE ( 'NONE', ( #1674 ), #2219, .F. ) ;
#1235 = ORIENTED_EDGE ( 'NONE', *, *, #1456, .F. ) ;
#1236 = DIRECTION ( 'NONE',  ( 0.000000000000000000, 0.000000000000000000, 1.000000000000000000 ) ) ;
#1237 = CARTESIAN_POINT ( 'NONE',  ( -1.550000000000000933, 6.216737462878846543, 0.000000000000000000 ) ) ;
#1238 = DIRECTION ( 'NONE',  ( 0.000000000000000000, 0.000000000000000000, 1.000000000000000000 ) ) ;
#1239 = LINE ( 'NONE', #165, #152 ) ;
#1240 = LINE ( 'NONE', #1374, #198 ) ;
#1241 = ORIENTED_EDGE ( 'NONE', *, *, #1116, .F. ) ;
#1242 = PERSON_AND_ORGANIZATION ( #1254, #1816 ) ;
#1243 = EDGE_CURVE ( 'NONE', #776, #1127, #1161, .T. ) ;
#1244 = ORIENTED_EDGE ( 'NONE', *, *, #2261, .T. ) ;
#1245 = FACE_BOUND ( 'NONE', #1002, .T. ) ;
#1246 = CARTESIAN_POINT ( 'NONE',  ( -4.999999999999992895, 13.21673746287884121, 3.000000000000000000 ) ) ;
#1247 = CIRCLE ( 'NONE', #150, 2.000000000000000000 ) ;
#1248 = CARTESIAN_POINT ( 'NONE',  ( 4.949747468305833564, 1.266989994573014755, 3.000000000000000000 ) ) ;
#1249 = ORIENTED_EDGE ( 'NONE', *, *, #1860, .F. ) ;
#1250 = VECTOR ( 'NONE', #2123, 1000.000000000000000 ) ;
#1252 = CIRCLE ( 'NONE', #1552, 1.550000000000000266 ) ;
#1251 = CARTESIAN_POINT ( 'NONE',  ( 1.199194705175641751, -55.16974410172014132, 3.000000000000000000 ) ) ;
#1253 = VECTOR ( 'NONE', #2044, 1000.000000000000000 ) ;
#1254 = PERSON ( 'æœª', 'æœª', 'æœª', ('æœª'), ('æœª'), ('æœª') ) ;
#1255 = CARTESIAN_POINT ( 'NONE',  ( -0.000000000000000000, -53.16974410172013421, 0.000000000000000000 ) ) ;
#1256 = CIRCLE ( 'NONE', #583, 1.550000000000007150 ) ;
#1257 = ORIENTED_EDGE ( 'NONE', *, *, #1866, .F. ) ;
#1258 = AXIS2_PLACEMENT_3D ( 'NONE', #756, #172, #1465 ) ;
#1259 = VERTEX_POINT ( 'NONE', #982 ) ;
#1260 = ORIENTED_EDGE ( 'NONE', *, *, #595, .T. ) ;
#1261 = DIRECTION ( 'NONE',  ( 1.000000000000000000, 0.000000000000000000, 0.000000000000000000 ) ) ;
#1262 = EDGE_CURVE ( 'NONE', #2233, #2223, #1498, .T. ) ;
#1263 = CARTESIAN_POINT ( 'NONE',  ( 3.399747468305832854, 11.16648493118467833, 0.000000000000000000 ) ) ;
#1264 = EDGE_CURVE ( 'NONE', #1319, #528, #294, .T. ) ;
#1265 = CARTESIAN_POINT ( 'NONE',  ( 6.000000000000015987, -5.733010005426987910, 3.000000000000000000 ) ) ;
#1266 = ORIENTED_EDGE ( 'NONE', *, *, #1860, .T. ) ;
#1267 = DIRECTION ( 'NONE',  ( 1.000000000000000000, 0.000000000000000000, 0.000000000000000000 ) ) ;
#1268 = CARTESIAN_POINT ( 'NONE',  ( 4.000000000000015987, -55.16974410172014132, 3.000000000000000000 ) ) ;
#1269 = ORIENTED_EDGE ( 'NONE', *, *, #684, .F. ) ;
#1270 = ORIENTED_EDGE ( 'NONE', *, *, #2314, .F. ) ;
#1271 = ORIENTED_EDGE ( 'NONE', *, *, #859, .F. ) ;
#1272 = CARTESIAN_POINT ( 'NONE',  ( 4.000000000000012434, -31.38881381258515191, 0.000000000000000000 ) ) ;
#1273 = EDGE_CURVE ( 'NONE', #568, #1867, #821, .T. ) ;
#1274 = CARTESIAN_POINT ( 'NONE',  ( 1.862955085389238467E-15, -43.78326253712115346, 0.000000000000000000 ) ) ;
#1275 = CARTESIAN_POINT ( 'NONE',  ( -2.335899411324320774, -59.47265420243416401, 3.000000000000000000 ) ) ;
#1276 = EDGE_LOOP ( 'NONE', ( #576, #73, #1329, #853 ) ) ;
#1277 = EDGE_CURVE ( 'NONE', #278, #1677, #445, .T. ) ;
#1278 = FACE_OUTER_BOUND ( 'NONE', #182, .T. ) ;
#1279 = LINE ( 'NONE', #2038, #579 ) ;
#1280 = EDGE_LOOP ( 'NONE', ( #1323, #1946 ) ) ;
#1281 = DATE_AND_TIME ( #1766, #2121 ) ;
#1282 = EDGE_CURVE ( 'NONE', #288, #177, #2217, .T. ) ;
#1283 = EDGE_LOOP ( 'NONE', ( #1639, #754, #1349, #449 ) ) ;
#1284 = ORIENTED_EDGE ( 'NONE', *, *, #456, .T. ) ;
#1285 = FACE_BOUND ( 'NONE', #594, .T. ) ;
#1286 = FACE_OUTER_BOUND ( 'NONE', #1018, .T. ) ;
#1287 = DIRECTION ( 'NONE',  ( 1.000000000000000000, 0.000000000000000000, 0.000000000000000000 ) ) ;
#1288 = ORIENTED_EDGE ( 'NONE', *, *, #849, .T. ) ;
#1289 = AXIS2_PLACEMENT_3D ( 'NONE', #2046, #1324, #1837 ) ;
#1290 = FACE_OUTER_BOUND ( 'NONE', #312, .T. ) ;
#1291 = AXIS2_PLACEMENT_3D ( 'NONE', #1460, #724, #548 ) ;
#1292 = CARTESIAN_POINT ( 'NONE',  ( -6.499747468305832498, 1.266989994573012090, 3.000000000000000000 ) ) ;
#1293 = AXIS2_PLACEMENT_3D ( 'NONE', #1401, #1061, #1382 ) ;
#1294 = ORIENTED_EDGE ( 'NONE', *, *, #1093, .F. ) ;
#1295 = AXIS2_PLACEMENT_3D ( 'NONE', #1204, #2118, #511 ) ;
#1296 = ORIENTED_EDGE ( 'NONE', *, *, #2094, .T. ) ;
#1297 = VECTOR ( 'NONE', #565, 1000.000000000000000 ) ;
#1298 = VERTEX_POINT ( 'NONE', #417 ) ;
#1299 = FACE_BOUND ( 'NONE', #1731, .T. ) ;
#1300 = EDGE_CURVE ( 'NONE', #645, #1154, #2264, .T. ) ;
#1301 = CARTESIAN_POINT ( 'NONE',  ( -7.999999999999992895, 13.21673746287884121, 0.000000000000000000 ) ) ;
#1302 = ORIENTED_EDGE ( 'NONE', *, *, #949, .F. ) ;
#1303 = CARTESIAN_POINT ( 'NONE',  ( 4.949747468305815801, -48.73301000542698347, 0.000000000000000000 ) ) ;
#1304 = CARTESIAN_POINT ( 'NONE',  ( 6.000000000000015987, -55.16974410172014132, 0.000000000000000000 ) ) ;
#1305 = CARTESIAN_POINT ( 'NONE',  ( 6.499747468305822728, -48.73301000542698347, 3.000000000000000000 ) ) ;
#1306 = ORIENTED_EDGE ( 'NONE', *, *, #187, .T. ) ;
#1307 = EDGE_CURVE ( 'NONE', #1069, #2281, #454, .T. ) ;
#1308 = ORIENTED_EDGE ( 'NONE', *, *, #527, .F. ) ;
#1309 = ORIENTED_EDGE ( 'NONE', *, *, #1693, .F. ) ;
#1310 = FACE_OUTER_BOUND ( 'NONE', #1801, .T. ) ;
#1311 = CARTESIAN_POINT ( 'NONE',  ( -5.999999999999996447, -31.83351506881532700, 3.000000000000000000 ) ) ;
#1312 = ORIENTED_EDGE ( 'NONE', *, *, #2270, .T. ) ;
#1313 = CYLINDRICAL_SURFACE ( 'NONE', #986, 2.999999999999998668 ) ;
#1314 = DIRECTION ( 'NONE',  ( -0.000000000000000000, -0.000000000000000000, -1.000000000000000000 ) ) ;
#1315 = CYLINDRICAL_SURFACE ( 'NONE', #48, 1.550000000000004485 ) ;
#1316 = VECTOR ( 'NONE', #997, 1000.000000000000000 ) ;
#1317 = ORIENTED_EDGE ( 'NONE', *, *, #1093, .T. ) ;
#1318 = EDGE_LOOP ( 'NONE', ( #2117, #827, #2018, #68 ) ) ;
#1319 = VERTEX_POINT ( 'NONE', #1172 ) ;
#1320 = CARTESIAN_POINT ( 'NONE',  ( -1.199194705175646192, -66.78326253712116056, 3.000000000000000000 ) ) ;
#1321 = EDGE_CURVE ( 'NONE', #2281, #1001, #632, .T. ) ;
#1322 = DIRECTION ( 'NONE',  ( -1.000000000000000000, 0.000000000000000000, 0.000000000000000000 ) ) ;
#1323 = ORIENTED_EDGE ( 'NONE', *, *, #819, .F. ) ;
#1324 = DIRECTION ( 'NONE',  ( 0.000000000000000000, 0.000000000000000000, 1.000000000000000000 ) ) ;
#1325 = CARTESIAN_POINT ( 'NONE',  ( 4.000000000000015987, -3.733010005426987910, 3.000000000000000000 ) ) ;
#1326 = EDGE_CURVE ( 'NONE', #2288, #79, #276, .T. ) ;
#1327 = DIRECTION ( 'NONE',  ( 1.000000000000000000, 0.000000000000000000, 0.000000000000000000 ) ) ;
#1328 = VECTOR ( 'NONE', #1544, 1000.000000000000000 ) ;
#1329 = ORIENTED_EDGE ( 'NONE', *, *, #1648, .T. ) ;
#1330 = LINE ( 'NONE', #1155, #1518 ) ;
#1331 = ORIENTED_EDGE ( 'NONE', *, *, #305, .T. ) ;
#1332 = LINE ( 'NONE', #2250, #657 ) ;
#1333 = VECTOR ( 'NONE', #1800, 1000.000000000000000 ) ;
#1334 = CARTESIAN_POINT ( 'NONE',  ( -5.999999999999962697, 3.822796033681711308E-15, 3.000000000000000000 ) ) ;
#1335 = ORIENTED_EDGE ( 'NONE', *, *, #387, .T. ) ;
#1336 = EDGE_CURVE ( 'NONE', #288, #1684, #1187, .T. ) ;
#1337 = DIRECTION ( 'NONE',  ( -0.000000000000000000, -0.000000000000000000, -1.000000000000000000 ) ) ;
#1338 = CARTESIAN_POINT ( 'NONE',  ( -3.999999999999992450, -5.733010005426987910, 3.000000000000000000 ) ) ;
#1339 = CYLINDRICAL_SURFACE ( 'NONE', #1775, 1.550000000000002709 ) ;
#1340 = EDGE_CURVE ( 'NONE', #1664, #1792, #768, .T. ) ;
#1341 = ORIENTED_EDGE ( 'NONE', *, *, #2295, .T. ) ;
#1342 = DIRECTION ( 'NONE',  ( 0.000000000000000000, 0.000000000000000000, 1.000000000000000000 ) ) ;
#1343 = ORIENTED_EDGE ( 'NONE', *, *, #923, .T. ) ;
#1344 = DIRECTION ( 'NONE',  ( -0.000000000000000000, -0.000000000000000000, -1.000000000000000000 ) ) ;
#1345 = DIRECTION ( 'NONE',  ( -0.000000000000000000, -0.000000000000000000, -1.000000000000000000 ) ) ;
#1346 = DIRECTION ( 'NONE',  ( 1.000000000000000000, 0.000000000000000000, 0.000000000000000000 ) ) ;
#1347 = CARTESIAN_POINT ( 'NONE',  ( -6.499747468305832498, 1.266989994573012090, 3.000000000000000000 ) ) ;
#1348 = CARTESIAN_POINT ( 'NONE',  ( 1.199194705175641751, -53.16974410172013421, 0.000000000000000000 ) ) ;
#1349 = ORIENTED_EDGE ( 'NONE', *, *, #1494, .F. ) ;
#1350 = EDGE_LOOP ( 'NONE', ( #1203, #193, #436, #1188 ) ) ;
#1351 = EDGE_LOOP ( 'NONE', ( #1461, #230 ) ) ;
#1352 = DIRECTION ( 'NONE',  ( -1.000000000000000000, 0.000000000000000000, 0.000000000000000000 ) ) ;
#1353 = EDGE_CURVE ( 'NONE', #1528, #568, #1496, .T. ) ;
#1354 = CIRCLE ( 'NONE', #395, 2.000000000000000000 ) ;
#1355 = VERTEX_POINT ( 'NONE', #85 ) ;
#1356 = DIRECTION ( 'NONE',  ( 0.000000000000000000, 0.000000000000000000, 1.000000000000000000 ) ) ;
#1357 = CYLINDRICAL_SURFACE ( 'NONE', #303, 1.550000000000004485 ) ;
#1358 = CARTESIAN_POINT ( 'NONE',  ( 6.000000000000015987, -55.16974410172014132, 3.000000000000000000 ) ) ;
#1359 = ORIENTED_EDGE ( 'NONE', *, *, #328, .F. ) ;
#1360 = EDGE_CURVE ( 'NONE', #752, #1053, #251, .T. ) ;
#1361 = ORIENTED_EDGE ( 'NONE', *, *, #1090, .T. ) ;
#1362 = AXIS2_PLACEMENT_3D ( 'NONE', #598, #243, #2232 ) ;
#1363 = ORIENTED_EDGE ( 'NONE', *, *, #1976, .T. ) ;
#1364 = DIRECTION ( 'NONE',  ( 0.000000000000000000, 0.000000000000000000, -1.000000000000000000 ) ) ;
#1365 = CIRCLE ( 'NONE', #340, 2.000000000000000000 ) ;
#1366 = ORIENTED_EDGE ( 'NONE', *, *, #1980, .T. ) ;
#1367 = DIRECTION ( 'NONE',  ( 1.000000000000000000, 0.000000000000000000, 0.000000000000000000 ) ) ;
#1368 = EDGE_CURVE ( 'NONE', #800, #814, #262, .T. ) ;
#1369 = AXIS2_PLACEMENT_3D ( 'NONE', #361, #935, #1085 ) ;
#1370 = CARTESIAN_POINT ( 'NONE',  ( -1.550000000000000933, 6.216737462878846543, 3.000000000000000000 ) ) ;
#1371 = VECTOR ( 'NONE', #1824, 1000.000000000000000 ) ;
#1372 = LINE ( 'NONE', #522, #1763 ) ;
#1373 = EDGE_LOOP ( 'NONE', ( #2083, #8, #1872, #1302 ) ) ;
#1374 = CARTESIAN_POINT ( 'NONE',  ( 6.499747468305822728, -48.73301000542698347, 3.000000000000000000 ) ) ;
#1375 = EDGE_LOOP ( 'NONE', ( #1830, #1443, #1474, #798 ) ) ;
#1376 =( NAMED_UNIT ( * ) SI_UNIT ( $, .STERADIAN. ) SOLID_ANGLE_UNIT ( ) );
#1377 = CC_DESIGN_PERSON_AND_ORGANIZATION_ASSIGNMENT ( #21, #168, ( #1706 ) ) ;
#1378 = ORIENTED_EDGE ( 'NONE', *, *, #945, .F. ) ;
#1379 = DIRECTION ( 'NONE',  ( 0.000000000000000000, 0.000000000000000000, 1.000000000000000000 ) ) ;
#1380 = FACE_OUTER_BOUND ( 'NONE', #2235, .T. ) ;
#1381 = CARTESIAN_POINT ( 'NONE',  ( -3.999999999999992450, -3.733010005426987910, 0.000000000000000000 ) ) ;
#1382 = DIRECTION ( 'NONE',  ( 1.000000000000000000, 0.000000000000000000, 0.000000000000000000 ) ) ;
#1383 = ORIENTED_EDGE ( 'NONE', *, *, #81, .T. ) ;
#1384 = CARTESIAN_POINT ( 'NONE',  ( 4.949747468305833564, 1.266989994573014755, 3.000000000000000000 ) ) ;
#1385 = ORIENTED_EDGE ( 'NONE', *, *, #1719, .F. ) ;
#1386 = DIRECTION ( 'NONE',  ( 1.000000000000000000, 0.000000000000000000, 0.000000000000000000 ) ) ;
#1387 = CARTESIAN_POINT ( 'NONE',  ( -5.999999999999962697, 3.822796033681711308E-15, 0.000000000000000000 ) ) ;
#1388 = EDGE_CURVE ( 'NONE', #1154, #1516, #1730, .T. ) ;
#1389 = CARTESIAN_POINT ( 'NONE',  ( 4.000000000000012434, -33.83351506881533055, 3.000000000000000000 ) ) ;
#1390 = CARTESIAN_POINT ( 'NONE',  ( -5.999999999999993783, 4.944520660827980722E-16, 3.000000000000000000 ) ) ;
#1391 = EDGE_CURVE ( 'NONE', #1599, #825, #689, .T. ) ;
#1392 = CARTESIAN_POINT ( 'NONE',  ( 6.499747468305833387, 11.16648493118467833, 3.000000000000000000 ) ) ;
#1393 = EDGE_LOOP ( 'NONE', ( #1982, #1547, #1727, #1901 ) ) ;
#1394 = DIRECTION ( 'NONE',  ( -0.000000000000000000, -0.000000000000000000, -1.000000000000000000 ) ) ;
#1395 = CARTESIAN_POINT ( 'NONE',  ( 8.000000000000003553, 13.21673746287884299, 0.000000000000000000 ) ) ;
#1396 = DIRECTION ( 'NONE',  ( -0.000000000000000000, -0.000000000000000000, -1.000000000000000000 ) ) ;
#1397 = CARTESIAN_POINT ( 'NONE',  ( 4.000000000000012434, -31.83351506881532700, 3.000000000000000000 ) ) ;
#1398 = AXIS2_PLACEMENT_3D ( 'NONE', #290, #113, #1367 ) ;
#1399 = EDGE_CURVE ( 'NONE', #415, #22, #325, .T. ) ;
#1400 = AXIS2_PLACEMENT_3D ( 'NONE', #183, #529, #1070 ) ;
#1401 = CARTESIAN_POINT ( 'NONE',  ( 4.000000000000012434, -31.83351506881532700, 0.000000000000000000 ) ) ;
#1402 = LOCAL_TIME ( 16, 16, 9.000000000000000000, #1080 ) ;
#1403 = EDGE_CURVE ( 'NONE', #1225, #1957, #1372, .T. ) ;
#1404 = FACE_BOUND ( 'NONE', #448, .T. ) ;
#1405 = PERSON_AND_ORGANIZATION ( #1254, #1816 ) ;
#1406 = VERTEX_POINT ( 'NONE', #480 ) ;
#1407 = LINE ( 'NONE', #676, #2231 ) ;
#1408 = PLANE ( 'NONE',  #536 ) ;
#1409 = LINE ( 'NONE', #138, #2065 ) ;
#1410 = EDGE_CURVE ( 'NONE', #1440, #2288, #1409, .T. ) ;
#1411 = CARTESIAN_POINT ( 'NONE',  ( 4.949747468305833564, 1.266989994573014755, 0.000000000000000000 ) ) ;
#1412 = ADVANCED_FACE ( 'NONE', ( #148 ), #1915, .F. ) ;
#1413 = FACE_BOUND ( 'NONE', #420, .T. ) ;
#1414 = ORIENTED_EDGE ( 'NONE', *, *, #1016, .T. ) ;
#1415 = PERSON_AND_ORGANIZATION_ROLE ( 'creator' ) ;
#1416 = ORIENTED_EDGE ( 'NONE', *, *, #851, .T. ) ;
#1417 = DIRECTION ( 'NONE',  ( -0.000000000000000000, -0.000000000000000000, -1.000000000000000000 ) ) ;
#1418 = ADVANCED_FACE ( 'NONE', ( #1933 ), #843, .F. ) ;
#1419 = ADVANCED_FACE ( 'NONE', ( #2291 ), #679, .F. ) ;
#1420 = CARTESIAN_POINT ( 'NONE',  ( -5.999999999999993783, 4.944520660827980722E-16, 0.000000000000000000 ) ) ;
#1421 = DIRECTION ( 'NONE',  ( 0.000000000000000000, 0.000000000000000000, 1.000000000000000000 ) ) ;
#1422 = ORIENTED_EDGE ( 'NONE', *, *, #1917, .F. ) ;
#1423 = CARTESIAN_POINT ( 'NONE',  ( 5.000000000000004441, 16.21673746287884299, 0.000000000000000000 ) ) ;
#1424 = DIRECTION ( 'NONE',  ( 1.000000000000000000, 0.000000000000000000, 0.000000000000000000 ) ) ;
#1425 = CALENDAR_DATE ( 2025, 18, 6 ) ;
#1426 = EDGE_CURVE ( 'NONE', #1983, #2052, #2265, .T. ) ;
#1427 = EDGE_LOOP ( 'NONE', ( #540, #854, #473, #153 ) ) ;
#1428 = ORIENTED_EDGE ( 'NONE', *, *, #2171, .T. ) ;
#1429 = DIRECTION ( 'NONE',  ( 0.000000000000000000, 0.000000000000000000, 1.000000000000000000 ) ) ;
#1430 = DIRECTION ( 'NONE',  ( -0.000000000000000000, -0.000000000000000000, -1.000000000000000000 ) ) ;
#1431 = CIRCLE ( 'NONE', #232, 3.000000000000000000 ) ;
#1432 = CYLINDRICAL_SURFACE ( 'NONE', #1369, 1.550000000000007150 ) ;
#1433 = EDGE_LOOP ( 'NONE', ( #1343, #69, #614, #2009 ) ) ;
#1434 = AXIS2_PLACEMENT_3D ( 'NONE', #1457, #2129, #2177 ) ;
#1436 = AXIS2_PLACEMENT_3D ( 'NONE', #2124, #661, #671 ) ;
#1435 = CARTESIAN_POINT ( 'NONE',  ( 6.000000000000012434, -31.83351506881532700, 3.000000000000000000 ) ) ;
#1437 = VECTOR ( 'NONE', #374, 1000.000000000000000 ) ;
#1438 = CARTESIAN_POINT ( 'NONE',  ( -4.952380952380932122, -98.78326253712117477, 3.000000000000000000 ) ) ;
#1439 = AXIS2_PLACEMENT_3D ( 'NONE', #1879, #979, #2053 ) ;
#1440 = VERTEX_POINT ( 'NONE', #316 ) ;
#1441 = SECURITY_CLASSIFICATION_LEVEL ( 'unclassified' ) ;
#1442 = ORIENTED_EDGE ( 'NONE', *, *, #834, .F. ) ;
#1443 = ORIENTED_EDGE ( 'NONE', *, *, #660, .T. ) ;
#1444 = DIRECTION ( 'NONE',  ( 0.000000000000000000, 0.000000000000000000, -1.000000000000000000 ) ) ;
#1445 = DIRECTION ( 'NONE',  ( 0.000000000000000000, 0.000000000000000000, 1.000000000000000000 ) ) ;
#1446 = CARTESIAN_POINT ( 'NONE',  ( 6.000000000000012434, 0.000000000000000000, 3.000000000000000000 ) ) ;
#1447 = ORIENTED_EDGE ( 'NONE', *, *, #675, .F. ) ;
#1448 = CARTESIAN_POINT ( 'NONE',  ( 0.000000000000000000, -90.78326253712118898, 2.999999999999999112 ) ) ;
#1449 = AXIS2_PLACEMENT_3D ( 'NONE', #188, #569, #1484 ) ;
#1450 = DIRECTION ( 'NONE',  ( -0.000000000000000000, -0.000000000000000000, -1.000000000000000000 ) ) ;
#1451 = ORIENTED_EDGE ( 'NONE', *, *, #1282, .T. ) ;
#1452 = PERSON_AND_ORGANIZATION_ROLE ( 'design_owner' ) ;
#1453 = VERTEX_POINT ( 'NONE', #1588 ) ;
#1454 = ORIENTED_EDGE ( 'NONE', *, *, #485, .F. ) ;
#1455 = DIRECTION ( 'NONE',  ( 0.000000000000000000, -0.000000000000000000, -1.000000000000000000 ) ) ;
#1456 = EDGE_CURVE ( 'NONE', #2281, #782, #2299, .T. ) ;
#1457 = CARTESIAN_POINT ( 'NONE',  ( 4.000000000000015987, -18.17771126165717632, 3.000000000000000000 ) ) ;
#1458 = DIRECTION ( 'NONE',  ( 1.084202172485504434E-16, -1.000000000000000000, 0.000000000000000000 ) ) ;
#1459 = EDGE_LOOP ( 'NONE', ( #1987, #371 ) ) ;
#1460 = CARTESIAN_POINT ( 'NONE',  ( -4.949747468305833564, 11.16648493118467833, 3.000000000000000000 ) ) ;
#1461 = ORIENTED_EDGE ( 'NONE', *, *, #977, .T. ) ;
#1462 = ORIENTED_EDGE ( 'NONE', *, *, #963, .T. ) ;
#1463 = EDGE_LOOP ( 'NONE', ( #201, #1133, #490, #70, #1560, #582 ) ) ;
#1464 = PLANE ( 'NONE',  #1031 ) ;
#1465 = DIRECTION ( 'NONE',  ( 0.5547001962252292584, -0.8320502943378436100, 0.000000000000000000 ) ) ;
#1466 = ORIENTED_EDGE ( 'NONE', *, *, #1196, .T. ) ;
#1467 = AXIS2_PLACEMENT_3D ( 'NONE', #1577, #1058, #333 ) ;
#1468 = VECTOR ( 'NONE', #479, 1000.000000000000000 ) ;
#1469 = DIRECTION ( 'NONE',  ( -0.000000000000000000, -0.000000000000000000, -1.000000000000000000 ) ) ;
#1470 = CARTESIAN_POINT ( 'NONE',  ( 1.862955085389238467E-15, -43.78326253712115346, 3.000000000000000000 ) ) ;
#1471 = EDGE_CURVE ( 'NONE', #1127, #79, #1015, .T. ) ;
#1472 = CIRCLE ( 'NONE', #464, 1.550000000000002709 ) ;
#1473 = VECTOR ( 'NONE', #627, 1000.000000000000000 ) ;
#1474 = ORIENTED_EDGE ( 'NONE', *, *, #255, .F. ) ;
#1475 = AXIS2_PLACEMENT_3D ( 'NONE', #37, #1073, #1656 ) ;
#1476 = AXIS2_PLACEMENT_3D ( 'NONE', #2015, #1153, #1327 ) ;
#1477 = ORIENTED_EDGE ( 'NONE', *, *, #1273, .T. ) ;
#1478 = CIRCLE ( 'NONE', #507, 2.000000000000000000 ) ;
#1479 = ORIENTED_EDGE ( 'NONE', *, *, #2061, .F. ) ;
#1480 = LINE ( 'NONE', #791, #433 ) ;
#1481 = DIRECTION ( 'NONE',  ( 0.000000000000000000, 0.000000000000000000, 1.000000000000000000 ) ) ;
#1482 = ORIENTED_EDGE ( 'NONE', *, *, #402, .F. ) ;
#1483 = CARTESIAN_POINT ( 'NONE',  ( 5.000000000000004441, 16.21673746287884299, 3.000000000000000000 ) ) ;
#1484 = DIRECTION ( 'NONE',  ( -0.09480909262799530612, -0.9954954725939522131, 0.000000000000000000 ) ) ;
#1485 = CC_DESIGN_PERSON_AND_ORGANIZATION_ASSIGNMENT ( #2161, #178, ( #1521 ) ) ;
#1486 = DIRECTION ( 'NONE',  ( -1.000000000000000000, 0.000000000000000000, 0.000000000000000000 ) ) ;
#1487 = EDGE_LOOP ( 'NONE', ( #1811, #1260, #2027, #1428 ) ) ;
#1488 = DIRECTION ( 'NONE',  ( -1.000000000000000000, 0.000000000000000000, 0.000000000000000000 ) ) ;
#1489 = EDGE_CURVE ( 'NONE', #1259, #909, #1598, .T. ) ;
#1490 = EDGE_LOOP ( 'NONE', ( #1174, #1854 ) ) ;
#1491 = FACE_OUTER_BOUND ( 'NONE', #2008, .T. ) ;
#1492 = DIRECTION ( 'NONE',  ( 1.000000000000000000, 0.000000000000000000, 0.000000000000000000 ) ) ;
#1493 = ORIENTED_EDGE ( 'NONE', *, *, #2287, .T. ) ;
#1494 = EDGE_CURVE ( 'NONE', #547, #645, #1354, .T. ) ;
#1495 = CARTESIAN_POINT ( 'NONE',  ( -3.999999999999996447, -31.83351506881532700, 3.000000000000000000 ) ) ;
#1496 = LINE ( 'NONE', #2047, #1893 ) ;
#1497 = DIRECTION ( 'NONE',  ( -0.000000000000000000, -0.000000000000000000, -1.000000000000000000 ) ) ;
#1498 = CIRCLE ( 'NONE', #2331, 1.550000000000000266 ) ;
#1499 = ORIENTED_EDGE ( 'NONE', *, *, #491, .T. ) ;
#1500 = FACE_OUTER_BOUND ( 'NONE', #1433, .T. ) ;
#1501 = ORIENTED_EDGE ( 'NONE', *, *, #1101, .F. ) ;
#1502 = CARTESIAN_POINT ( 'NONE',  ( -3.999999999999992450, -5.733010005426987910, 3.000000000000000000 ) ) ;
#1503 = EDGE_CURVE ( 'NONE', #1506, #864, #2201, .T. ) ;
#1504 = EDGE_CURVE ( 'NONE', #1516, #1603, #1940, .T. ) ;
#1505 = DIRECTION ( 'NONE',  ( 1.000000000000000000, 0.000000000000000000, 0.000000000000000000 ) ) ;
#1506 = VERTEX_POINT ( 'NONE', #489 ) ;
#1507 = DIRECTION ( 'NONE',  ( -1.000000000000000000, 0.000000000000000000, 0.000000000000000000 ) ) ;
#1508 = DIRECTION ( 'NONE',  ( 0.000000000000000000, 0.000000000000000000, -1.000000000000000000 ) ) ;
#1509 = DIRECTION ( 'NONE',  ( -0.000000000000000000, -0.000000000000000000, -1.000000000000000000 ) ) ;
#1510 = AXIS2_PLACEMENT_3D ( 'NONE', #1875, #983, #974 ) ;
#1511 = ORIENTED_EDGE ( 'NONE', *, *, #402, .T. ) ;
#1512 = CIRCLE ( 'NONE', #1434, 2.000000000000000000 ) ;
#1513 = DIRECTION ( 'NONE',  ( 0.000000000000000000, 0.000000000000000000, -1.000000000000000000 ) ) ;
#1514 = EDGE_CURVE ( 'NONE', #2259, #904, #260, .T. ) ;
#1515 = VECTOR ( 'NONE', #2262, 1000.000000000000000 ) ;
#1516 = VERTEX_POINT ( 'NONE', #129 ) ;
#1517 = CARTESIAN_POINT ( 'NONE',  ( -4.949747468305844222, -38.83351506881533055, 3.000000000000000000 ) ) ;
#1518 = VECTOR ( 'NONE', #1711, 1000.000000000000000 ) ;
#1519 = AXIS2_PLACEMENT_3D ( 'NONE', #729, #894, #1820 ) ;
#1520 = DIRECTION ( 'NONE',  ( 1.000000000000000000, -1.236130165206996167E-16, 0.000000000000000000 ) ) ;
#1521 = SECURITY_CLASSIFICATION ( '', '', #1441 ) ;
#1522 = DIRECTION ( 'NONE',  ( -0.000000000000000000, -0.000000000000000000, -1.000000000000000000 ) ) ;
#1523 = CARTESIAN_POINT ( 'NONE',  ( -7.999999999999984901, -66.78326253712116056, 3.000000000000000000 ) ) ;
#1524 = DIRECTION ( 'NONE',  ( -0.000000000000000000, -0.000000000000000000, -1.000000000000000000 ) ) ;
#1525 = DESIGN_CONTEXT ( 'detailed design', #314, 'design' ) ;
#1526 = ORIENTED_EDGE ( 'NONE', *, *, #1426, .T. ) ;
#1527 = PRODUCT_DEFINITION_SHAPE ( 'NONE', 'NONE',  #2255 ) ;
#1528 = VERTEX_POINT ( 'NONE', #1389 ) ;
#1529 = VERTEX_POINT ( 'NONE', #2106 ) ;
#1530 = CARTESIAN_POINT ( 'NONE',  ( -7.999999999999984901, -66.78326253712116056, 3.000000000000000000 ) ) ;
#1531 = ORIENTED_EDGE ( 'NONE', *, *, #175, .T. ) ;
#1532 = CARTESIAN_POINT ( 'NONE',  ( 6.000000000000012434, -31.83351506881532700, 3.000000000000000000 ) ) ;
#1533 = CARTESIAN_POINT ( 'NONE',  ( 0.8008052948243539193, -64.78326253712116056, 0.000000000000000000 ) ) ;
#1534 = DIRECTION ( 'NONE',  ( 0.09480909262799555592, -0.9954954725939522131, 0.000000000000000000 ) ) ;
#1535 = ADVANCED_FACE ( 'NONE', ( #1569 ), #498, .F. ) ;
#1536 = FACE_OUTER_BOUND ( 'NONE', #2268, .T. ) ;
#1537 = VERTEX_POINT ( 'NONE', #926 ) ;
#1538 = EDGE_CURVE ( 'NONE', #1225, #2075, #1641, .T. ) ;
#1539 = DIRECTION ( 'NONE',  ( -1.000000000000000000, 0.000000000000000000, 0.000000000000000000 ) ) ;
#1540 = ORIENTED_EDGE ( 'NONE', *, *, #2048, .T. ) ;
#1541 = CARTESIAN_POINT ( 'NONE',  ( 6.499747468305833387, 1.266989994573014977, 3.000000000000000000 ) ) ;
#1542 = ORIENTED_EDGE ( 'NONE', *, *, #1645, .T. ) ;
#1543 = DIRECTION ( 'NONE',  ( 1.000000000000000000, 0.000000000000000000, 0.000000000000000000 ) ) ;
#1544 = DIRECTION ( 'NONE',  ( -0.000000000000000000, -0.000000000000000000, -1.000000000000000000 ) ) ;
#1545 = CARTESIAN_POINT ( 'NONE',  ( 0.000000000000000000, -73.78326253712118898, 0.000000000000000000 ) ) ;
#1546 = EDGE_CURVE ( 'NONE', #1957, #126, #1717, .T. ) ;
#1547 = ORIENTED_EDGE ( 'NONE', *, *, #111, .F. ) ;
#1548 = FACE_BOUND ( 'NONE', #2203, .T. ) ;
#1549 = CIRCLE ( 'NONE', #1289, 1.550000000000000266 ) ;
#1550 = ORIENTED_EDGE ( 'NONE', *, *, #675, .T. ) ;
#1551 = CIRCLE ( 'NONE', #2071, 2.000000000000000000 ) ;
#1552 = AXIS2_PLACEMENT_3D ( 'NONE', #1384, #2134, #2109 ) ;
#1553 = ORIENTED_EDGE ( 'NONE', *, *, #558, .T. ) ;
#1554 = CARTESIAN_POINT ( 'NONE',  ( 0.4649058835000385859, -63.67386214467070715, 0.000000000000000000 ) ) ;
#1555 = VECTOR ( 'NONE', #2337, 1000.000000000000000 ) ;
#1556 = LINE ( 'NONE', #2278, #1468 ) ;
#1557 = VECTOR ( 'NONE', #709, 1000.000000000000000 ) ;
#1558 = DIRECTION ( 'NONE',  ( 1.000000000000000000, 0.000000000000000000, 0.000000000000000000 ) ) ;
#1559 = CARTESIAN_POINT ( 'NONE',  ( -29.06607845511722843, -19.37738563674482251, 3.000000000000000000 ) ) ;
#1560 = ORIENTED_EDGE ( 'NONE', *, *, #963, .F. ) ;
#1561 = FACE_BOUND ( 'NONE', #1786, .T. ) ;
#1562 = ORIENTED_EDGE ( 'NONE', *, *, #237, .T. ) ;
#1563 = CARTESIAN_POINT ( 'NONE',  ( -5.999999999999995559, -19.38881381258514125, 3.000000000000000000 ) ) ;
#1564 = ORIENTED_EDGE ( 'NONE', *, *, #506, .F. ) ;
#1565 = CARTESIAN_POINT ( 'NONE',  ( -4.949747468305832676, 1.266989994573012090, 0.000000000000000000 ) ) ;
#1566 = EDGE_CURVE ( 'NONE', #1100, #2154, #14, .T. ) ;
#1567 = LINE ( 'NONE', #1576, #725 ) ;
#1568 = ADVANCED_FACE ( 'NONE', ( #1826 ), #1099, .F. ) ;
#1569 = FACE_OUTER_BOUND ( 'NONE', #1199, .T. ) ;
#1570 = DIRECTION ( 'NONE',  ( 1.000000000000000000, 0.000000000000000000, 0.000000000000000000 ) ) ;
#1571 = CARTESIAN_POINT ( 'NONE',  ( -0.000000000000000000, -66.78326253712116056, 0.000000000000000000 ) ) ;
#1572 = ORIENTED_EDGE ( 'NONE', *, *, #1574, .F. ) ;
#1573 = DIRECTION ( 'NONE',  ( 1.000000000000000000, 0.000000000000000000, 0.000000000000000000 ) ) ;
#1574 = EDGE_CURVE ( 'NONE', #905, #606, #1974, .T. ) ;
#1575 = LINE ( 'NONE', #1750, #1515 ) ;
#1576 = CARTESIAN_POINT ( 'NONE',  ( 3.399747468305818643, -38.83351506881533055, 3.000000000000000000 ) ) ;
#1577 = CARTESIAN_POINT ( 'NONE',  ( 4.949747468305821130, -38.83351506881533055, 3.000000000000000000 ) ) ;
#1578 = ADVANCED_FACE ( 'NONE', ( #581 ), #898, .T. ) ;
#1579 = DIRECTION ( 'NONE',  ( 1.000000000000000000, 0.000000000000000000, 0.000000000000000000 ) ) ;
#1580 = ORIENTED_EDGE ( 'NONE', *, *, #1277, .F. ) ;
#1581 = DIRECTION ( 'NONE',  ( 0.000000000000000000, 0.000000000000000000, 1.000000000000000000 ) ) ;
#1582 = VECTOR ( 'NONE', #2256, 1000.000000000000000 ) ;
#1583 = ORIENTED_EDGE ( 'NONE', *, *, #1008, .T. ) ;
#1584 = CARTESIAN_POINT ( 'NONE',  ( -26.29684768588645838, -17.53123179059097225, 0.000000000000000000 ) ) ;
#1585 = AXIS2_PLACEMENT_3D ( 'NONE', #856, #1742, #465 ) ;
#1586 = APPROVAL ( #2320, 'æœª' ) ;
#1587 = PLANE ( 'NONE',  #1699 ) ;
#1588 = CARTESIAN_POINT ( 'NONE',  ( -5.999999999999992006, -5.733010005426988798, 0.000000000000000000 ) ) ;
#1589 = CIRCLE ( 'NONE', #1626, 1.550000000000000044 ) ;
#1590 = AXIS2_PLACEMENT_3D ( 'NONE', #653, #2069, #784 ) ;
#1591 = AXIS2_PLACEMENT_3D ( 'NONE', #80, #817, #801 ) ;
#1592 = CARTESIAN_POINT ( 'NONE',  ( 6.499747468305833387, 1.266989994573014977, 3.000000000000000000 ) ) ;
#1593 = ORIENTED_EDGE ( 'NONE', *, *, #440, .T. ) ;
#1594 = PERSON_AND_ORGANIZATION ( #1254, #1816 ) ;
#1595 = ORIENTED_EDGE ( 'NONE', *, *, #792, .T. ) ;
#1596 = FACE_BOUND ( 'NONE', #370, .T. ) ;
#1597 = DIRECTION ( 'NONE',  ( 1.000000000000000000, 0.000000000000000000, 0.000000000000000000 ) ) ;
#1598 = LINE ( 'NONE', #2324, #39 ) ;
#1599 = VERTEX_POINT ( 'NONE', #1275 ) ;
#1600 = CYLINDRICAL_SURFACE ( 'NONE', #385, 2.000000000000000000 ) ;
#1601 = EDGE_CURVE ( 'NONE', #2086, #547, #213, .T. ) ;
#1602 = CARTESIAN_POINT ( 'NONE',  ( -4.952380952380932122, -98.78326253712117477, 3.000000000000000000 ) ) ;
#1603 = VERTEX_POINT ( 'NONE', #27 ) ;
#1604 = ORIENTED_EDGE ( 'NONE', *, *, #2133, .T. ) ;
#1605 = FACE_OUTER_BOUND ( 'NONE', #1923, .T. ) ;
#1606 = VECTOR ( 'NONE', #2254, 1000.000000000000000 ) ;
#1607 = DIRECTION ( 'NONE',  ( 1.517883041479706208E-16, -1.000000000000000000, 0.000000000000000000 ) ) ;
#1608 = CARTESIAN_POINT ( 'NONE',  ( -7.284582709440528880, -4.856388472960354363, 0.000000000000000000 ) ) ;
#1609 = ORIENTED_EDGE ( 'NONE', *, *, #1746, .T. ) ;
#1610 = EDGE_CURVE ( 'NONE', #375, #278, #943, .T. ) ;
#1611 = PLANE ( 'NONE',  #1998 ) ;
#1612 = CARTESIAN_POINT ( 'NONE',  ( 4.000000000000015987, -55.16974410172014132, 0.000000000000000000 ) ) ;
#1613 = CARTESIAN_POINT ( 'NONE',  ( 0.000000000000000000, -83.78326253712118898, 0.000000000000000000 ) ) ;
#1614 = EDGE_CURVE ( 'NONE', #2285, #1688, #390, .T. ) ;
#1615 = ORIENTED_EDGE ( 'NONE', *, *, #255, .T. ) ;
#1616 = ORIENTED_EDGE ( 'NONE', *, *, #1282, .F. ) ;
#1617 = CARTESIAN_POINT ( 'NONE',  ( 0.000000000000000000, -3.733010005426987910, 3.000000000000000000 ) ) ;
#1618 = FACE_OUTER_BOUND ( 'NONE', #1627, .T. ) ;
#1619 = AXIS2_PLACEMENT_3D ( 'NONE', #1303, #261, #1138 ) ;
#1620 = DIRECTION ( 'NONE',  ( -1.000000000000000000, 0.000000000000000000, 0.000000000000000000 ) ) ;
#1621 = ORIENTED_EDGE ( 'NONE', *, *, #1746, .F. ) ;
#1623 = CIRCLE ( 'NONE', #957, 2.000000000000000000 ) ;
#1622 = DIRECTION ( 'NONE',  ( 1.000000000000000000, 0.000000000000000000, 0.000000000000000000 ) ) ;
#1624 = AXIS2_PLACEMENT_3D ( 'NONE', #1683, #1520, #268 ) ;
#1625 = LINE ( 'NONE', #739, #1064 ) ;
#1626 = AXIS2_PLACEMENT_3D ( 'NONE', #1740, #855, #543 ) ;
#1627 = EDGE_LOOP ( 'NONE', ( #265, #1479, #1840, #1698 ) ) ;
#1628 = ADVANCED_FACE ( 'NONE', ( #532 ), #2011, .F. ) ;
#1629 = ORIENTED_EDGE ( 'NONE', *, *, #2089, .T. ) ;
#1630 = ORIENTED_EDGE ( 'NONE', *, *, #746, .T. ) ;
#1631 = FACE_BOUND ( 'NONE', #1082, .T. ) ;
#1632 = CARTESIAN_POINT ( 'NONE',  ( -1.000000000000000666, -83.78326253712118898, 0.000000000000000000 ) ) ;
#1633 = DIRECTION ( 'NONE',  ( -0.000000000000000000, -0.000000000000000000, -1.000000000000000000 ) ) ;
#1634 = ORIENTED_EDGE ( 'NONE', *, *, #1192, .T. ) ;
#1635 = DIRECTION ( 'NONE',  ( -1.000000000000000000, 0.000000000000000000, 0.000000000000000000 ) ) ;
#1636 = CARTESIAN_POINT ( 'NONE',  ( 8.000000000000003553, 13.21673746287884299, 3.000000000000000000 ) ) ;
#1637 = CARTESIAN_POINT ( 'NONE',  ( 5.000000000000004441, 16.21673746287884299, 3.000000000000000000 ) ) ;
#1638 = UNCERTAINTY_MEASURE_WITH_UNIT (LENGTH_MEASURE( 1.000000000000000082E-05 ), #2064, 'distance_accuracy_value', 'NONE');
#1639 = ORIENTED_EDGE ( 'NONE', *, *, #2126, .F. ) ;
#1640 = COORDINATED_UNIVERSAL_TIME_OFFSET ( 8, 0, .AHEAD. ) ;
#1641 = CIRCLE ( 'NONE', #530, 1.550000000000007150 ) ;
#1642 = ORIENTED_EDGE ( 'NONE', *, *, #115, .T. ) ;
#1643 = ORIENTED_EDGE ( 'NONE', *, *, #603, .T. ) ;
#1644 = FACE_OUTER_BOUND ( 'NONE', #2216, .T. ) ;
#1645 = EDGE_CURVE ( 'NONE', #77, #1537, #404, .T. ) ;
#1646 = DIRECTION ( 'NONE',  ( -0.000000000000000000, -0.000000000000000000, -1.000000000000000000 ) ) ;
#1647 = VERTEX_POINT ( 'NONE', #223 ) ;
#1648 = EDGE_CURVE ( 'NONE', #2042, #904, #711, .T. ) ;
#1649 = DIRECTION ( 'NONE',  ( 0.000000000000000000, -0.000000000000000000, -1.000000000000000000 ) ) ;
#1650 = ADVANCED_FACE ( 'NONE', ( #722 ), #1432, .F. ) ;
#1651 = CARTESIAN_POINT ( 'NONE',  ( -4.949747468305832676, 1.266989994573012090, 3.000000000000000000 ) ) ;
#1652 = ORIENTED_EDGE ( 'NONE', *, *, #190, .F. ) ;
#1653 = ORIENTED_EDGE ( 'NONE', *, *, #1410, .F. ) ;
#1654 = ORIENTED_EDGE ( 'NONE', *, *, #134, .F. ) ;
#1655 = DIRECTION ( 'NONE',  ( -0.000000000000000000, -0.000000000000000000, -1.000000000000000000 ) ) ;
#1656 = DIRECTION ( 'NONE',  ( -5.687147073731982675E-16, 1.000000000000000000, 0.000000000000000000 ) ) ;
#1657 = ORIENTED_EDGE ( 'NONE', *, *, #1676, .T. ) ;
#1658 = EDGE_CURVE ( 'NONE', #1867, #955, #1796, .T. ) ;
#1659 = VECTOR ( 'NONE', #88, 1000.000000000000000 ) ;
#1660 = CARTESIAN_POINT ( 'NONE',  ( 4.000000000000015987, -3.733010005426987910, 0.000000000000000000 ) ) ;
#1661 = DIRECTION ( 'NONE',  ( -0.000000000000000000, -0.000000000000000000, 1.000000000000000000 ) ) ;
#1662 = VECTOR ( 'NONE', #924, 1000.000000000000000 ) ;
#1663 = DIRECTION ( 'NONE',  ( -0.000000000000000000, -0.000000000000000000, -1.000000000000000000 ) ) ;
#1664 = VERTEX_POINT ( 'NONE', #908 ) ;
#1665 = VECTOR ( 'NONE', #62, 1000.000000000000000 ) ;
#1666 = ADVANCED_FACE ( 'NONE', ( #567 ), #2178, .F. ) ;
#1667 = ORIENTED_EDGE ( 'NONE', *, *, #1273, .F. ) ;
#1668 = AXIS2_PLACEMENT_3D ( 'NONE', #1114, #2322, #1805 ) ;
#1669 = EDGE_LOOP ( 'NONE', ( #1615, #1991 ) ) ;
#1670 = DIRECTION ( 'NONE',  ( -1.000000000000000000, 0.000000000000000000, 0.000000000000000000 ) ) ;
#1671 = CARTESIAN_POINT ( 'NONE',  ( -1.141996145258102393E-15, 6.216737462878846543, 3.000000000000000000 ) ) ;
#1672 = ORIENTED_EDGE ( 'NONE', *, *, #1336, .F. ) ;
#1673 = LINE ( 'NONE', #512, #192 ) ;
#1674 = FACE_OUTER_BOUND ( 'NONE', #1822, .T. ) ;
#1675 = DIRECTION ( 'NONE',  ( 0.000000000000000000, 0.000000000000000000, 1.000000000000000000 ) ) ;
#1676 = EDGE_CURVE ( 'NONE', #158, #1067, #556, .T. ) ;
#1677 = VERTEX_POINT ( 'NONE', #2205 ) ;
#1678 = EDGE_CURVE ( 'NONE', #800, #286, #655, .T. ) ;
#1679 = EDGE_LOOP ( 'NONE', ( #1803, #587 ) ) ;
#1680 = EDGE_LOOP ( 'NONE', ( #2325, #410, #1442, #2319 ) ) ;
#1681 = CYLINDRICAL_SURFACE ( 'NONE', #1743, 1.550000000000000266 ) ;
#1682 = EDGE_CURVE ( 'NONE', #1355, #708, #344, .T. ) ;
#1683 = CARTESIAN_POINT ( 'NONE',  ( 6.000000000000016875, -7.416780991241998200E-16, 3.000000000000000000 ) ) ;
#1684 = VERTEX_POINT ( 'NONE', #72 ) ;
#1685 = CARTESIAN_POINT ( 'NONE',  ( -3.399747468305832854, 11.16648493118467833, 0.000000000000000000 ) ) ;
#1686 = DIRECTION ( 'NONE',  ( -0.000000000000000000, -0.000000000000000000, -1.000000000000000000 ) ) ;
#1687 = DIRECTION ( 'NONE',  ( 0.09480909262799530612, 0.9954954725939522131, -0.000000000000000000 ) ) ;
#1688 = VERTEX_POINT ( 'NONE', #1532 ) ;
#1689 = EDGE_LOOP ( 'NONE', ( #1363, #1723, #1654, #1266 ) ) ;
#1690 = ORIENTED_EDGE ( 'NONE', *, *, #1090, .F. ) ;
#1691 = CARTESIAN_POINT ( 'NONE',  ( 0.000000000000000000, -33.83351506881533055, 3.000000000000000000 ) ) ;
#1692 = CARTESIAN_POINT ( 'NONE',  ( 0.000000000000000000, -83.78326253712118898, 2.999999999999999112 ) ) ;
#1693 = EDGE_CURVE ( 'NONE', #495, #814, #197, .T. ) ;
#1694 = CARTESIAN_POINT ( 'NONE',  ( 6.000000000000016875, -7.416780991241998200E-16, 0.000000000000000000 ) ) ;
#1695 = CARTESIAN_POINT ( 'NONE',  ( -6.499747468305854703, -48.73301000542699057, 3.000000000000000000 ) ) ;
#1696 = CYLINDRICAL_SURFACE ( 'NONE', #2227, 1.550000000000000044 ) ;
#1697 = VECTOR ( 'NONE', #1524, 1000.000000000000000 ) ;
#1698 = ORIENTED_EDGE ( 'NONE', *, *, #1920, .T. ) ;
#1699 = AXIS2_PLACEMENT_3D ( 'NONE', #1760, #566, #1607 ) ;
#1700 = DIRECTION ( 'NONE',  ( 0.000000000000000000, 0.000000000000000000, 1.000000000000000000 ) ) ;
#1701 = AXIS2_PLACEMENT_3D ( 'NONE', #1565, #478, #1013 ) ;
#1702 = ORIENTED_EDGE ( 'NONE', *, *, #2270, .F. ) ;
#1703 = DIRECTION ( 'NONE',  ( 0.000000000000000000, 0.000000000000000000, -1.000000000000000000 ) ) ;
#1704 = CIRCLE ( 'NONE', #311, 1.550000000000002709 ) ;
#1705 = LINE ( 'NONE', #96, #1813 ) ;
#1706 = PRODUCT_DEFINITION_FORMATION_WITH_SPECIFIED_SOURCE ( 'ä»', '', #644, .NOT_KNOWN. ) ;
#1707 = CYLINDRICAL_SURFACE ( 'NONE', #423, 1.550000000000007150 ) ;
#1708 = DIRECTION ( 'NONE',  ( 1.000000000000000000, 0.000000000000000000, 0.000000000000000000 ) ) ;
#1709 = CARTESIAN_POINT ( 'NONE',  ( -2.335899411324317221, -59.47265420243417822, 3.000000000000000000 ) ) ;
#1710 = VERTEX_POINT ( 'NONE', #82 ) ;
#1711 = DIRECTION ( 'NONE',  ( -0.000000000000000000, -0.000000000000000000, -1.000000000000000000 ) ) ;
#1712 = VECTOR ( 'NONE', #1661, 1000.000000000000000 ) ;
#1713 = VERTEX_POINT ( 'NONE', #2021 ) ;
#1714 = LINE ( 'NONE', #1911, #55 ) ;
#1715 = VECTOR ( 'NONE', #2025, 1000.000000000000000 ) ;
#1716 = ORIENTED_EDGE ( 'NONE', *, *, #1770, .F. ) ;
#1717 = CIRCLE ( 'NONE', #2243, 1.550000000000007150 ) ;
#1718 = LINE ( 'NONE', #313, #622 ) ;
#1719 = EDGE_CURVE ( 'NONE', #553, #1319, #793, .T. ) ;
#1720 = CARTESIAN_POINT ( 'NONE',  ( 1.550000000000006484, -43.78326253712115346, 3.000000000000000000 ) ) ;
#1721 = CARTESIAN_POINT ( 'NONE',  ( -5.999999999999995559, -3.412288244239187041E-15, 3.000000000000000000 ) ) ;
#1722 = EDGE_CURVE ( 'NONE', #397, #354, #461, .T. ) ;
#1723 = ORIENTED_EDGE ( 'NONE', *, *, #285, .F. ) ;
#1724 = FACE_BOUND ( 'NONE', #383, .T. ) ;
#1725 = EDGE_LOOP ( 'NONE', ( #706, #1630, #1595, #1341, #1652, #939, #458 ) ) ;
#1726 = LINE ( 'NONE', #2305, #1857 ) ;
#1727 = ORIENTED_EDGE ( 'NONE', *, *, #1566, .F. ) ;
#1728 = DIRECTION ( 'NONE',  ( 0.000000000000000000, 0.000000000000000000, -1.000000000000000000 ) ) ;
#1729 = DIRECTION ( 'NONE',  ( -0.000000000000000000, -0.000000000000000000, -1.000000000000000000 ) ) ;
#1730 = LINE ( 'NONE', #867, #1137 ) ;
#1731 = EDGE_LOOP ( 'NONE', ( #838, #191 ) ) ;
#1732 = FACE_BOUND ( 'NONE', #1351, .T. ) ;
#1733 = AXIS2_PLACEMENT_3D ( 'NONE', #666, #97, #2290 ) ;
#1734 = ORIENTED_EDGE ( 'NONE', *, *, #1094, .T. ) ;
#1735 = CARTESIAN_POINT ( 'NONE',  ( -4.000000000000004441, -64.78326253712116056, 0.000000000000000000 ) ) ;
#1736 = AXIS2_PLACEMENT_3D ( 'NONE', #373, #199, #747 ) ;
#1737 = EDGE_CURVE ( 'NONE', #1022, #2330, #639, .T. ) ;
#1738 = VECTOR ( 'NONE', #189, 1000.000000000000000 ) ;
#1739 = EDGE_LOOP ( 'NONE', ( #1020, #564, #1296, #1385 ) ) ;
#1740 = CARTESIAN_POINT ( 'NONE',  ( -1.141996145258102393E-15, 6.216737462878846543, 3.000000000000000000 ) ) ;
#1741 = AXIS2_PLACEMENT_3D ( 'NONE', #1036, #1193, #105 ) ;
#1742 = DIRECTION ( 'NONE',  ( 1.000000000000000000, 0.000000000000000000, -0.000000000000000000 ) ) ;
#1743 = AXIS2_PLACEMENT_3D ( 'NONE', #673, #298, #1223 ) ;
#1744 = DIRECTION ( 'NONE',  ( 1.000000000000000000, 0.000000000000000000, 0.000000000000000000 ) ) ;
#1745 = PLANE ( 'NONE',  #2001 ) ;
#1746 = EDGE_CURVE ( 'NONE', #400, #2210, #1888, .T. ) ;
#1747 = DIRECTION ( 'NONE',  ( 0.000000000000000000, 0.000000000000000000, 1.000000000000000000 ) ) ;
#1748 = ORIENTED_EDGE ( 'NONE', *, *, #1610, .F. ) ;
#1749 = DIRECTION ( 'NONE',  ( -1.000000000000000000, 0.000000000000000000, 0.000000000000000000 ) ) ;
#1750 = CARTESIAN_POINT ( 'NONE',  ( -4.999999999999993783, 16.21673746287884299, 3.000000000000000000 ) ) ;
#1751 = AXIS2_PLACEMENT_3D ( 'NONE', #609, #623, #810 ) ;
#1752 = CARTESIAN_POINT ( 'NONE',  ( 1.862955085389238467E-15, -43.78326253712115346, 3.000000000000000000 ) ) ;
#1753 = DIRECTION ( 'NONE',  ( 0.5547001962252292584, -0.8320502943378436100, 0.000000000000000000 ) ) ;
#1754 = DIRECTION ( 'NONE',  ( 1.000000000000000000, 0.000000000000000000, 0.000000000000000000 ) ) ;
#1755 = CARTESIAN_POINT ( 'NONE',  ( 4.000000000000012434, -31.38881381258515191, 3.000000000000000000 ) ) ;
#1756 = EDGE_LOOP ( 'NONE', ( #322, #266, #173, #1378 ) ) ;
#1757 = CARTESIAN_POINT ( 'NONE',  ( 0.000000000000000000, -83.78326253712118898, 0.000000000000000000 ) ) ;
#1758 = VERTEX_POINT ( 'NONE', #2225 ) ;
#1759 = FACE_OUTER_BOUND ( 'NONE', #936, .T. ) ;
#1760 = CARTESIAN_POINT ( 'NONE',  ( 8.000000000000003553, 13.21673746287884299, 3.000000000000000000 ) ) ;
#1761 = DIRECTION ( 'NONE',  ( -1.000000000000000000, 0.000000000000000000, 0.000000000000000000 ) ) ;
#1762 = DIRECTION ( 'NONE',  ( 1.000000000000000000, -8.240867768046642343E-17, 0.000000000000000000 ) ) ;
#1763 = VECTOR ( 'NONE', #2082, 1000.000000000000000 ) ;
#1764 = DIRECTION ( 'NONE',  ( -0.000000000000000000, -0.000000000000000000, -1.000000000000000000 ) ) ;
#1765 = EDGE_LOOP ( 'NONE', ( #44, #299, #1994, #58, #123, #1841, #1836, #51 ) ) ;
#1766 = CALENDAR_DATE ( 2025, 18, 6 ) ;
#1767 = EDGE_LOOP ( 'NONE', ( #1257, #1132, #1447, #143 ) ) ;
#1768 = CARTESIAN_POINT ( 'NONE',  ( -7.999999999999992895, 13.21673746287884121, 3.000000000000000000 ) ) ;
#1769 = VECTOR ( 'NONE', #437, 1000.000000000000000 ) ;
#1770 = EDGE_CURVE ( 'NONE', #2321, #1069, #845, .T. ) ;
#1771 = LINE ( 'NONE', #324, #2306 ) ;
#1772 = CARTESIAN_POINT ( 'NONE',  ( 4.949747468305815801, -48.73301000542698347, 0.000000000000000000 ) ) ;
#1773 = ORIENTED_EDGE ( 'NONE', *, *, #144, .T. ) ;
#1774 = VECTOR ( 'NONE', #618, 1000.000000000000000 ) ;
#1775 = AXIS2_PLACEMENT_3D ( 'NONE', #2049, #1509, #2209 ) ;
#1776 = VECTOR ( 'NONE', #796, 1000.000000000000000 ) ;
#1777 = DIRECTION ( 'NONE',  ( 0.8320502943378436100, 0.5547001962252292584, -0.000000000000000000 ) ) ;
#1778 = EDGE_CURVE ( 'NONE', #1001, #2000, #2054, .T. ) ;
#1779 = DATE_AND_TIME ( #381, #1402 ) ;
#1780 = VERTEX_POINT ( 'NONE', #2215 ) ;
#1781 = CARTESIAN_POINT ( 'NONE',  ( 6.000000000000023093, -7.645592067363497953E-16, 3.000000000000000000 ) ) ;
#1782 = EDGE_CURVE ( 'NONE', #1713, #158, #1004, .T. ) ;
#1783 = DIRECTION ( 'NONE',  ( 1.000000000000000000, 0.000000000000000000, 0.000000000000000000 ) ) ;
#1784 = VECTOR ( 'NONE', #1314, 1000.000000000000000 ) ;
#1785 = DIRECTION ( 'NONE',  ( 1.084202172485504434E-16, -1.000000000000000000, 0.000000000000000000 ) ) ;
#1786 = EDGE_LOOP ( 'NONE', ( #2338, #1383, #601, #207, #718, #787, #1634, #885 ) ) ;
#1787 = EDGE_CURVE ( 'NONE', #90, #1969, #414, .T. ) ;
#1788 = DIRECTION ( 'NONE',  ( 0.000000000000000000, 0.000000000000000000, 1.000000000000000000 ) ) ;
#1789 = CARTESIAN_POINT ( 'NONE',  ( 4.949747468305815801, -48.73301000542698347, 3.000000000000000000 ) ) ;
#1790 = ORIENTED_EDGE ( 'NONE', *, *, #1205, .T. ) ;
#1791 = DATE_TIME_ROLE ( 'creation_date' ) ;
#1792 = VERTEX_POINT ( 'NONE', #980 ) ;
#1793 = ORIENTED_EDGE ( 'NONE', *, *, #1277, .T. ) ;
#1794 = CARTESIAN_POINT ( 'NONE',  ( -3.399747468305839959, -48.73301000542699057, 3.000000000000000000 ) ) ;
#1795 = CARTESIAN_POINT ( 'NONE',  ( 4.949747468305821130, -38.83351506881533055, 0.000000000000000000 ) ) ;
#1796 = LINE ( 'NONE', #748, #239 ) ;
#1797 = ORIENTED_EDGE ( 'NONE', *, *, #1546, .T. ) ;
#1798 = CARTESIAN_POINT ( 'NONE',  ( -10.05381347867129804, -6.702542319114200176, 3.000000000000000000 ) ) ;
#1799 = CARTESIAN_POINT ( 'NONE',  ( -1.550000000000002487, -43.78326253712115346, 0.000000000000000000 ) ) ;
#1800 = DIRECTION ( 'NONE',  ( -0.000000000000000000, -0.000000000000000000, -1.000000000000000000 ) ) ;
#1801 = EDGE_LOOP ( 'NONE', ( #1477, #2034, #1131, #941 ) ) ;
#1802 = EDGE_CURVE ( 'NONE', #904, #1889, #959, .T. ) ;
#1803 = ORIENTED_EDGE ( 'NONE', *, *, #1682, .F. ) ;
#1804 = EDGE_LOOP ( 'NONE', ( #1244, #391, #960, #1270 ) ) ;
#1805 = DIRECTION ( 'NONE',  ( 6.371326722802889980E-16, 1.000000000000000000, 0.000000000000000000 ) ) ;
#1806 = EDGE_CURVE ( 'NONE', #708, #1355, #1855, .T. ) ;
#1807 = ADVANCED_FACE ( 'NONE', ( #769 ), #1135, .F. ) ;
#1808 = CARTESIAN_POINT ( 'NONE',  ( 14.10905387102304154, -98.78326253712117477, 0.000000000000000000 ) ) ;
#1809 = CIRCLE ( 'NONE', #117, 2.000000000000000000 ) ;
#1810 = CARTESIAN_POINT ( 'NONE',  ( -4.949747468305846887, -48.73301000542699057, 0.000000000000000000 ) ) ;
#1811 = ORIENTED_EDGE ( 'NONE', *, *, #1233, .T. ) ;
#1812 = VECTOR ( 'NONE', #1973, 1000.000000000000000 ) ;
#1813 = VECTOR ( 'NONE', #1356, 1000.000000000000000 ) ;
#1815 = CIRCLE ( 'NONE', #995, 1.550000000000007150 ) ;
#1814 = CARTESIAN_POINT ( 'NONE',  ( 2.335899411324330543, -19.28711165410763684, 0.000000000000000000 ) ) ;
#1816 = ORGANIZATION ( 'æœª', 'æœª', '' ) ;
#1817 = DIRECTION ( 'NONE',  ( -0.000000000000000000, -0.000000000000000000, -1.000000000000000000 ) ) ;
#1818 = LOCAL_TIME ( 16, 16, 9.000000000000000000, #707 ) ;
#1819 = ORIENTED_EDGE ( 'NONE', *, *, #572, .T. ) ;
#1820 = DIRECTION ( 'NONE',  ( 1.000000000000000000, 0.000000000000000000, 0.000000000000000000 ) ) ;
#1821 = ADVANCED_FACE ( 'NONE', ( #2033 ), #425, .F. ) ;
#1822 = EDGE_LOOP ( 'NONE', ( #619, #100, #2187, #646 ) ) ;
#1823 = VERTEX_POINT ( 'NONE', #993 ) ;
#1824 = DIRECTION ( 'NONE',  ( -1.274265344560578144E-16, -1.000000000000000000, 0.000000000000000000 ) ) ;
#1825 = EDGE_CURVE ( 'NONE', #682, #400, #1705, .T. ) ;
#1826 = FACE_OUTER_BOUND ( 'NONE', #1276, .T. ) ;
#1827 = ORIENTED_EDGE ( 'NONE', *, *, #1388, .F. ) ;
#1828 = DIRECTION ( 'NONE',  ( 5.687147073731982675E-16, -1.000000000000000000, 0.000000000000000000 ) ) ;
#1829 = CARTESIAN_POINT ( 'NONE',  ( 1.549999999999998934, 6.216737462878846543, 3.000000000000000000 ) ) ;
#1830 = ORIENTED_EDGE ( 'NONE', *, *, #1678, .T. ) ;
#1831 = EDGE_LOOP ( 'NONE', ( #1451, #181, #295, #1672 ) ) ;
#1832 = ORIENTED_EDGE ( 'NONE', *, *, #1264, .F. ) ;
#1833 = APPROVAL ( #526, 'æœª' ) ;
#1834 = CARTESIAN_POINT ( 'NONE',  ( -5.999999999999992006, -5.733010005426988798, 3.000000000000000000 ) ) ;
#1835 = DIRECTION ( 'NONE',  ( 0.000000000000000000, -1.000000000000000000, 0.000000000000000000 ) ) ;
#1836 = ORIENTED_EDGE ( 'NONE', *, *, #1566, .T. ) ;
#1837 = DIRECTION ( 'NONE',  ( 1.000000000000000000, 0.000000000000000000, 0.000000000000000000 ) ) ;
#1838 = DIRECTION ( 'NONE',  ( 0.000000000000000000, 0.000000000000000000, 1.000000000000000000 ) ) ;
#1839 = FACE_OUTER_BOUND ( 'NONE', #1804, .T. ) ;
#1840 = ORIENTED_EDGE ( 'NONE', *, *, #1175, .F. ) ;
#1841 = ORIENTED_EDGE ( 'NONE', *, *, #1175, .T. ) ;
#1842 = ORIENTED_EDGE ( 'NONE', *, *, #253, .F. ) ;
#1843 = CARTESIAN_POINT ( 'NONE',  ( -4.949747468305846887, -48.73301000542699057, 0.000000000000000000 ) ) ;
#1844 = CARTESIAN_POINT ( 'NONE',  ( -1.000000000000000666, -90.78326253712118898, 20.00000000000000000 ) ) ;
#1845 = ORIENTED_EDGE ( 'NONE', *, *, #1003, .T. ) ;
#1846 = ADVANCED_FACE ( 'NONE', ( #1181 ), #127, .F. ) ;
#1847 = AXIS2_PLACEMENT_3D ( 'NONE', #774, #1675, #1140 ) ;
#1848 = CARTESIAN_POINT ( 'NONE',  ( 4.000000000000015987, -55.16974410172014132, 3.000000000000000000 ) ) ;
#1849 = CARTESIAN_POINT ( 'NONE',  ( -5.999999999999995559, -19.38881381258514125, 3.000000000000000000 ) ) ;
#1850 = AXIS2_PLACEMENT_3D ( 'NONE', #1470, #226, #1267 ) ;
#1851 = EDGE_CURVE ( 'NONE', #563, #289, #2155, .T. ) ;
#1852 = LINE ( 'NONE', #633, #1697 ) ;
#1853 = CIRCLE ( 'NONE', #844, 1.000000000000000666 ) ;
#1854 = ORIENTED_EDGE ( 'NONE', *, *, #1503, .F. ) ;
#1855 = CIRCLE ( 'NONE', #2115, 1.000000000000000666 ) ;
#1856 = CYLINDRICAL_SURFACE ( 'NONE', #2116, 2.000000000000000000 ) ;
#1857 = VECTOR ( 'NONE', #1034, 1000.000000000000000 ) ;
#1858 = ORIENTED_EDGE ( 'NONE', *, *, #1737, .T. ) ;
#1859 = CARTESIAN_POINT ( 'NONE',  ( -6.499747468305833387, 11.16648493118467833, 3.000000000000000000 ) ) ;
#1860 = EDGE_CURVE ( 'NONE', #1113, #1969, #1718, .T. ) ;
#1861 = CARTESIAN_POINT ( 'NONE',  ( 0.000000000000000000, -83.78326253712118898, 2.999999999999999112 ) ) ;
#1862 = ORIENTED_EDGE ( 'NONE', *, *, #2058, .F. ) ;
#1863 = LINE ( 'NONE', #1694, #573 ) ;
#1864 = DIRECTION ( 'NONE',  ( 0.000000000000000000, 0.000000000000000000, -1.000000000000000000 ) ) ;
#1865 = CARTESIAN_POINT ( 'NONE',  ( -7.999999999999992895, 13.21673746287884121, 0.000000000000000000 ) ) ;
#1866 = EDGE_CURVE ( 'NONE', #1647, #967, #1063, .T. ) ;
#1867 = VERTEX_POINT ( 'NONE', #300 ) ;
#1868 = LINE ( 'NONE', #256, #1473 ) ;
#1869 = ORIENTED_EDGE ( 'NONE', *, *, #5, .F. ) ;
#1870 = LINE ( 'NONE', #1691, #771 ) ;
#1871 = CARTESIAN_POINT ( 'NONE',  ( 4.952380952380972090, -98.78326253712117477, 3.000000000000000000 ) ) ;
#1872 = ORIENTED_EDGE ( 'NONE', *, *, #687, .T. ) ;
#1873 = DIRECTION ( 'NONE',  ( 0.000000000000000000, -1.000000000000000000, 0.000000000000000000 ) ) ;
#1874 = DIRECTION ( 'NONE',  ( -1.000000000000000000, 0.000000000000000000, 0.000000000000000000 ) ) ;
#1875 = CARTESIAN_POINT ( 'NONE',  ( -3.999999999999996447, -19.38881381258514125, 3.000000000000000000 ) ) ;
#1876 = ORIENTED_EDGE ( 'NONE', *, *, #1391, .F. ) ;
#1877 = FACE_OUTER_BOUND ( 'NONE', #409, .T. ) ;
#1878 = ORIENTED_EDGE ( 'NONE', *, *, #1233, .F. ) ;
#1879 = CARTESIAN_POINT ( 'NONE',  ( 0.000000000000000000, -66.78326253712116056, 3.000000000000000000 ) ) ;
#1880 = DIRECTION ( 'NONE',  ( 1.000000000000000000, 0.000000000000000000, 0.000000000000000000 ) ) ;
#1881 = CARTESIAN_POINT ( 'NONE',  ( -0.4649058835000351442, -56.27914449417060894, 0.000000000000000000 ) ) ;
#1882 = CARTESIAN_POINT ( 'NONE',  ( -5.999999999999993783, 4.944520660827980722E-16, 3.000000000000000000 ) ) ;
#1883 = AXIS2_PLACEMENT_3D ( 'NONE', #584, #453, #270 ) ;
#1884 = CARTESIAN_POINT ( 'NONE',  ( 0.8008052948243539193, -64.78326253712116056, 3.000000000000000000 ) ) ;
#1885 = VECTOR ( 'NONE', #1072, 1000.000000000000000 ) ;
#1886 = ORIENTED_EDGE ( 'NONE', *, *, #1806, .T. ) ;
#1887 = CARTESIAN_POINT ( 'NONE',  ( 6.000000000000015099, -59.37095204395669157, 0.000000000000000000 ) ) ;
#1888 = CIRCLE ( 'NONE', #431, 2.000000000000000000 ) ;
#1889 = VERTEX_POINT ( 'NONE', #1214 ) ;
#1890 = DIRECTION ( 'NONE',  ( -1.000000000000000000, 0.000000000000000000, 0.000000000000000000 ) ) ;
#1891 = AXIS2_PLACEMENT_3D ( 'NONE', #1173, #408, #418 ) ;
#1892 = EDGE_CURVE ( 'NONE', #870, #2321, #496, .T. ) ;
#1893 = VECTOR ( 'NONE', #1864, 1000.000000000000000 ) ;
#1894 = AXIS2_PLACEMENT_3D ( 'NONE', #2224, #95, #451 ) ;
#1895 = ORIENTED_EDGE ( 'NONE', *, *, #851, .F. ) ;
#1896 = ADVANCED_FACE ( 'NONE', ( #1759 ), #1905, .F. ) ;
#1897 = DIRECTION ( 'NONE',  ( 1.000000000000000000, 0.000000000000000000, 0.000000000000000000 ) ) ;
#1898 = CARTESIAN_POINT ( 'NONE',  ( -6.000000000000004441, -64.78326253712116056, 0.000000000000000000 ) ) ;
#1899 = LINE ( 'NONE', #1721, #705 ) ;
#1900 = ORIENTED_EDGE ( 'NONE', *, *, #925, .T. ) ;
#1901 = ORIENTED_EDGE ( 'NONE', *, *, #2061, .T. ) ;
#1902 = ORIENTED_EDGE ( 'NONE', *, *, #1229, .T. ) ;
#1903 = EDGE_CURVE ( 'NONE', #626, #2288, #145, .T. ) ;
#1904 = ORIENTED_EDGE ( 'NONE', *, *, #222, .T. ) ;
#1905 = PLANE ( 'NONE',  #919 ) ;
#1906 = FACE_OUTER_BOUND ( 'NONE', #218, .T. ) ;
#1907 = DIRECTION ( 'NONE',  ( 1.000000000000000000, 0.000000000000000000, 0.000000000000000000 ) ) ;
#1908 = ORIENTED_EDGE ( 'NONE', *, *, #2100, .F. ) ;
#1909 = DIRECTION ( 'NONE',  ( 1.000000000000000000, -3.469446951953614189E-15, 0.000000000000000000 ) ) ;
#1910 = ORIENTED_EDGE ( 'NONE', *, *, #1945, .T. ) ;
#1911 = CARTESIAN_POINT ( 'NONE',  ( 5.000000000000004441, 16.21673746287884299, 0.000000000000000000 ) ) ;
#1912 = ORIENTED_EDGE ( 'NONE', *, *, #1391, .T. ) ;
#1913 = LINE ( 'NONE', #1226, #272 ) ;
#1914 = LINE ( 'NONE', #1227, #1328 ) ;
#1915 = CYLINDRICAL_SURFACE ( 'NONE', #658, 2.000000000000000000 ) ;
#1916 = EDGE_CURVE ( 'NONE', #2285, #1022, #1407, .T. ) ;
#1917 = EDGE_CURVE ( 'NONE', #2202, #289, #2102, .T. ) ;
#1918 = LINE ( 'NONE', #501, #1250 ) ;
#1919 = EDGE_LOOP ( 'NONE', ( #525, #1482 ) ) ;
#1920 = EDGE_CURVE ( 'NONE', #606, #297, #1575, .T. ) ;
#1921 = DIRECTION ( 'NONE',  ( -1.000000000000000000, 0.000000000000000000, 0.000000000000000000 ) ) ;
#1922 = CIRCLE ( 'NONE', #1177, 2.000000000000000000 ) ;
#1923 = EDGE_LOOP ( 'NONE', ( #2146, #557, #341, #2304 ) ) ;
#1924 = DIRECTION ( 'NONE',  ( -1.000000000000000000, 0.000000000000000000, 0.000000000000000000 ) ) ;
#1925 = VECTOR ( 'NONE', #2263, 1000.000000000000000 ) ;
#1926 = VECTOR ( 'NONE', #2252, 1000.000000000000000 ) ;
#1927 = VECTOR ( 'NONE', #1967, 1000.000000000000000 ) ;
#1928 = CARTESIAN_POINT ( 'NONE',  ( -6.499747468305833387, 11.16648493118467833, 3.000000000000000000 ) ) ;
#1929 = VECTOR ( 'NONE', #865, 1000.000000000000000 ) ;
#1930 = DIRECTION ( 'NONE',  ( 0.000000000000000000, -0.000000000000000000, -1.000000000000000000 ) ) ;
#1931 = ADVANCED_FACE ( 'NONE', ( #649 ), #2128, .F. ) ;
#1932 = AXIS2_PLACEMENT_3D ( 'NONE', #2043, #258, #1352 ) ;
#1933 = FACE_OUTER_BOUND ( 'NONE', #636, .T. ) ;
#1934 = PRODUCT_RELATED_PRODUCT_CATEGORY ( 'detail', '', ( #644 ) ) ;
#1935 = DIRECTION ( 'NONE',  ( 0.000000000000000000, 0.000000000000000000, 1.000000000000000000 ) ) ;
#1936 = DIRECTION ( 'NONE',  ( -1.000000000000000000, 0.000000000000000000, 0.000000000000000000 ) ) ;
#1937 = CARTESIAN_POINT ( 'NONE',  ( 4.949747468305833564, 11.16648493118467833, 3.000000000000000000 ) ) ;
#1938 = DIRECTION ( 'NONE',  ( 0.5547001962252292584, -0.8320502943378436100, 0.000000000000000000 ) ) ;
#1939 = DIRECTION ( 'NONE',  ( 1.000000000000000000, 6.938893903907228378E-15, 0.000000000000000000 ) ) ;
#1940 = LINE ( 'NONE', #1381, #2315 ) ;
#1941 = DIRECTION ( 'NONE',  ( -0.000000000000000000, -0.000000000000000000, 1.000000000000000000 ) ) ;
#1942 = CARTESIAN_POINT ( 'NONE',  ( 8.000000000000015987, -66.78326253712116056, 3.000000000000000000 ) ) ;
#1943 = APPROVAL_ROLE ( '' ) ;
#1944 = EDGE_CURVE ( 'NONE', #553, #1081, #806, .T. ) ;
#1945 = EDGE_CURVE ( 'NONE', #1758, #984, #1109, .T. ) ;
#1946 = ORIENTED_EDGE ( 'NONE', *, *, #1094, .F. ) ;
#1947 = DIRECTION ( 'NONE',  ( 0.000000000000000000, 0.000000000000000000, 1.000000000000000000 ) ) ;
#1948 = CYLINDRICAL_SURFACE ( 'NONE', #2267, 3.000000000000000000 ) ;
#1949 = EDGE_CURVE ( 'NONE', #1684, #588, #388, .T. ) ;
#1950 = DIRECTION ( 'NONE',  ( -1.000000000000000000, 0.000000000000000000, 0.000000000000000000 ) ) ;
#1951 = DIRECTION ( 'NONE',  ( 0.000000000000000000, 1.000000000000000000, -0.000000000000000000 ) ) ;
#1952 = CARTESIAN_POINT ( 'NONE',  ( -5.999999999999996447, -31.83351506881532700, 3.000000000000000000 ) ) ;
#1953 = LINE ( 'NONE', #1065, #2151 ) ;
#1954 = ORIENTED_EDGE ( 'NONE', *, *, #477, .T. ) ;
#1955 = DATE_TIME_ROLE ( 'classification_date' ) ;
#1956 = CIRCLE ( 'NONE', #1847, 1.000000000000000222 ) ;
#1957 = VERTEX_POINT ( 'NONE', #2277 ) ;
#1958 = FACE_BOUND ( 'NONE', #1919, .T. ) ;
#1959 = CIRCLE ( 'NONE', #424, 1.550000000000000266 ) ;
#1960 = AXIS2_PLACEMENT_3D ( 'NONE', #1019, #1747, #287 ) ;
#1961 = CARTESIAN_POINT ( 'NONE',  ( -3.399747468305841736, -38.83351506881533055, 3.000000000000000000 ) ) ;
#1962 = DIRECTION ( 'NONE',  ( -0.000000000000000000, -0.000000000000000000, 1.000000000000000000 ) ) ;
#1963 = EDGE_LOOP ( 'NONE', ( #63, #2186 ) ) ;
#1964 = AXIS2_PLACEMENT_3D ( 'NONE', #1248, #1633, #2153 ) ;
#1965 = AXIS2_PLACEMENT_3D ( 'NONE', #103, #663, #1749 ) ;
#1966 = CYLINDRICAL_SURFACE ( 'NONE', #49, 2.000000000000000000 ) ;
#1967 = DIRECTION ( 'NONE',  ( -1.000000000000000000, 0.000000000000000000, 0.000000000000000000 ) ) ;
#1968 = VERTEX_POINT ( 'NONE', #1554 ) ;
#1969 = VERTEX_POINT ( 'NONE', #1395 ) ;
#1970 = ORIENTED_EDGE ( 'NONE', *, *, #664, .T. ) ;
#1971 = FACE_BOUND ( 'NONE', #1490, .T. ) ;
#1972 = EDGE_CURVE ( 'NONE', #2202, #244, #2002, .T. ) ;
#1973 = DIRECTION ( 'NONE',  ( -8.240867768046642343E-17, -1.000000000000000000, 0.000000000000000000 ) ) ;
#1974 = LINE ( 'NONE', #2139, #2195 ) ;
#1975 = ORIENTED_EDGE ( 'NONE', *, *, #1264, .T. ) ;
#1976 = EDGE_CURVE ( 'NONE', #1969, #1043, #2307, .T. ) ;
#1977 = DIRECTION ( 'NONE',  ( -0.000000000000000000, -0.000000000000000000, -1.000000000000000000 ) ) ;
#1978 = CARTESIAN_POINT ( 'NONE',  ( -7.999999999999992895, 13.21673746287884121, 3.000000000000000000 ) ) ;
#1979 = LINE ( 'NONE', #1255, #1927 ) ;
#1980 = EDGE_CURVE ( 'NONE', #1079, #1968, #1913, .T. ) ;
#1981 = DATE_AND_TIME ( #154, #203 ) ;
#1982 = ORIENTED_EDGE ( 'NONE', *, *, #1610, .T. ) ;
#1983 = VERTEX_POINT ( 'NONE', #323 ) ;
#1984 = DIRECTION ( 'NONE',  ( 0.000000000000000000, 0.000000000000000000, 1.000000000000000000 ) ) ;
#1985 = CARTESIAN_POINT ( 'NONE',  ( 0.4649058835000385859, -63.67386214467070715, 3.000000000000000000 ) ) ;
#1986 = CARTESIAN_POINT ( 'NONE',  ( 0.000000000000000000, -83.78326253712118898, 20.00000000000000000 ) ) ;
#1987 = ORIENTED_EDGE ( 'NONE', *, *, #1538, .F. ) ;
#1988 = CARTESIAN_POINT ( 'NONE',  ( 0.000000000000000000, -73.78326253712118898, 0.000000000000000000 ) ) ;
#1989 = EDGE_CURVE ( 'NONE', #286, #800, #1589, .T. ) ;
#1990 = DIRECTION ( 'NONE',  ( -0.000000000000000000, -0.000000000000000000, 1.000000000000000000 ) ) ;
#1991 = ORIENTED_EDGE ( 'NONE', *, *, #1693, .T. ) ;
#1992 = PERSON_AND_ORGANIZATION ( #1254, #1816 ) ;
#1993 = ADVANCED_FACE ( 'NONE', ( #211 ), #2010, .F. ) ;
#1994 = ORIENTED_EDGE ( 'NONE', *, *, #366, .T. ) ;
#1995 = ORIENTED_EDGE ( 'NONE', *, *, #363, .F. ) ;
#1996 = FACE_BOUND ( 'NONE', #1459, .T. ) ;
#1997 = AXIS2_PLACEMENT_3D ( 'NONE', #114, #1005, #106 ) ;
#1998 = AXIS2_PLACEMENT_3D ( 'NONE', #1087, #1951, #336 ) ;
#1999 = CARTESIAN_POINT ( 'NONE',  ( -4.949747468305846887, -48.73301000542699057, 3.000000000000000000 ) ) ;
#2000 = VERTEX_POINT ( 'NONE', #346 ) ;
#2001 = AXIS2_PLACEMENT_3D ( 'NONE', #1390, #1762, #2108 ) ;
#2002 = CIRCLE ( 'NONE', #994, 1.550000000000000488 ) ;
#2004 = AXIS2_PLACEMENT_3D ( 'NONE', #2198, #339, #1105 ) ;
#2003 = CYLINDRICAL_SURFACE ( 'NONE', #969, 1.000000000000000222 ) ;
#2005 = LINE ( 'NONE', #1637, #1333 ) ;
#2006 = EDGE_CURVE ( 'NONE', #776, #1823, #906, .T. ) ;
#2007 = ORIENTED_EDGE ( 'NONE', *, *, #1892, .T. ) ;
#2008 = EDGE_LOOP ( 'NONE', ( #577, #1511, #2072, #405 ) ) ;
#2009 = ORIENTED_EDGE ( 'NONE', *, *, #1489, .F. ) ;
#2010 = CYLINDRICAL_SURFACE ( 'NONE', #1400, 2.000000000000000000 ) ;
#2011 = CYLINDRICAL_SURFACE ( 'NONE', #1964, 1.550000000000000266 ) ;
#2012 = ORIENTED_EDGE ( 'NONE', *, *, #923, .F. ) ;
#2013 = CARTESIAN_POINT ( 'NONE',  ( -5.999999999999992006, -6.177711261657170994, 3.000000000000000000 ) ) ;
#2014 = DIRECTION ( 'NONE',  ( -1.000000000000000000, 0.000000000000000000, 0.000000000000000000 ) ) ;
#2015 = CARTESIAN_POINT ( 'NONE',  ( -4.949747468305833564, 11.16648493118467833, 3.000000000000000000 ) ) ;
#2016 = ORIENTED_EDGE ( 'NONE', *, *, #2103, .T. ) ;
#2017 = ORIENTED_EDGE ( 'NONE', *, *, #387, .F. ) ;
#2018 = ORIENTED_EDGE ( 'NONE', *, *, #1016, .F. ) ;
#2019 = PLANE ( 'NONE',  #2157 ) ;
#2020 = ADVANCED_FACE ( 'NONE', ( #2148, #1971, #1631, #2176, #2164, #886, #1245, #170, #1097, #358, #1299, #755, #159, #1958, #1996, #1596, #733, #1285 ), #1464, .T. ) ;
#2021 = CARTESIAN_POINT ( 'NONE',  ( -6.000000000000001776, -60.58205459488463873, 0.000000000000000000 ) ) ;
#2022 = EDGE_LOOP ( 'NONE', ( #1235, #1051, #1716, #2045 ) ) ;
#2023 = ADVANCED_FACE ( 'NONE', ( #1644 ), #24, .T. ) ;
#2024 = DIRECTION ( 'NONE',  ( -0.000000000000000000, -0.000000000000000000, -1.000000000000000000 ) ) ;
#2025 = DIRECTION ( 'NONE',  ( 0.09480909262799555592, -0.9954954725939522131, 0.000000000000000000 ) ) ;
#2026 = PLANE ( 'NONE',  #1891 ) ;
#2027 = ORIENTED_EDGE ( 'NONE', *, *, #1192, .F. ) ;
#2028 = CARTESIAN_POINT ( 'NONE',  ( -3.399747468305832410, 1.266989994573012313, 3.000000000000000000 ) ) ;
#2029 = ADVANCED_FACE ( 'NONE', ( #1605 ), #933, .T. ) ;
#2030 = ORIENTED_EDGE ( 'NONE', *, *, #1514, .F. ) ;
#2031 = CYLINDRICAL_SURFACE ( 'NONE', #1932, 1.550000000000007150 ) ;
#2032 = EDGE_CURVE ( 'NONE', #2147, #1889, #195, .T. ) ;
#2033 = FACE_OUTER_BOUND ( 'NONE', #643, .T. ) ;
#2034 = ORIENTED_EDGE ( 'NONE', *, *, #1658, .T. ) ;
#2035 = FACE_OUTER_BOUND ( 'NONE', #1689, .T. ) ;
#2036 = DIRECTION ( 'NONE',  ( 0.000000000000000000, 0.000000000000000000, -1.000000000000000000 ) ) ;
#2037 = AXIS2_PLACEMENT_3D ( 'NONE', #1448, #1838, #18 ) ;
#2038 = CARTESIAN_POINT ( 'NONE',  ( 8.000000000000003553, 13.21673746287884299, 3.000000000000000000 ) ) ;
#2039 = ORIENTED_EDGE ( 'NONE', *, *, #2100, .T. ) ;
#2040 = VECTOR ( 'NONE', #1962, 1000.000000000000000 ) ;
#2041 = EDGE_LOOP ( 'NONE', ( #1189, #1910, #442, #740 ) ) ;
#2042 = VERTEX_POINT ( 'NONE', #1083 ) ;
#2043 = CARTESIAN_POINT ( 'NONE',  ( -4.949747468305846887, -48.73301000542699057, 3.000000000000000000 ) ) ;
#2044 = DIRECTION ( 'NONE',  ( 0.000000000000000000, -1.000000000000000000, 0.000000000000000000 ) ) ;
#2045 = ORIENTED_EDGE ( 'NONE', *, *, #544, .F. ) ;
#2046 = CARTESIAN_POINT ( 'NONE',  ( 4.949747468305833564, 11.16648493118467833, 0.000000000000000000 ) ) ;
#2047 = CARTESIAN_POINT ( 'NONE',  ( 4.000000000000012434, -33.83351506881533055, 0.000000000000000000 ) ) ;
#2048 = EDGE_CURVE ( 'NONE', #1067, #695, #36, .T. ) ;
#2049 = CARTESIAN_POINT ( 'NONE',  ( -4.949747468305844222, -38.83351506881533055, 3.000000000000000000 ) ) ;
#2050 = ORIENTED_EDGE ( 'NONE', *, *, #1403, .T. ) ;
#2051 = DIRECTION ( 'NONE',  ( 1.000000000000000000, 0.000000000000000000, 0.000000000000000000 ) ) ;
#2052 = VERTEX_POINT ( 'NONE', #578 ) ;
#2053 = DIRECTION ( 'NONE',  ( 0.000000000000000000, -0.000000000000000000, -1.000000000000000000 ) ) ;
#2054 = LINE ( 'NONE', #1311, #1774 ) ;
#2055 = DIRECTION ( 'NONE',  ( 0.000000000000000000, 0.000000000000000000, 1.000000000000000000 ) ) ;
#2056 = DIRECTION ( 'NONE',  ( 0.000000000000000000, 0.000000000000000000, 1.000000000000000000 ) ) ;
#2057 = CARTESIAN_POINT ( 'NONE',  ( -4.949747468305844222, -38.83351506881533055, 0.000000000000000000 ) ) ;
#2058 = EDGE_CURVE ( 'NONE', #235, #90, #2334, .T. ) ;
#2059 = ORIENTED_EDGE ( 'NONE', *, *, #167, .T. ) ;
#2060 = CARTESIAN_POINT ( 'NONE',  ( 6.000000000000014211, -18.17771126165717632, 3.000000000000000000 ) ) ;
#2061 = EDGE_CURVE ( 'NONE', #1100, #375, #719, .T. ) ;
#2062 = ORIENTED_EDGE ( 'NONE', *, *, #1770, .T. ) ;
#2063 = EDGE_CURVE ( 'NONE', #1603, #1453, #2274, .T. ) ;
#2064 =( LENGTH_UNIT ( ) NAMED_UNIT ( * ) SI_UNIT ( .MILLI., .METRE. ) );
#2065 = VECTOR ( 'NONE', #1047, 1000.000000000000000 ) ;
#2066 = ORIENTED_EDGE ( 'NONE', *, *, #380, .T. ) ;
#2067 = DIRECTION ( 'NONE',  ( -6.371326722802890966E-16, -1.000000000000000000, 0.000000000000000000 ) ) ;
#2068 = CARTESIAN_POINT ( 'NONE',  ( 6.000000000000015987, -55.16974410172014132, 3.000000000000000000 ) ) ;
#2069 = DIRECTION ( 'NONE',  ( 0.000000000000000000, 0.000000000000000000, 1.000000000000000000 ) ) ;
#2070 = VECTOR ( 'NONE', #2024, 1000.000000000000000 ) ;
#2071 = AXIS2_PLACEMENT_3D ( 'NONE', #929, #2183, #2170 ) ;
#2072 = ORIENTED_EDGE ( 'NONE', *, *, #2314, .T. ) ;
#2073 = CARTESIAN_POINT ( 'NONE',  ( 8.000000000000015987, -66.78326253712116056, 3.000000000000000000 ) ) ;
#2074 = AXIS2_PLACEMENT_3D ( 'NONE', #2289, #839, #2296 ) ;
#2075 = VERTEX_POINT ( 'NONE', #1794 ) ;
#2076 = FACE_OUTER_BOUND ( 'NONE', #481, .T. ) ;
#2077 = AXIS2_PLACEMENT_3D ( 'NONE', #31, #2, #560 ) ;
#2078 = VECTOR ( 'NONE', #2229, 1000.000000000000000 ) ;
#2079 = AXIS2_PLACEMENT_3D ( 'NONE', #1757, #1364, #2113 ) ;
#2080 = DIRECTION ( 'NONE',  ( 1.000000000000000000, -1.274265344560578144E-16, 0.000000000000000000 ) ) ;
#2081 = FACE_OUTER_BOUND ( 'NONE', #60, .T. ) ;
#2082 = DIRECTION ( 'NONE',  ( -0.000000000000000000, -0.000000000000000000, -1.000000000000000000 ) ) ;
#2083 = ORIENTED_EDGE ( 'NONE', *, *, #237, .F. ) ;
#2084 = CARTESIAN_POINT ( 'NONE',  ( 4.949747468305833564, 11.16648493118467833, 0.000000000000000000 ) ) ;
#2085 = AXIS2_PLACEMENT_3D ( 'NONE', #750, #902, #2014 ) ;
#2086 = VERTEX_POINT ( 'NONE', #554 ) ;
#2087 = PLANE ( 'NONE',  #91 ) ;
#2088 = ORIENTED_EDGE ( 'NONE', *, *, #1682, .T. ) ;
#2089 = EDGE_CURVE ( 'NONE', #1022, #870, #734, .T. ) ;
#2090 = DIRECTION ( 'NONE',  ( 1.000000000000000000, 0.000000000000000000, 0.000000000000000000 ) ) ;
#2091 = ADVANCED_FACE ( 'NONE', ( #1157 ), #439, .F. ) ;
#2092 = DIRECTION ( 'NONE',  ( -1.000000000000000000, 0.000000000000000000, 0.000000000000000000 ) ) ;
#2093 = DIRECTION ( 'NONE',  ( 0.000000000000000000, 0.000000000000000000, -1.000000000000000000 ) ) ;
#2094 = EDGE_CURVE ( 'NONE', #528, #1319, #1186, .T. ) ;
#2095 = DIRECTION ( 'NONE',  ( 0.000000000000000000, 0.000000000000000000, -1.000000000000000000 ) ) ;
#2096 = ORIENTED_EDGE ( 'NONE', *, *, #570, .F. ) ;
#2097 = FACE_BOUND ( 'NONE', #1669, .T. ) ;
#2098 = ORIENTED_EDGE ( 'NONE', *, *, #1101, .T. ) ;
#2099 = FACE_OUTER_BOUND ( 'NONE', #2309, .T. ) ;
#2100 = EDGE_CURVE ( 'NONE', #158, #1599, #922, .T. ) ;
#2101 = ORIENTED_EDGE ( 'NONE', *, *, #849, .F. ) ;
#2102 = LINE ( 'NONE', #1928, #1218 ) ;
#2103 = EDGE_CURVE ( 'NONE', #1528, #955, #1870, .T. ) ;
#2104 = ADVANCED_FACE ( 'NONE', ( #590 ), #247, .F. ) ;
#2105 = CARTESIAN_POINT ( 'NONE',  ( -4.999999999999992895, 13.21673746287884121, 0.000000000000000000 ) ) ;
#2106 = CARTESIAN_POINT ( 'NONE',  ( 5.664100588675704095, -30.27941342013470205, 3.000000000000000000 ) ) ;
#2107 = VECTOR ( 'NONE', #1458, 1000.000000000000000 ) ;
#2108 = DIRECTION ( 'NONE',  ( 8.240867768046642343E-17, 1.000000000000000000, 0.000000000000000000 ) ) ;
#2109 = DIRECTION ( 'NONE',  ( 1.000000000000000000, 0.000000000000000000, 0.000000000000000000 ) ) ;
#2110 = CIRCLE ( 'NONE', #338, 1.550000000000007150 ) ;
#2111 = EDGE_CURVE ( 'NONE', #35, #1516, #161, .T. ) ;
#2112 = ORIENTED_EDGE ( 'NONE', *, *, #1851, .T. ) ;
#2113 = DIRECTION ( 'NONE',  ( -1.000000000000000000, 0.000000000000000000, 0.000000000000000000 ) ) ;
#2114 = CIRCLE ( 'NONE', #1293, 2.000000000000000000 ) ;
#2115 = AXIS2_PLACEMENT_3D ( 'NONE', #1692, #1481, #1880 ) ;
#2116 = AXIS2_PLACEMENT_3D ( 'NONE', #985, #1513, #1488 ) ;
#2117 = ORIENTED_EDGE ( 'NONE', *, *, #167, .F. ) ;
#2118 = DIRECTION ( 'NONE',  ( 0.000000000000000000, 0.000000000000000000, 1.000000000000000000 ) ) ;
#2119 = VECTOR ( 'NONE', #1145, 1000.000000000000000 ) ;
#2120 = CARTESIAN_POINT ( 'NONE',  ( -1.199194705175646192, -64.78326253712116056, 3.000000000000000000 ) ) ;
#2121 = LOCAL_TIME ( 16, 16, 9.000000000000000000, #1052 ) ;
#2122 = DIRECTION ( 'NONE',  ( -0.000000000000000000, -0.000000000000000000, -1.000000000000000000 ) ) ;
#2123 = DIRECTION ( 'NONE',  ( -1.236130165206996167E-16, -1.000000000000000000, 0.000000000000000000 ) ) ;
#2124 = CARTESIAN_POINT ( 'NONE',  ( 5.000000000000005329, 13.21673746287884299, 0.000000000000000000 ) ) ;
#2125 = APPROVAL_STATUS ( 'not_yet_approved' ) ;
#2126 = EDGE_CURVE ( 'NONE', #1154, #2086, #2234, .T. ) ;
#2127 = ORIENTED_EDGE ( 'NONE', *, *, #1614, .F. ) ;
#2128 = PLANE ( 'NONE',  #502 ) ;
#2129 = DIRECTION ( 'NONE',  ( -0.000000000000000000, -0.000000000000000000, -1.000000000000000000 ) ) ;
#2130 = CARTESIAN_POINT ( 'NONE',  ( 6.000000000000014211, -18.17771126165717632, 3.000000000000000000 ) ) ;
#2131 = FACE_OUTER_BOUND ( 'NONE', #1007, .T. ) ;
#2132 = CARTESIAN_POINT ( 'NONE',  ( 1.550000000000006484, -43.78326253712115346, 0.000000000000000000 ) ) ;
#2133 = EDGE_CURVE ( 'NONE', #397, #355, #1480, .T. ) ;
#2134 = DIRECTION ( 'NONE',  ( 0.000000000000000000, 0.000000000000000000, 1.000000000000000000 ) ) ;
#2135 = CALENDAR_DATE ( 2025, 18, 6 ) ;
#2136 = EDGE_LOOP ( 'NONE', ( #672, #2112 ) ) ;
#2137 = CARTESIAN_POINT ( 'NONE',  ( -3.999999999999992450, -5.733010005426987910, 0.000000000000000000 ) ) ;
#2138 = DIRECTION ( 'NONE',  ( -0.000000000000000000, -0.000000000000000000, -1.000000000000000000 ) ) ;
#2139 = CARTESIAN_POINT ( 'NONE',  ( 5.000000000000004441, 16.21673746287884299, 3.000000000000000000 ) ) ;
#2140 = EDGE_LOOP ( 'NONE', ( #1288, #1111 ) ) ;
#2141 = CARTESIAN_POINT ( 'NONE',  ( 5.664100588675696990, -30.27941342013469139, 3.000000000000000000 ) ) ;
#2142 = LINE ( 'NONE', #1602, #1738 ) ;
#2143 = ORIENTED_EDGE ( 'NONE', *, *, #321, .T. ) ;
#2144 = PERSON_AND_ORGANIZATION ( #1254, #1816 ) ;
#2145 = CIRCLE ( 'NONE', #1619, 1.550000000000007150 ) ;
#2146 = ORIENTED_EDGE ( 'NONE', *, *, #1388, .T. ) ;
#2147 = VERTEX_POINT ( 'NONE', #615 ) ;
#2148 = FACE_BOUND ( 'NONE', #931, .T. ) ;
#2149 = AXIS2_PLACEMENT_3D ( 'NONE', #1651, #1788, #1622 ) ;
#2150 = ADVANCED_FACE ( 'NONE', ( #1169 ), #988, .F. ) ;
#2151 = VECTOR ( 'NONE', #1990, 1000.000000000000000 ) ;
#2152 = CARTESIAN_POINT ( 'NONE',  ( -1.199194705175646192, -64.78326253712116056, 0.000000000000000000 ) ) ;
#2153 = DIRECTION ( 'NONE',  ( -1.000000000000000000, 0.000000000000000000, 0.000000000000000000 ) ) ;
#2154 = VERTEX_POINT ( 'NONE', #1530 ) ;
#2155 = CIRCLE ( 'NONE', #1147, 1.550000000000000488 ) ;
#2156 = EDGE_CURVE ( 'NONE', #1506, #1664, #1332, .T. ) ;
#2157 = AXIS2_PLACEMENT_3D ( 'NONE', #413, #1134, #629 ) ;
#2158 = LINE ( 'NONE', #2208, #2247 ) ;
#2159 = FACE_OUTER_BOUND ( 'NONE', #1164, .T. ) ;
#2160 = EDGE_LOOP ( 'NONE', ( #357, #1531 ) ) ;
#2161 = PERSON_AND_ORGANIZATION ( #1254, #1816 ) ;
#2162 = ORIENTED_EDGE ( 'NONE', *, *, #811, .T. ) ;
#2163 = ORIENTED_EDGE ( 'NONE', *, *, #1737, .F. ) ;
#2164 = FACE_OUTER_BOUND ( 'NONE', #1765, .T. ) ;
#2165 = ADVANCED_FACE ( 'NONE', ( #638 ), #2031, .F. ) ;
#2166 = DIRECTION ( 'NONE',  ( 1.000000000000000000, 0.000000000000000000, 0.000000000000000000 ) ) ;
#2167 = ADVANCED_FACE ( 'NONE', ( #1491 ), #2214, .F. ) ;
#2168 = CARTESIAN_POINT ( 'NONE',  ( 4.949747468305833564, 1.266989994573014755, 3.000000000000000000 ) ) ;
#2169 = ORIENTED_EDGE ( 'NONE', *, *, #2058, .T. ) ;
#2170 = DIRECTION ( 'NONE',  ( 1.000000000000000000, 0.000000000000000000, 0.000000000000000000 ) ) ;
#2171 = EDGE_CURVE ( 'NONE', #1453, #35, #401, .T. ) ;
#2172 = ORIENTED_EDGE ( 'NONE', *, *, #1471, .F. ) ;
#2173 = APPROVAL_DATE_TIME ( #1281, #475 ) ;
#2174 = VERTEX_POINT ( 'NONE', #221 ) ;
#2175 = ORIENTED_EDGE ( 'NONE', *, *, #2156, .F. ) ;
#2176 = FACE_BOUND ( 'NONE', #1679, .T. ) ;
#2177 = DIRECTION ( 'NONE',  ( 1.000000000000000000, 0.000000000000000000, 0.000000000000000000 ) ) ;
#2178 = CYLINDRICAL_SURFACE ( 'NONE', #1182, 1.550000000000000266 ) ;
#2179 = ORIENTED_EDGE ( 'NONE', *, *, #819, .T. ) ;
#2180 = AXIS2_PLACEMENT_3D ( 'NONE', #888, #1038, #2313 ) ;
#2181 = ADVANCED_FACE ( 'NONE', ( #1310 ), #2019, .F. ) ;
#2182 = DIRECTION ( 'NONE',  ( -0.000000000000000000, -0.000000000000000000, -1.000000000000000000 ) ) ;
#2183 = DIRECTION ( 'NONE',  ( 0.000000000000000000, 0.000000000000000000, 1.000000000000000000 ) ) ;
#2184 = LINE ( 'NONE', #1120, #539 ) ;
#2185 = ORIENTED_EDGE ( 'NONE', *, *, #1046, .F. ) ;
#2186 = ORIENTED_EDGE ( 'NONE', *, *, #945, .T. ) ;
#2187 = ORIENTED_EDGE ( 'NONE', *, *, #2063, .F. ) ;
#2188 = CARTESIAN_POINT ( 'NONE',  ( -6.000000000000004441, -64.78326253712116056, 3.000000000000000000 ) ) ;
#2189 = VECTOR ( 'NONE', #783, 1000.000000000000000 ) ;
#2190 = AXIS2_PLACEMENT_3D ( 'NONE', #545, #348, #1783 ) ;
#2191 = DIRECTION ( 'NONE',  ( 0.000000000000000000, 0.000000000000000000, 1.000000000000000000 ) ) ;
#2192 = ORIENTED_EDGE ( 'NONE', *, *, #1321, .F. ) ;
#2193 = VECTOR ( 'NONE', #777, 1000.000000000000000 ) ;
#2194 = CARTESIAN_POINT ( 'NONE',  ( 1.000000000000000666, -90.78326253712118898, 0.000000000000000000 ) ) ;
#2195 = VECTOR ( 'NONE', #736, 1000.000000000000000 ) ;
#2196 = LINE ( 'NONE', #1814, #1142 ) ;
#2197 = AXIS2_PLACEMENT_3D ( 'NONE', #1937, #1394, #1890 ) ;
#2198 = CARTESIAN_POINT ( 'NONE',  ( -1.141996145258102393E-15, 6.216737462878846543, 0.000000000000000000 ) ) ;
#2199 = EDGE_CURVE ( 'NONE', #126, #1957, #1256, .T. ) ;
#2200 = EDGE_LOOP ( 'NONE', ( #1858, #94, #2127, #38 ) ) ;
#2201 = CIRCLE ( 'NONE', #205, 1.000000000000000222 ) ;
#2202 = VERTEX_POINT ( 'NONE', #1859 ) ;
#2203 = EDGE_LOOP ( 'NONE', ( #1553, #1526 ) ) ;
#2204 = DIRECTION ( 'NONE',  ( -0.000000000000000000, -0.000000000000000000, -1.000000000000000000 ) ) ;
#2205 = CARTESIAN_POINT ( 'NONE',  ( -4.952380952380926793, -98.78326253712118898, 0.000000000000000000 ) ) ;
#2206 = EDGE_LOOP ( 'NONE', ( #1493, #971, #1572, #334 ) ) ;
#2207 = LINE ( 'NONE', #596, #2070 ) ;
#2208 = CARTESIAN_POINT ( 'NONE',  ( -5.999999999999995559, -3.412288244239187041E-15, 0.000000000000000000 ) ) ;
#2209 = DIRECTION ( 'NONE',  ( -1.000000000000000000, 0.000000000000000000, 0.000000000000000000 ) ) ;
#2210 = VERTEX_POINT ( 'NONE', #1320 ) ;
#2211 = ADVANCED_FACE ( 'NONE', ( #968 ), #1681, .F. ) ;
#2212 = EDGE_LOOP ( 'NONE', ( #1159, #1562, #634, #470 ) ) ;
#2213 = ORIENTED_EDGE ( 'NONE', *, *, #1825, .F. ) ;
#2214 = CYLINDRICAL_SURFACE ( 'NONE', #848, 1.550000000000002709 ) ;
#2215 = CARTESIAN_POINT ( 'NONE',  ( 6.499747468305823617, -38.83351506881533055, 0.000000000000000000 ) ) ;
#2216 = EDGE_LOOP ( 'NONE', ( #1657, #1540, #1213, #1041 ) ) ;
#2217 = CIRCLE ( 'NONE', #180, 1.550000000000000266 ) ;
#2218 = LINE ( 'NONE', #416, #500 ) ;
#2219 = CYLINDRICAL_SURFACE ( 'NONE', #1011, 2.000000000000000000 ) ;
#2220 = LINE ( 'NONE', #610, #462 ) ;
#2221 = VERTEX_POINT ( 'NONE', #142 ) ;
#2222 = DIRECTION ( 'NONE',  ( -0.000000000000000000, -0.000000000000000000, -1.000000000000000000 ) ) ;
#2223 = VERTEX_POINT ( 'NONE', #1541 ) ;
#2224 = CARTESIAN_POINT ( 'NONE',  ( 0.000000000000000000, -90.78326253712118898, 0.000000000000000000 ) ) ;
#2225 = CARTESIAN_POINT ( 'NONE',  ( 6.499747468305823617, -38.83351506881533055, 3.000000000000000000 ) ) ;
#2226 = VERTEX_POINT ( 'NONE', #1212 ) ;
#2227 = AXIS2_PLACEMENT_3D ( 'NONE', #813, #1663, #1486 ) ;
#2228 = DIRECTION ( 'NONE',  ( 1.000000000000000000, 0.000000000000000000, 0.000000000000000000 ) ) ;
#2229 = DIRECTION ( 'NONE',  ( -8.240867768046642343E-17, -1.000000000000000000, 0.000000000000000000 ) ) ;
#2230 = CIRCLE ( 'NONE', #575, 1.550000000000004485 ) ;
#2231 = VECTOR ( 'NONE', #1728, 1000.000000000000000 ) ;
#2232 = DIRECTION ( 'NONE',  ( 1.000000000000000000, 0.000000000000000000, 0.000000000000000000 ) ) ;
#2233 = VERTEX_POINT ( 'NONE', #1179 ) ;
#2234 = CIRCLE ( 'NONE', #1219, 2.000000000000000000 ) ;
#2235 = EDGE_LOOP ( 'NONE', ( #2179, #15, #2101, #550 ) ) ;
#2236 = AXIS2_PLACEMENT_3D ( 'NONE', #2137, #1429, #1261 ) ;
#2237 = EDGE_LOOP ( 'NONE', ( #1902, #379, #457, #1269 ) ) ;
#2238 = DIRECTION ( 'NONE',  ( -0.000000000000000000, -0.000000000000000000, -1.000000000000000000 ) ) ;
#2239 = CARTESIAN_POINT ( 'NONE',  ( -4.949747468305833564, 11.16648493118467833, 3.000000000000000000 ) ) ;
#2240 = ADVANCED_FACE ( 'NONE', ( #2099 ), #2260, .F. ) ;
#2241 = CYLINDRICAL_SURFACE ( 'NONE', #761, 1.550000000000007150 ) ;
#2242 = DIRECTION ( 'NONE',  ( 0.000000000000000000, 0.000000000000000000, 1.000000000000000000 ) ) ;
#2243 = AXIS2_PLACEMENT_3D ( 'NONE', #1810, #1421, #349 ) ;
#2244 = ADVANCED_FACE ( 'NONE', ( #1021 ), #2087, .F. ) ;
#2245 = DIRECTION ( 'NONE',  ( -0.000000000000000000, -0.000000000000000000, -1.000000000000000000 ) ) ;
#2246 = ORIENTED_EDGE ( 'NONE', *, *, #1008, .F. ) ;
#2247 = VECTOR ( 'NONE', #1828, 1000.000000000000000 ) ;
#2248 = CARTESIAN_POINT ( 'NONE',  ( 4.000000000000015987, -18.17771126165717632, 0.000000000000000000 ) ) ;
#2249 = ORIENTED_EDGE ( 'NONE', *, *, #403, .T. ) ;
#2250 = CARTESIAN_POINT ( 'NONE',  ( 1.000000000000000222, -73.78326253712118898, 20.00000000000000000 ) ) ;
#2251 = ORIENTED_EDGE ( 'NONE', *, *, #925, .F. ) ;
#2252 = DIRECTION ( 'NONE',  ( -0.000000000000000000, -0.000000000000000000, -1.000000000000000000 ) ) ;
#2253 = DIRECTION ( 'NONE',  ( -1.000000000000000000, 0.000000000000000000, 0.000000000000000000 ) ) ;
#2254 = DIRECTION ( 'NONE',  ( -1.000000000000000000, 0.000000000000000000, 0.000000000000000000 ) ) ;
#2255 = PRODUCT_DEFINITION ( 'æœ', '', #1706, #1525 ) ;
#2256 = DIRECTION ( 'NONE',  ( -0.000000000000000000, -0.000000000000000000, -1.000000000000000000 ) ) ;
#2257 = ORIENTED_EDGE ( 'NONE', *, *, #1152, .T. ) ;
#2258 = ORIENTED_EDGE ( 'NONE', *, *, #1802, .F. ) ;
#2259 = VERTEX_POINT ( 'NONE', #1200 ) ;
#2260 = CYLINDRICAL_SURFACE ( 'NONE', #2197, 1.550000000000000488 ) ;
#2261 = EDGE_CURVE ( 'NONE', #229, #835, #1704, .T. ) ;
#2262 = DIRECTION ( 'NONE',  ( -0.000000000000000000, -0.000000000000000000, -1.000000000000000000 ) ) ;
#2263 = DIRECTION ( 'NONE',  ( -6.371326722802890966E-16, -1.000000000000000000, 0.000000000000000000 ) ) ;
#2264 = LINE ( 'NONE', #1325, #1776 ) ;
#2265 = CIRCLE ( 'NONE', #648, 1.550000000000007150 ) ;
#2266 = AXIS2_PLACEMENT_3D ( 'NONE', #487, #688, #1037 ) ;
#2267 = AXIS2_PLACEMENT_3D ( 'NONE', #1246, #1430, #1045 ) ;
#2268 = EDGE_LOOP ( 'NONE', ( #194, #1734, #2162, #1869 ) ) ;
#2269 = CIRCLE ( 'NONE', #120, 1.550000000000004485 ) ;
#2270 = EDGE_CURVE ( 'NONE', #1406, #861, #471, .T. ) ;
#2271 = FACE_BOUND ( 'NONE', #2160, .T. ) ;
#2272 = VECTOR ( 'NONE', #1835, 1000.000000000000000 ) ;
#2273 = ORIENTED_EDGE ( 'NONE', *, *, #1916, .F. ) ;
#2274 = CIRCLE ( 'NONE', #2236, 2.000000000000000000 ) ;
#2275 = AXIS2_PLACEMENT_3D ( 'NONE', #877, #2122, #1950 ) ;
#2276 = EDGE_LOOP ( 'NONE', ( #2213, #516, #1895, #1621 ) ) ;
#2277 = CARTESIAN_POINT ( 'NONE',  ( -6.499747468305854703, -48.73301000542699057, 0.000000000000000000 ) ) ;
#2278 = CARTESIAN_POINT ( 'NONE',  ( 3.399747468305833298, 1.266989994573014755, 3.000000000000000000 ) ) ;
#2279 = DIRECTION ( 'NONE',  ( 0.000000000000000000, 0.000000000000000000, 1.000000000000000000 ) ) ;
#2280 = DIRECTION ( 'NONE',  ( -1.000000000000000000, 0.000000000000000000, 0.000000000000000000 ) ) ;
#2281 = VERTEX_POINT ( 'NONE', #1563 ) ;
#2282 = EDGE_CURVE ( 'NONE', #1889, #744, #1066, .T. ) ;
#2283 = DIRECTION ( 'NONE',  ( -1.000000000000000000, 0.000000000000000000, 0.000000000000000000 ) ) ;
#2284 = CIRCLE ( 'NONE', #1751, 1.550000000000002709 ) ;
#2285 = VERTEX_POINT ( 'NONE', #494 ) ;
#2286 = APPLICATION_PROTOCOL_DEFINITION ( 'international standard', 'config_control_design', 1994, #2336 ) ;
#2287 = EDGE_CURVE ( 'NONE', #1043, #297, #1714, .T. ) ;
#2288 = VERTEX_POINT ( 'NONE', #1042 ) ;
#2289 = CARTESIAN_POINT ( 'NONE',  ( -1.141996145258102393E-15, 6.216737462878846543, 3.000000000000000000 ) ) ;
#2290 = DIRECTION ( 'NONE',  ( 1.000000000000000000, 0.000000000000000000, 0.000000000000000000 ) ) ;
#2291 = FACE_OUTER_BOUND ( 'NONE', #2237, .T. ) ;
#2292 = CARTESIAN_POINT ( 'NONE',  ( -3.999999999999992450, -6.177711261657170994, 3.000000000000000000 ) ) ;
#2293 = PLANE ( 'NONE',  #1436 ) ;
#2294 = ORIENTED_EDGE ( 'NONE', *, *, #1989, .T. ) ;
#2295 = EDGE_CURVE ( 'NONE', #695, #2226, #1478, .T. ) ;
#2296 = DIRECTION ( 'NONE',  ( -1.000000000000000000, 0.000000000000000000, 0.000000000000000000 ) ) ;
#2297 = CARTESIAN_POINT ( 'NONE',  ( -2.335899411324305230, -18.27941342013468784, 3.000000000000000000 ) ) ;
#2298 = CARTESIAN_POINT ( 'NONE',  ( 6.000000000000023093, -7.645592067363497953E-16, 0.000000000000000000 ) ) ;
#2299 = CIRCLE ( 'NONE', #2180, 2.000000000000000000 ) ;
#2300 = CARTESIAN_POINT ( 'NONE',  ( 1.199194705175641751, -53.16974410172013421, 3.000000000000000000 ) ) ;
#2301 = VECTOR ( 'NONE', #795, 1000.000000000000000 ) ;
#2302 = CARTESIAN_POINT ( 'NONE',  ( -3.399747468305832410, 1.266989994573012313, 3.000000000000000000 ) ) ;
#2303 = CIRCLE ( 'NONE', #2037, 1.000000000000000666 ) ;
#2304 = ORIENTED_EDGE ( 'NONE', *, *, #1300, .T. ) ;
#2305 = CARTESIAN_POINT ( 'NONE',  ( -6.499747468305847597, -38.83351506881533055, 3.000000000000000000 ) ) ;
#2306 = VECTOR ( 'NONE', #521, 1000.000000000000000 ) ;
#2307 = CIRCLE ( 'NONE', #1295, 2.999999999999998224 ) ;
#2308 = AXIS2_PLACEMENT_3D ( 'NONE', #799, #1342, #815 ) ;
#2309 = EDGE_LOOP ( 'NONE', ( #109, #1773, #589, #421 ) ) ;
#2310 = DIRECTION ( 'NONE',  ( 0.5547001962252291474, -0.8320502943378436100, 0.000000000000000000 ) ) ;
#2311 = VECTOR ( 'NONE', #1417, 1000.000000000000000 ) ;
#2312 = FACE_OUTER_BOUND ( 'NONE', #2276, .T. ) ;
#2313 = DIRECTION ( 'NONE',  ( 1.000000000000000000, 0.000000000000000000, 0.000000000000000000 ) ) ;
#2314 = EDGE_CURVE ( 'NONE', #229, #102, #1726, .T. ) ;
#2315 = VECTOR ( 'NONE', #2093, 1000.000000000000000 ) ;
#2316 = DIRECTION ( 'NONE',  ( 0.5547001962252291474, -0.8320502943378436100, 0.000000000000000000 ) ) ;
#2317 = ADVANCED_FACE ( 'NONE', ( #2076 ), #460, .F. ) ;
#2318 = DIRECTION ( 'NONE',  ( 0.000000000000000000, 0.000000000000000000, 1.000000000000000000 ) ) ;
#2319 = ORIENTED_EDGE ( 'NONE', *, *, #1307, .T. ) ;
#2320 = APPROVAL_STATUS ( 'not_yet_approved' ) ;
#2321 = VERTEX_POINT ( 'NONE', #124 ) ;
#2322 = DIRECTION ( 'NONE',  ( 1.000000000000000000, -6.371326722802889980E-16, 0.000000000000000000 ) ) ;
#2323 = FACE_OUTER_BOUND ( 'NONE', #1756, .T. ) ;
#2324 = CARTESIAN_POINT ( 'NONE',  ( 3.399747468305832854, 11.16648493118467833, 3.000000000000000000 ) ) ;
#2325 = ORIENTED_EDGE ( 'NONE', *, *, #1321, .T. ) ;
#2326 = LINE ( 'NONE', #1798, #2189 ) ;
#2327 = CC_DESIGN_PERSON_AND_ORGANIZATION_ASSIGNMENT ( #1992, #369, ( #2255 ) ) ;
#2328 = CARTESIAN_POINT ( 'NONE',  ( 4.000000000000012434, -31.38881381258515191, 3.000000000000000000 ) ) ;
#2329 = CARTESIAN_POINT ( 'NONE',  ( 4.949747468305815801, -48.73301000542698347, 3.000000000000000000 ) ) ;
#2330 = VERTEX_POINT ( 'NONE', #1191 ) ;
#2331 = AXIS2_PLACEMENT_3D ( 'NONE', #1139, #2056, #284 ) ;
#2332 = VERTEX_POINT ( 'NONE', #133 ) ;
#2333 = ORIENTED_EDGE ( 'NONE', *, *, #1658, .F. ) ;
#2334 = LINE ( 'NONE', #1055, #1297 ) ;
#2335 = DIRECTION ( 'NONE',  ( -1.000000000000000000, 0.000000000000000000, 0.000000000000000000 ) ) ;
#2336 = APPLICATION_CONTEXT ( 'configuration controlled 3d designs of mechanical parts and assemblies' ) ;
#2337 = DIRECTION ( 'NONE',  ( -0.5547001962252292584, 0.8320502943378436100, 0.000000000000000000 ) ) ;
#2338 = ORIENTED_EDGE ( 'NONE', *, *, #1648, .F. ) ;
ENDSEC;
END-ISO-10303-21;
