ISO-10303-21;
HEADER;
FILE_DESCRIPTION (( 'STEP AP203' ),
    '1' );
FILE_NAME ('Íâ¿Ç¹Ì¶¨¼þ_1.STEP',
    '2025-06-18T08:24:50',
    ( '' ),
    ( '' ),
    'SwSTEP 2.0',
    'SolidWorks 2024',
    '' );
FILE_SCHEMA (( 'CONFIG_CONTROL_DESIGN' ));
ENDSEC;

DATA;
#1 = ORIENTED_EDGE ( 'NONE', *, *, #2019, .F. ) ;
#2 = CARTESIAN_POINT ( 'NONE',  ( -3.449747468305833120, -9.050252531694168212, 0.000000000000000000 ) ) ;
#3 = CIRCLE ( 'NONE', #1229, 1.500000000000001332 ) ;
#4 = LINE ( 'NONE', #472, #286 ) ;
#5 = EDGE_CURVE ( 'NONE', #1963, #379, #1968, .T. ) ;
#6 = DIRECTION ( 'NONE',  ( -8.182577664731486004E-17, 0.7547095802227683503, -0.6560590289905113837 ) ) ;
#7 = LINE ( 'NONE', #1858, #623 ) ;
#8 = AXIS2_PLACEMENT_3D ( 'NONE', #237, #1572, #568 ) ;
#9 = VERTEX_POINT ( 'NONE', #1034 ) ;
#10 = DIRECTION ( 'NONE',  ( 0.000000000000000000, 0.000000000000000000, 1.000000000000000000 ) ) ;
#11 = ORIENTED_EDGE ( 'NONE', *, *, #248, .F. ) ;
#12 = DIRECTION ( 'NONE',  ( -5.900243855588048770E-17, 0.5442014418825501521, -0.8389545819965187334 ) ) ;
#13 = CARTESIAN_POINT ( 'NONE',  ( 3.449747468305834008, -18.94974746830583001, 2.000000000000003109 ) ) ;
#14 = EDGE_CURVE ( 'NONE', #1798, #249, #2087, .T. ) ;
#15 = FACE_BOUND ( 'NONE', #309, .T. ) ;
#16 = CC_DESIGN_PERSON_AND_ORGANIZATION_ASSIGNMENT ( #2101, #1404, ( #388 ) ) ;
#17 = VECTOR ( 'NONE', #1755, 1000.000000000000227 ) ;
#18 = PLANE ( 'NONE',  #165 ) ;
#19 = ORIENTED_EDGE ( 'NONE', *, *, #1282, .T. ) ;
#20 = DIRECTION ( 'NONE',  ( 0.000000000000000000, 0.000000000000000000, 1.000000000000000000 ) ) ;
#21 = CIRCLE ( 'NONE', #402, 2.999999999999999112 ) ;
#22 = ORIENTED_EDGE ( 'NONE', *, *, #590, .F. ) ;
#23 = CYLINDRICAL_SURFACE ( 'NONE', #696, 1.000000000000001110 ) ;
#24 = COORDINATED_UNIVERSAL_TIME_OFFSET ( 8, 0, .AHEAD. ) ;
#25 = EDGE_CURVE ( 'NONE', #1511, #1911, #654, .T. ) ;
#26 = CARTESIAN_POINT ( 'NONE',  ( 6.000000000000000888, 30.36386598109244161, 19.25155334190562684 ) ) ;
#27 = CIRCLE ( 'NONE', #306, 0.9999999999999973355 ) ;
#28 = AXIS2_PLACEMENT_3D ( 'NONE', #1905, #363, #892 ) ;
#29 = DIRECTION ( 'NONE',  ( -1.393866136277581486E-32, 1.285614594446145305E-16, 1.000000000000000000 ) ) ;
#30 = EDGE_LOOP ( 'NONE', ( #467, #1697, #451, #864 ) ) ;
#31 = CYLINDRICAL_SURFACE ( 'NONE', #553, 1.000000000000001110 ) ;
#32 = AXIS2_PLACEMENT_3D ( 'NONE', #584, #214, #885 ) ;
#33 = ORIENTED_EDGE ( 'NONE', *, *, #690, .T. ) ;
#34 = DIRECTION ( 'NONE',  ( 2.226003029704958753E-16, 0.000000000000000000, 1.000000000000000000 ) ) ;
#35 = AXIS2_PLACEMENT_3D ( 'NONE', #907, #1060, #1741 ) ;
#36 = LINE ( 'NONE', #910, #1980 ) ;
#37 = FACE_OUTER_BOUND ( 'NONE', #766, .T. ) ;
#38 = CARTESIAN_POINT ( 'NONE',  ( 6.000000000000000000, 47.73588767191671423, 30.52019583511837197 ) ) ;
#39 = ORIENTED_EDGE ( 'NONE', *, *, #2120, .T. ) ;
#40 = AXIS2_PLACEMENT_3D ( 'NONE', #1910, #392, #78 ) ;
#41 = DIRECTION ( 'NONE',  ( 0.000000000000000000, 0.6560590289905098293, 0.7547095802227697936 ) ) ;
#42 = ORIENTED_EDGE ( 'NONE', *, *, #1249, .F. ) ;
#43 = EDGE_CURVE ( 'NONE', #1834, #855, #1715, .T. ) ;
#44 = ORIENTED_EDGE ( 'NONE', *, *, #1366, .F. ) ;
#45 = DIRECTION ( 'NONE',  ( 0.000000000000000000, -0.8389545819965176232, -0.5442014418825519284 ) ) ;
#46 = CYLINDRICAL_SURFACE ( 'NONE', #1989, 1.500000000000000444 ) ;
#47 = CARTESIAN_POINT ( 'NONE',  ( 6.000000000000000000, 30.36386598109244517, 19.25155334190562684 ) ) ;
#48 = CARTESIAN_POINT ( 'NONE',  ( 5.000000000000004441, 6.659970530757751028, 88.64646918917790686 ) ) ;
#49 = CARTESIAN_POINT ( 'NONE',  ( 3.449747468305832676, -9.050252531694164659, 0.000000000000000000 ) ) ;
#50 = DIRECTION ( 'NONE',  ( 0.000000000000000000, -0.6560590289905098293, -0.7547095802227697936 ) ) ;
#51 = EDGE_CURVE ( 'NONE', #424, #1558, #1075, .T. ) ;
#52 = EDGE_LOOP ( 'NONE', ( #909, #1896, #1155, #1693 ) ) ;
#53 = ORIENTED_EDGE ( 'NONE', *, *, #1366, .T. ) ;
#54 = CYLINDRICAL_SURFACE ( 'NONE', #1227, 0.9999999999999992228 ) ;
#55 = CIRCLE ( 'NONE', #1175, 1.499999999999999334 ) ;
#56 = DIRECTION ( 'NONE',  ( -0.000000000000000000, 0.6560590289905112726, 0.7547095802227685724 ) ) ;
#57 = ORIENTED_EDGE ( 'NONE', *, *, #1900, .F. ) ;
#58 = CARTESIAN_POINT ( 'NONE',  ( -6.000000000000026645, 6.975220366452060006, 4.080130549413987673 ) ) ;
#59 = DIRECTION ( 'NONE',  ( -1.000000000000000000, 0.000000000000000000, -1.393866136277581486E-32 ) ) ;
#60 = DIRECTION ( 'NONE',  ( -8.673617379884037444E-16, 0.8389545819965182893, 0.5442014418825508182 ) ) ;
#61 = VECTOR ( 'NONE', #1178, 1000.000000000000000 ) ;
#62 = AXIS2_PLACEMENT_3D ( 'NONE', #529, #1902, #872 ) ;
#63 = ADVANCED_FACE ( 'NONE', ( #715 ), #1925, .F. ) ;
#64 = CARTESIAN_POINT ( 'NONE',  ( 5.000000000000005329, -5.966207367768424419, 80.45629493505833807 ) ) ;
#65 = AXIS2_PLACEMENT_3D ( 'NONE', #1992, #1118, #1496 ) ;
#66 = CARTESIAN_POINT ( 'NONE',  ( -7.999999999999996447, -24.00000000000000000, 0.000000000000000000 ) ) ;
#67 = ORIENTED_EDGE ( 'NONE', *, *, #2157, .T. ) ;
#68 = ADVANCED_FACE ( 'NONE', ( #1209 ), #1892, .F. ) ;
#69 = LINE ( 'NONE', #370, #411 ) ;
#70 = CYLINDRICAL_SURFACE ( 'NONE', #1647, 1.499999999999999334 ) ;
#71 = CARTESIAN_POINT ( 'NONE',  ( -4.999999999999997335, -21.00000000000000000, 2.000000000000003109 ) ) ;
#72 = DIRECTION ( 'NONE',  ( -5.571620533287259325E-17, 0.000000000000000000, -1.000000000000000000 ) ) ;
#73 = APPROVAL_DATE_TIME ( #904, #283 ) ;
#74 = VERTEX_POINT ( 'NONE', #551 ) ;
#75 = FACE_OUTER_BOUND ( 'NONE', #1226, .T. ) ;
#76 = AXIS2_PLACEMENT_3D ( 'NONE', #1480, #513, #308 ) ;
#77 = ORIENTED_EDGE ( 'NONE', *, *, #534, .T. ) ;
#78 = DIRECTION ( 'NONE',  ( 1.000000000000000000, 0.000000000000000000, 0.000000000000000000 ) ) ;
#79 = EDGE_CURVE ( 'NONE', #1467, #275, #924, .T. ) ;
#80 = ORIENTED_EDGE ( 'NONE', *, *, #870, .F. ) ;
#81 = CYLINDRICAL_SURFACE ( 'NONE', #908, 1.000000000000002220 ) ;
#82 = FACE_OUTER_BOUND ( 'NONE', #30, .T. ) ;
#83 = DIRECTION ( 'NONE',  ( -5.900243855588048770E-17, 0.5442014418825501521, -0.8389545819965187334 ) ) ;
#84 = PERSON_AND_ORGANIZATION ( #1461, #1450 ) ;
#85 = VERTEX_POINT ( 'NONE', #595 ) ;
#86 = CARTESIAN_POINT ( 'NONE',  ( -4.292893218813480516, 7.470392776179896721, 2.017412855534286287 ) ) ;
#87 = ORIENTED_EDGE ( 'NONE', *, *, #279, .T. ) ;
#88 = FACE_BOUND ( 'NONE', #114, .T. ) ;
#89 = VERTEX_POINT ( 'NONE', #429 ) ;
#90 = EDGE_CURVE ( 'NONE', #974, #604, #2123, .T. ) ;
#91 = CARTESIAN_POINT ( 'NONE',  ( -5.000000000000022204, 23.06272304489238323, 12.13162975908708319 ) ) ;
#92 = CARTESIAN_POINT ( 'NONE',  ( -3.469446951953614189E-15, 75.48805251258643523, 60.70597587310930265 ) ) ;
#93 = ORIENTED_EDGE ( 'NONE', *, *, #1337, .T. ) ;
#94 = CYLINDRICAL_SURFACE ( 'NONE', #1510, 1.499999999999999334 ) ;
#95 = VERTEX_POINT ( 'NONE', #2084 ) ;
#96 = FACE_OUTER_BOUND ( 'NONE', #52, .T. ) ;
#97 = AXIS2_PLACEMENT_3D ( 'NONE', #71, #738, #199 ) ;
#98 = DIRECTION ( 'NONE',  ( 0.000000000000000000, -0.8389545819965179563, -0.5442014418825512623 ) ) ;
#99 = AXIS2_PLACEMENT_3D ( 'NONE', #1149, #1311, #2161 ) ;
#100 = ORIENTED_EDGE ( 'NONE', *, *, #1337, .F. ) ;
#101 = FACE_BOUND ( 'NONE', #162, .T. ) ;
#102 = AXIS2_PLACEMENT_3D ( 'NONE', #1832, #479, #2128 ) ;
#103 = ORIENTED_EDGE ( 'NONE', *, *, #1205, .F. ) ;
#104 = CIRCLE ( 'NONE', #843, 1.000000000000001332 ) ;
#105 = CARTESIAN_POINT ( 'NONE',  ( -6.000000000000026645, 8.063623250217169414, 2.402221385420940436 ) ) ;
#106 = ORIENTED_EDGE ( 'NONE', *, *, #2154, .T. ) ;
#107 = CARTESIAN_POINT ( 'NONE',  ( -3.469446951953614189E-15, 110.6288876040903091, 30.15851397227759279 ) ) ;
#108 = ORIENTED_EDGE ( 'NONE', *, *, #1750, .T. ) ;
#109 = CARTESIAN_POINT ( 'NONE',  ( -19.70736779045779130, 23.44814541081548143, 14.76555947910895306 ) ) ;
#110 = EDGE_LOOP ( 'NONE', ( #1300, #1956, #573, #299 ) ) ;
#111 = CARTESIAN_POINT ( 'NONE',  ( 4.949747468305847775, 112.8921255784095052, 32.76207143595724602 ) ) ;
#112 = ORIENTED_EDGE ( 'NONE', *, *, #1346, .T. ) ;
#113 = LINE ( 'NONE', #2146, #1543 ) ;
#114 = EDGE_LOOP ( 'NONE', ( #694, #753 ) ) ;
#115 = EDGE_CURVE ( 'NONE', #905, #1626, #1718, .T. ) ;
#116 = FACE_OUTER_BOUND ( 'NONE', #2172, .T. ) ;
#117 = EDGE_LOOP ( 'NONE', ( #342, #1315, #846, #668 ) ) ;
#118 = CARTESIAN_POINT ( 'NONE',  ( -26.53579491520398648, -16.23774626603146842, 73.79349530473143659 ) ) ;
#119 = EDGE_CURVE ( 'NONE', #1812, #1191, #724, .T. ) ;
#120 = ORIENTED_EDGE ( 'NONE', *, *, #1397, .T. ) ;
#121 = CARTESIAN_POINT ( 'NONE',  ( -4.999999999999997335, -24.00000000000000000, 2.000000000000003553 ) ) ;
#122 = VERTEX_POINT ( 'NONE', #1074 ) ;
#123 = CARTESIAN_POINT ( 'NONE',  ( -8.000000000000001776, 12.93938468863104596, -11.24803550532944030 ) ) ;
#124 = ORIENTED_EDGE ( 'NONE', *, *, #1996, .T. ) ;
#125 = CARTESIAN_POINT ( 'NONE',  ( -5.000000000000021316, 24.34724205727632906, 15.34877304262672482 ) ) ;
#126 = EDGE_CURVE ( 'NONE', #1138, #866, #1197, .T. ) ;
#127 = EDGE_LOOP ( 'NONE', ( #2064, #1796, #53, #1491, #1961, #842, #1985, #1295 ) ) ;
#128 = DIRECTION ( 'NONE',  ( 6.641146794893339284E-17, -0.5442014418825503741, 0.8389545819965187334 ) ) ;
#129 = DIRECTION ( 'NONE',  ( 8.182577664731487237E-17, -0.7547095802227684613, 0.6560590289905114947 ) ) ;
#130 = CIRCLE ( 'NONE', #2141, 1.500000000000000000 ) ;
#131 = AXIS2_PLACEMENT_3D ( 'NONE', #1880, #1223, #722 ) ;
#132 = VERTEX_POINT ( 'NONE', #1546 ) ;
#133 = EDGE_CURVE ( 'NONE', #721, #1333, #1246, .T. ) ;
#134 = LINE ( 'NONE', #289, #689 ) ;
#135 = EDGE_CURVE ( 'NONE', #224, #563, #2074, .T. ) ;
#136 = CIRCLE ( 'NONE', #2033, 0.9999999999999973355 ) ;
#137 = LINE ( 'NONE', #1452, #1937 ) ;
#138 = VERTEX_POINT ( 'NONE', #1890 ) ;
#139 = AXIS2_PLACEMENT_3D ( 'NONE', #335, #2046, #710 ) ;
#140 = DIRECTION ( 'NONE',  ( 0.000000000000000000, 0.6560590289905098293, 0.7547095802227697936 ) ) ;
#141 = VERTEX_POINT ( 'NONE', #1207 ) ;
#142 = CARTESIAN_POINT ( 'NONE',  ( 5.000000000000000000, -20.96530716244364001, 70.72688656139216334 ) ) ;
#143 = LINE ( 'NONE', #2174, #1342 ) ;
#144 = VERTEX_POINT ( 'NONE', #1385 ) ;
#145 = EDGE_CURVE ( 'NONE', #600, #1764, #583, .T. ) ;
#146 = CARTESIAN_POINT ( 'NONE',  ( 4.949747468305852216, 73.75014515522696001, 55.65823598111446557 ) ) ;
#147 = CARTESIAN_POINT ( 'NONE',  ( 3.851859888774471706E-31, -14.00000000000000000, 2.000000000000002220 ) ) ;
#148 = EDGE_CURVE ( 'NONE', #1561, #424, #69, .T. ) ;
#149 = ORIENTED_EDGE ( 'NONE', *, *, #524, .F. ) ;
#150 = CARTESIAN_POINT ( 'NONE',  ( -6.000000000000023093, 40.43474473571664873, 23.40027225229984609 ) ) ;
#151 = EDGE_LOOP ( 'NONE', ( #184, #1062, #1551, #1406 ) ) ;
#152 = DIRECTION ( 'NONE',  ( 0.000000000000000000, -0.6560590289905098293, -0.7547095802227697936 ) ) ;
#153 = DIRECTION ( 'NONE',  ( -0.000000000000000000, -0.7547095802227685724, 0.6560590289905111616 ) ) ;
#154 = VERTEX_POINT ( 'NONE', #47 ) ;
#155 = FACE_BOUND ( 'NONE', #1767, .T. ) ;
#156 = EDGE_CURVE ( 'NONE', #1312, #511, #1367, .T. ) ;
#157 = DIRECTION ( 'NONE',  ( 0.000000000000000000, 0.000000000000000000, 1.000000000000000000 ) ) ;
#158 = ORIENTED_EDGE ( 'NONE', *, *, #353, .T. ) ;
#159 = CARTESIAN_POINT ( 'NONE',  ( -4.657473351024870922, 10.82196751228925358, 6.575385224989346966 ) ) ;
#160 = APPLICATION_CONTEXT ( 'configuration controlled 3d designs of mechanical parts and assemblies' ) ;
#161 = EDGE_CURVE ( 'NONE', #345, #734, #1032, .T. ) ;
#162 = EDGE_LOOP ( 'NONE', ( #717, #2025 ) ) ;
#163 = DIRECTION ( 'NONE',  ( -6.641146794893339284E-17, 0.5442014418825503741, -0.8389545819965186224 ) ) ;
#164 = DIRECTION ( 'NONE',  ( 0.000000000000000000, -0.7547095802227685724, 0.6560590289905112726 ) ) ;
#165 = AXIS2_PLACEMENT_3D ( 'NONE', #681, #2029, #517 ) ;
#166 = VECTOR ( 'NONE', #1737, 1000.000000000000000 ) ;
#167 = DIRECTION ( 'NONE',  ( 1.000000000000000000, 1.220347151584106378E-16, -0.000000000000000000 ) ) ;
#168 = AXIS2_PLACEMENT_3D ( 'NONE', #929, #541, #1047 ) ;
#169 = VERTEX_POINT ( 'NONE', #58 ) ;
#170 = FACE_OUTER_BOUND ( 'NONE', #1972, .T. ) ;
#171 = EDGE_CURVE ( 'NONE', #2150, #1660, #1258, .T. ) ;
#172 = CIRCLE ( 'NONE', #35, 1.500000000000001332 ) ;
#173 = EDGE_LOOP ( 'NONE', ( #440, #1087, #158, #588 ) ) ;
#174 = ORIENTED_EDGE ( 'NONE', *, *, #2157, .F. ) ;
#175 = CARTESIAN_POINT ( 'NONE',  ( -4.949747468305833564, -9.050252531694168212, 0.000000000000000000 ) ) ;
#176 = AXIS2_PLACEMENT_3D ( 'NONE', #642, #1320, #437 ) ;
#177 = CARTESIAN_POINT ( 'NONE',  ( 4.999999999999991118, 16.45316907018232300, 7.844235804246424415 ) ) ;
#178 = LINE ( 'NONE', #1347, #659 ) ;
#179 = PLANE ( 'NONE',  #1571 ) ;
#180 = VECTOR ( 'NONE', #504, 1000.000000000000114 ) ;
#181 = ORIENTED_EDGE ( 'NONE', *, *, #1641, .T. ) ;
#182 = DIRECTION ( 'NONE',  ( -6.938893903907218911E-15, 0.8389545819965187334, 0.5442014418825499300 ) ) ;
#183 = EDGE_CURVE ( 'NONE', #540, #224, #196, .T. ) ;
#184 = ORIENTED_EDGE ( 'NONE', *, *, #2041, .F. ) ;
#185 = CARTESIAN_POINT ( 'NONE',  ( -23.70736779045781617, 21.18072996659449458, 10.91084454758569855 ) ) ;
#186 = CARTESIAN_POINT ( 'NONE',  ( 8.000000000000023093, 12.93938468863104774, -11.24803550532944030 ) ) ;
#187 = DIRECTION ( 'NONE',  ( 0.7071067811865456854, -0.5932304740372651430, -0.3848085298866493753 ) ) ;
#188 = ORIENTED_EDGE ( 'NONE', *, *, #14, .F. ) ;
#189 = ORIENTED_EDGE ( 'NONE', *, *, #266, .F. ) ;
#190 = CARTESIAN_POINT ( 'NONE',  ( 4.999999999999994671, 18.82609096633137469, 9.383469923793018808 ) ) ;
#191 = ORIENTED_EDGE ( 'NONE', *, *, #148, .F. ) ;
#192 = DIRECTION ( 'NONE',  ( 0.000000000000000000, 0.8389545819965187334, 0.5442014418825499300 ) ) ;
#193 = DIRECTION ( 'NONE',  ( 0.7071067811865491270, 0.5932304740372621454, 0.3848085298866474324 ) ) ;
#194 = EDGE_CURVE ( 'NONE', #282, #511, #1913, .T. ) ;
#195 = DIRECTION ( 'NONE',  ( -6.063975869448623534E-17, 0.8389545819965186224, 0.5442014418825503741 ) ) ;
#196 = CIRCLE ( 'NONE', #62, 0.9999999999999973355 ) ;
#197 = CARTESIAN_POINT ( 'NONE',  ( -4.949747468305832676, 107.3815610862853305, 26.42289213826378358 ) ) ;
#198 = ADVANCED_FACE ( 'NONE', ( #561, #2039, #1726, #37 ), #219, .F. ) ;
#199 = DIRECTION ( 'NONE',  ( 0.000000000000000000, 1.000000000000000000, -1.445602896647339656E-16 ) ) ;
#200 = LINE ( 'NONE', #695, #378 ) ;
#201 = ORIENTED_EDGE ( 'NONE', *, *, #1557, .F. ) ;
#202 = VECTOR ( 'NONE', #223, 1000.000000000000114 ) ;
#203 = ORIENTED_EDGE ( 'NONE', *, *, #2098, .T. ) ;
#204 = DIRECTION ( 'NONE',  ( -1.000000000000000000, 2.211314908789769572E-16, 2.226003029704958753E-16 ) ) ;
#205 = AXIS2_PLACEMENT_3D ( 'NONE', #719, #246, #1083 ) ;
#206 = AXIS2_PLACEMENT_3D ( 'NONE', #1025, #491, #1161 ) ;
#207 = LINE ( 'NONE', #545, #531 ) ;
#208 = ADVANCED_FACE ( 'NONE', ( #1565 ), #1237, .F. ) ;
#209 = DIRECTION ( 'NONE',  ( -1.533293416683379808E-16, -0.8389545819965184004, -0.5442014418825503741 ) ) ;
#210 = LINE ( 'NONE', #111, #338 ) ;
#211 = DIRECTION ( 'NONE',  ( 6.641146794893339284E-17, -0.5442014418825504851, 0.8389545819965185114 ) ) ;
#212 = AXIS2_PLACEMENT_3D ( 'NONE', #857, #1604, #1878 ) ;
#213 = APPROVAL ( #2090, 'æœª' ) ;
#214 = DIRECTION ( 'NONE',  ( 6.641146794893339284E-17, -0.5442014418825503741, 0.8389545819965187334 ) ) ;
#215 = ORIENTED_EDGE ( 'NONE', *, *, #1177, .T. ) ;
#216 = ORIENTED_EDGE ( 'NONE', *, *, #618, .F. ) ;
#217 = CARTESIAN_POINT ( 'NONE',  ( -7.999999999999996447, -24.00000000000000000, 3.000000000000000000 ) ) ;
#218 = DIRECTION ( 'NONE',  ( 6.641146794893339284E-17, -0.5442014418825503741, 0.8389545819965187334 ) ) ;
#219 = PLANE ( 'NONE',  #548 ) ;
#220 = DIRECTION ( 'NONE',  ( 0.000000000000000000, -0.8389545819965175122, -0.5442014418825521505 ) ) ;
#221 = EDGE_CURVE ( 'NONE', #2150, #352, #899, .T. ) ;
#222 = ORIENTED_EDGE ( 'NONE', *, *, #156, .F. ) ;
#223 = DIRECTION ( 'NONE',  ( -0.000000000000000000, -0.7547095802227685724, 0.6560590289905111616 ) ) ;
#224 = VERTEX_POINT ( 'NONE', #1377 ) ;
#225 = DIRECTION ( 'NONE',  ( 0.000000000000000000, 0.000000000000000000, 1.000000000000000000 ) ) ;
#226 = ADVANCED_FACE ( 'NONE', ( #1271 ), #1490, .F. ) ;
#227 = DIRECTION ( 'NONE',  ( 0.000000000000000000, 0.8389545819965185114, 0.5442014418825504851 ) ) ;
#228 = DIRECTION ( 'NONE',  ( 0.000000000000000000, -0.000000000000000000, 1.000000000000000000 ) ) ;
#229 = DIRECTION ( 'NONE',  ( 1.000000000000000000, 0.000000000000000000, 0.000000000000000000 ) ) ;
#230 = DIRECTION ( 'NONE',  ( -1.393866136277581486E-32, 1.285614594446145305E-16, 1.000000000000000000 ) ) ;
#231 = FACE_OUTER_BOUND ( 'NONE', #1270, .T. ) ;
#232 = PERSON_AND_ORGANIZATION ( #1461, #1450 ) ;
#233 = CIRCLE ( 'NONE', #1294, 1.500000000000000444 ) ;
#234 = DIRECTION ( 'NONE',  ( -0.000000000000000000, -0.000000000000000000, 1.000000000000000000 ) ) ;
#235 = VECTOR ( 'NONE', #1809, 1000.000000000000114 ) ;
#236 = EDGE_LOOP ( 'NONE', ( #1160, #2106 ) ) ;
#237 = CARTESIAN_POINT ( 'NONE',  ( -4.949747468305833564, -9.050252531694168212, 0.000000000000000000 ) ) ;
#238 = VERTEX_POINT ( 'NONE', #1500 ) ;
#239 = VECTOR ( 'NONE', #1088, 1000.000000000000000 ) ;
#240 = DIRECTION ( 'NONE',  ( 0.000000000000000000, -0.8389545819965175122, -0.5442014418825521505 ) ) ;
#241 = DIRECTION ( 'NONE',  ( 0.7071067811865463515, -0.5932304740372645879, -0.3848085298866489312 ) ) ;
#242 = EDGE_LOOP ( 'NONE', ( #1670, #649, #797, #1179, #87, #616 ) ) ;
#243 = CARTESIAN_POINT ( 'NONE',  ( 8.000000000000024869, 3.768438977661780154, 2.000000000000003553 ) ) ;
#244 = APPLICATION_PROTOCOL_DEFINITION ( 'international standard', 'config_control_design', 1994, #160 ) ;
#245 = EDGE_LOOP ( 'NONE', ( #480, #1760 ) ) ;
#246 = DIRECTION ( 'NONE',  ( 6.641146794893339284E-17, -0.5442014418825503741, 0.8389545819965187334 ) ) ;
#247 = VECTOR ( 'NONE', #1724, 1000.000000000000114 ) ;
#248 = EDGE_CURVE ( 'NONE', #1373, #1814, #1668, .T. ) ;
#249 = VERTEX_POINT ( 'NONE', #2173 ) ;
#250 = CARTESIAN_POINT ( 'NONE',  ( 7.999999999999998224, 82.02914620486176034, 65.18213723196379306 ) ) ;
#251 = EDGE_LOOP ( 'NONE', ( #22, #2180, #2042, #44 ) ) ;
#252 = PLANE ( 'NONE',  #1225 ) ;
#253 = DIRECTION ( 'NONE',  ( -5.900243855588048770E-17, 0.5442014418825501521, -0.8389545819965187334 ) ) ;
#254 = ORIENTED_EDGE ( 'NONE', *, *, #1520, .F. ) ;
#255 = CARTESIAN_POINT ( 'NONE',  ( 5.999999999999993783, 16.45316907018232655, 7.844235804246424415 ) ) ;
#256 = DATE_TIME_ROLE ( 'classification_date' ) ;
#257 = EDGE_LOOP ( 'NONE', ( #1629, #1667, #1073, #972 ) ) ;
#258 = FACE_OUTER_BOUND ( 'NONE', #532, .T. ) ;
#259 = ORIENTED_EDGE ( 'NONE', *, *, #1874, .F. ) ;
#260 = DIRECTION ( 'NONE',  ( -0.7071067811865460184, 0.5932304740372649210, 0.3848085298866492088 ) ) ;
#261 = ORIENTED_EDGE ( 'NONE', *, *, #318, .F. ) ;
#262 = DIRECTION ( 'NONE',  ( 8.182577664731487237E-17, -0.7547095802227684613, 0.6560590289905114947 ) ) ;
#263 = DIRECTION ( 'NONE',  ( 8.182577664731487237E-17, -0.7547095802227685724, 0.6560590289905112726 ) ) ;
#264 = ORIENTED_EDGE ( 'NONE', *, *, #682, .F. ) ;
#265 = VECTOR ( 'NONE', #871, 1000.000000000000114 ) ;
#266 = EDGE_CURVE ( 'NONE', #2144, #138, #1835, .T. ) ;
#267 = CARTESIAN_POINT ( 'NONE',  ( 4.292893218813451206, 33.33001835127875268, 21.17559599133887005 ) ) ;
#268 = ORIENTED_EDGE ( 'NONE', *, *, #304, .F. ) ;
#269 = CARTESIAN_POINT ( 'NONE',  ( 4.949747468305852216, 73.75014515522696001, 55.65823598111446557 ) ) ;
#270 = VECTOR ( 'NONE', #1627, 1000.000000000000114 ) ;
#271 = AXIS2_PLACEMENT_3D ( 'NONE', #571, #406, #1555 ) ;
#272 = EDGE_LOOP ( 'NONE', ( #1705, #1090, #1414, #484 ) ) ;
#273 = FACE_OUTER_BOUND ( 'NONE', #151, .T. ) ;
#274 = CIRCLE ( 'NONE', #768, 0.9999999999999997780 ) ;
#275 = VERTEX_POINT ( 'NONE', #644 ) ;
#276 = VECTOR ( 'NONE', #596, 1000.000000000000000 ) ;
#277 = DIRECTION ( 'NONE',  ( 0.000000000000000000, 0.8389545819965186224, 0.5442014418825502631 ) ) ;
#278 = CIRCLE ( 'NONE', #1575, 1.499999999999999334 ) ;
#279 = EDGE_CURVE ( 'NONE', #1045, #1308, #925, .T. ) ;
#280 = VERTEX_POINT ( 'NONE', #655 ) ;
#281 = DIRECTION ( 'NONE',  ( 0.000000000000000000, 0.000000000000000000, 1.000000000000000000 ) ) ;
#282 = VERTEX_POINT ( 'NONE', #316 ) ;
#283 = APPROVAL ( #1363, 'æœª' ) ;
#284 = DIRECTION ( 'NONE',  ( 6.641146794893339284E-17, -0.5442014418825503741, 0.8389545819965187334 ) ) ;
#285 = ORIENTED_EDGE ( 'NONE', *, *, #1863, .T. ) ;
#286 = VECTOR ( 'NONE', #1144, 1000.000000000000000 ) ;
#287 = DIRECTION ( 'NONE',  ( -0.6427223982589075346, -0.7660991572742514855, 0.000000000000000000 ) ) ;
#288 = ORIENTED_EDGE ( 'NONE', *, *, #827, .T. ) ;
#289 = CARTESIAN_POINT ( 'NONE',  ( -6.000000000000022204, 1.291325131713146668, -1.990739187221436390 ) ) ;
#290 = VERTEX_POINT ( 'NONE', #1995 ) ;
#291 = LINE ( 'NONE', #1274, #270 ) ;
#292 = EDGE_CURVE ( 'NONE', #1085, #816, #1334, .T. ) ;
#293 = ORIENTED_EDGE ( 'NONE', *, *, #1471, .F. ) ;
#294 = CYLINDRICAL_SURFACE ( 'NONE', #65, 1.000000000000001110 ) ;
#295 = EDGE_CURVE ( 'NONE', #1333, #1499, #1393, .T. ) ;
#296 = EDGE_LOOP ( 'NONE', ( #2002, #1036, #492, #718 ) ) ;
#297 = EDGE_CURVE ( 'NONE', #2131, #578, #1683, .T. ) ;
#298 = DIRECTION ( 'NONE',  ( 0.000000000000000000, 1.000000000000000000, 0.000000000000000000 ) ) ;
#299 = ORIENTED_EDGE ( 'NONE', *, *, #248, .T. ) ;
#300 = LINE ( 'NONE', #1272, #1650 ) ;
#301 = DIRECTION ( 'NONE',  ( 1.000000000000000000, 1.156482317317871331E-15, 0.000000000000000000 ) ) ;
#302 = ORIENTED_EDGE ( 'NONE', *, *, #1848, .T. ) ;
#303 = DIRECTION ( 'NONE',  ( -0.000000000000000000, -0.7547095802227686834, 0.6560590289905112726 ) ) ;
#304 = EDGE_CURVE ( 'NONE', #1265, #345, #1860, .T. ) ;
#305 = ORIENTED_EDGE ( 'NONE', *, *, #745, .F. ) ;
#306 = AXIS2_PLACEMENT_3D ( 'NONE', #2086, #572, #1547 ) ;
#307 = DIRECTION ( 'NONE',  ( -1.000000000000000000, -1.084202172485504434E-16, -0.000000000000000000 ) ) ;
#308 = DIRECTION ( 'NONE',  ( 0.000000000000000000, -0.6560590289905098293, -0.7547095802227697936 ) ) ;
#309 = EDGE_LOOP ( 'NONE', ( #1125, #1291 ) ) ;
#310 = DIRECTION ( 'NONE',  ( -3.066586833366760602E-16, 0.8389545819965186224, 0.5442014418825501521 ) ) ;
#311 = DIRECTION ( 'NONE',  ( 7.380145707474003246E-17, -0.6560590289905114947, -0.7547095802227683503 ) ) ;
#312 = ORIENTED_EDGE ( 'NONE', *, *, #830, .T. ) ;
#313 = VECTOR ( 'NONE', #381, 1000.000000000000114 ) ;
#314 = CARTESIAN_POINT ( 'NONE',  ( 4.949747468305847775, 78.73537903039139962, 64.44159770712310831 ) ) ;
#315 = ORIENTED_EDGE ( 'NONE', *, *, #1750, .F. ) ;
#316 = CARTESIAN_POINT ( 'NONE',  ( 5.707106781186549682, 29.77063550705517869, 18.86674481201897891 ) ) ;
#317 = CARTESIAN_POINT ( 'NONE',  ( -6.000000000000029310, 0.2029222479480416175, -0.3128300232283839355 ) ) ;
#318 = EDGE_CURVE ( 'NONE', #1626, #1252, #482, .T. ) ;
#319 = VERTEX_POINT ( 'NONE', #2007 ) ;
#320 = VECTOR ( 'NONE', #1121, 1000.000000000000227 ) ;
#321 = CARTESIAN_POINT ( 'NONE',  ( -5.707106781186566558, 39.93957232598881291, 25.46298994617952971 ) ) ;
#322 = CARTESIAN_POINT ( 'NONE',  ( -4.949747468305833564, -9.050252531694168212, 2.000000000000001776 ) ) ;
#323 = ADVANCED_FACE ( 'NONE', ( #493 ), #252, .F. ) ;
#324 = EDGE_LOOP ( 'NONE', ( #1936, #1105, #1673, #641 ) ) ;
#325 = DIRECTION ( 'NONE',  ( 0.000000000000000000, -0.6560590289905098293, -0.7547095802227697936 ) ) ;
#326 = ORIENTED_EDGE ( 'NONE', *, *, #602, .T. ) ;
#327 = DIRECTION ( 'NONE',  ( -6.641146794893340517E-17, 0.5442014418825504851, -0.8389545819965184004 ) ) ;
#328 = DIRECTION ( 'NONE',  ( 0.000000000000000000, -0.6560590289905112726, -0.7547095802227685724 ) ) ;
#329 = DIRECTION ( 'NONE',  ( 0.000000000000000000, -0.8389545819965175122, -0.5442014418825521505 ) ) ;
#330 = EDGE_CURVE ( 'NONE', #1834, #905, #996, .T. ) ;
#331 = CARTESIAN_POINT ( 'NONE',  ( -4.949747468305831788, -18.94974746830583356, 0.000000000000000000 ) ) ;
#332 = EDGE_LOOP ( 'NONE', ( #1607, #2102, #934, #886 ) ) ;
#333 = CARTESIAN_POINT ( 'NONE',  ( 4.949747468305847775, 80.24479819083691723, 63.12947964914210530 ) ) ;
#334 = ORIENTED_EDGE ( 'NONE', *, *, #359, .T. ) ;
#335 = CARTESIAN_POINT ( 'NONE',  ( -5.000000000000016875, -16.72867508388264923, 73.47504639668623838 ) ) ;
#336 = FACE_BOUND ( 'NONE', #245, .T. ) ;
#337 = DIRECTION ( 'NONE',  ( 7.228014483236695816E-17, -1.000000000000000000, 0.000000000000000000 ) ) ;
#338 = VECTOR ( 'NONE', #1483, 1000.000000000000114 ) ;
#339 = DIRECTION ( 'NONE',  ( 2.775557561562909840E-17, -0.5442014418825505961, 0.8389545819965184004 ) ) ;
#340 = CIRCLE ( 'NONE', #206, 1.499999999999999334 ) ;
#341 = ADVANCED_FACE ( 'NONE', ( #1164 ), #81, .F. ) ;
#342 = ORIENTED_EDGE ( 'NONE', *, *, #850, .F. ) ;
#343 = CARTESIAN_POINT ( 'NONE',  ( -4.949747468305832676, 72.24072599478145662, 56.97035403909548279 ) ) ;
#344 = CIRCLE ( 'NONE', #1514, 1.000000000000001332 ) ;
#345 = VERTEX_POINT ( 'NONE', #748 ) ;
#346 = CARTESIAN_POINT ( 'NONE',  ( 5.999999999999999112, 48.82429055568182719, 28.84228667112531141 ) ) ;
#347 = FACE_BOUND ( 'NONE', #351, .T. ) ;
#348 = CARTESIAN_POINT ( 'NONE',  ( -6.000000000000008882, 0.2029222479480344288, -0.3128300232283885984 ) ) ;
#349 = FACE_OUTER_BOUND ( 'NONE', #1818, .T. ) ;
#350 = AXIS2_PLACEMENT_3D ( 'NONE', #177, #494, #1523 ) ;
#351 = EDGE_LOOP ( 'NONE', ( #1948, #709 ) ) ;
#352 = VERTEX_POINT ( 'NONE', #1423 ) ;
#353 = EDGE_CURVE ( 'NONE', #470, #2031, #418, .T. ) ;
#354 = DIRECTION ( 'NONE',  ( 8.182577664731487237E-17, -0.7547095802227684613, 0.6560590289905114947 ) ) ;
#355 = ORIENTED_EDGE ( 'NONE', *, *, #1793, .T. ) ;
#356 = EDGE_CURVE ( 'NONE', #2045, #144, #581, .T. ) ;
#357 = DIRECTION ( 'NONE',  ( -1.734723475976804728E-15, 0.8389545819965187334, 0.5442014418825499300 ) ) ;
#358 = CALENDAR_DATE ( 2025, 18, 6 ) ;
#359 = EDGE_CURVE ( 'NONE', #831, #1623, #1012, .T. ) ;
#360 = DIRECTION ( 'NONE',  ( -3.066586833366760602E-16, 0.8389545819965184004, 0.5442014418825503741 ) ) ;
#361 = DIRECTION ( 'NONE',  ( -0.000000000000000000, -0.000000000000000000, 1.000000000000000000 ) ) ;
#362 = CARTESIAN_POINT ( 'NONE',  ( 4.949747468305834452, -18.94974746830583001, 0.000000000000000000 ) ) ;
#363 = DIRECTION ( 'NONE',  ( -1.393866136277581486E-32, 1.285614594446145305E-16, 1.000000000000000000 ) ) ;
#364 = DIRECTION ( 'NONE',  ( 6.641146794893341749E-17, -0.5442014418825504851, 0.8389545819965184004 ) ) ;
#365 = ORIENTED_EDGE ( 'NONE', *, *, #1857, .T. ) ;
#366 = VERTEX_POINT ( 'NONE', #938 ) ;
#367 = CYLINDRICAL_SURFACE ( 'NONE', #139, 1.000000000000002220 ) ;
#368 = EDGE_CURVE ( 'NONE', #1623, #1312, #2148, .T. ) ;
#369 = DIRECTION ( 'NONE',  ( -0.000000000000000000, -0.7547095802227685724, 0.6560590289905111616 ) ) ;
#370 = CARTESIAN_POINT ( 'NONE',  ( -7.999999999999996447, -20.99999999999999645, 3.000000000000000000 ) ) ;
#371 = AXIS2_PLACEMENT_3D ( 'NONE', #883, #702, #229 ) ;
#372 = AXIS2_PLACEMENT_3D ( 'NONE', #1772, #1656, #635 ) ;
#373 = CARTESIAN_POINT ( 'NONE',  ( 5.000000000000000000, 47.73588767191671423, 30.52019583511836487 ) ) ;
#375 = CARTESIAN_POINT ( 'NONE',  ( -5.000000000000022204, -29.35485298240880425, 65.28487214256666959 ) ) ;
#374 = VECTOR ( 'NONE', #795, 1000.000000000000114 ) ;
#376 = AXIS2_PLACEMENT_3D ( 'NONE', #186, #6, #860 ) ;
#377 = CARTESIAN_POINT ( 'NONE',  ( -3.469446951953614189E-15, 75.48805251258643523, 60.70597587310930265 ) ) ;
#378 = VECTOR ( 'NONE', #1014, 1000.000000000000114 ) ;
#379 = VERTEX_POINT ( 'NONE', #1897 ) ;
#380 = ORIENTED_EDGE ( 'NONE', *, *, #1545, .T. ) ;
#381 = DIRECTION ( 'NONE',  ( -0.7071067811865490160, -0.5932304740372624785, -0.3848085298866472659 ) ) ;
#382 = AXIS2_PLACEMENT_3D ( 'NONE', #269, #1975, #612 ) ;
#383 = AXIS2_PLACEMENT_3D ( 'NONE', #2003, #1181, #41 ) ;
#384 = EDGE_CURVE ( 'NONE', #1814, #1276, #686, .T. ) ;
#385 = CARTESIAN_POINT ( 'NONE',  ( 5.999999999999999112, 45.36296577576769096, 28.98096171557176959 ) ) ;
#386 = CARTESIAN_POINT ( 'NONE',  ( 8.000000000000000000, 52.52761524974599894, 31.24450805654634067 ) ) ;
#387 = FACE_OUTER_BOUND ( 'NONE', #683, .T. ) ;
#388 = PRODUCT_DEFINITION_FORMATION_WITH_SPECIFIED_SOURCE ( 'ä»', '', #1026, .NOT_KNOWN. ) ;
#389 = EDGE_CURVE ( 'NONE', #141, #290, #663, .T. ) ;
#390 = CARTESIAN_POINT ( 'NONE',  ( 8.000000000000000000, 4.360298556153080263, 0.000000000000000000 ) ) ;
#391 = DIRECTION ( 'NONE',  ( 0.000000000000000000, -0.000000000000000000, 1.000000000000000000 ) ) ;
#392 = DIRECTION ( 'NONE',  ( -0.000000000000000000, -0.000000000000000000, 1.000000000000000000 ) ) ;
#393 = ORIENTED_EDGE ( 'NONE', *, *, #1065, .F. ) ;
#394 = CARTESIAN_POINT ( 'NONE',  ( 5.000000000000004441, -8.339129263917472556, 78.91706081551171792 ) ) ;
#395 = DIRECTION ( 'NONE',  ( 0.000000000000000000, 0.000000000000000000, 1.000000000000000000 ) ) ;
#396 = DIRECTION ( 'NONE',  ( -0.000000000000000000, -0.000000000000000000, 1.000000000000000000 ) ) ;
#397 = ADVANCED_FACE ( 'NONE', ( #1016 ), #677, .F. ) ;
#398 = CYLINDRICAL_SURFACE ( 'NONE', #168, 1.500000000000000000 ) ;
#399 = DATE_AND_TIME ( #575, #1591 ) ;
#400 = PRODUCT_DEFINITION ( 'æœ', '', #388, #1020 ) ;
#401 = CARTESIAN_POINT ( 'NONE',  ( -6.000000000000023093, 39.34634185195153577, 25.07818141629288533 ) ) ;
#402 = AXIS2_PLACEMENT_3D ( 'NONE', #1186, #1671, #1365 ) ;
#403 = ORIENTED_EDGE ( 'NONE', *, *, #1819, .F. ) ;
#404 = CYLINDRICAL_SURFACE ( 'NONE', #1875, 1.499999999999999334 ) ;
#405 = EDGE_LOOP ( 'NONE', ( #2014, #1733, #1805, #11 ) ) ;
#406 = DIRECTION ( 'NONE',  ( -0.000000000000000000, 0.7547095802227685724, -0.6560590289905112726 ) ) ;
#407 = PLANE ( 'NONE',  #2105 ) ;
#408 = CARTESIAN_POINT ( 'NONE',  ( 5.000000000000000000, 30.36386598109244872, 19.25155334190561263 ) ) ;
#409 = EDGE_CURVE ( 'NONE', #779, #1871, #2017, .T. ) ;
#410 = CIRCLE ( 'NONE', #1112, 1.499999999999999556 ) ;
#411 = VECTOR ( 'NONE', #228, 1000.000000000000000 ) ;
#412 = ORIENTED_EDGE ( 'NONE', *, *, #1969, .T. ) ;
#413 = CYLINDRICAL_SURFACE ( 'NONE', #1369, 1.000000000000001332 ) ;
#414 = AXIS2_PLACEMENT_3D ( 'NONE', #809, #1817, #1317 ) ;
#415 = EDGE_LOOP ( 'NONE', ( #2093, #560 ) ) ;
#416 = FACE_OUTER_BOUND ( 'NONE', #1934, .T. ) ;
#417 = ORIENTED_EDGE ( 'NONE', *, *, #90, .T. ) ;
#418 = CIRCLE ( 'NONE', #1442, 1.499999999999999334 ) ;
#419 = DIRECTION ( 'NONE',  ( 0.7071067811865491270, 0.5932304740372623675, 0.3848085298866472104 ) ) ;
#420 = DIRECTION ( 'NONE',  ( 0.000000000000000000, -0.7547095802227685724, 0.6560590289905112726 ) ) ;
#421 = EDGE_LOOP ( 'NONE', ( #2136, #1495, #1636, #106 ) ) ;
#422 = DIRECTION ( 'NONE',  ( -1.000000000000000000, 0.000000000000000000, 0.000000000000000000 ) ) ;
#423 = PERSON_AND_ORGANIZATION ( #1461, #1450 ) ;
#424 = VERTEX_POINT ( 'NONE', #503 ) ;
#425 = DIRECTION ( 'NONE',  ( 6.641146794893339284E-17, -0.5442014418825503741, 0.8389545819965187334 ) ) ;
#426 = ORIENTED_EDGE ( 'NONE', *, *, #944, .T. ) ;
#427 = PLANE ( 'NONE',  #564 ) ;
#428 = ORIENTED_EDGE ( 'NONE', *, *, #1781, .F. ) ;
#429 = CARTESIAN_POINT ( 'NONE',  ( -3.469446951953614189E-15, 76.01338312954618459, 58.26179344479415079 ) ) ;
#430 = ADVANCED_FACE ( 'NONE', ( #1552 ), #23, .F. ) ;
#431 = DIRECTION ( 'NONE',  ( 6.641146794893341749E-17, -0.5442014418825505961, 0.8389545819965185114 ) ) ;
#432 = LINE ( 'NONE', #1100, #1394 ) ;
#433 = ORIENTED_EDGE ( 'NONE', *, *, #613, .F. ) ;
#434 = DIRECTION ( 'NONE',  ( -1.734723475976807883E-15, 0.8389545819965184004, 0.5442014418825504851 ) ) ;
#435 = CALENDAR_DATE ( 2025, 18, 6 ) ;
#436 = ORIENTED_EDGE ( 'NONE', *, *, #861, .F. ) ;
#437 = DIRECTION ( 'NONE',  ( 0.000000000000000000, 0.8389545819965187334, 0.5442014418825499300 ) ) ;
#438 = DIRECTION ( 'NONE',  ( 0.000000000000000000, 1.000000000000000000, -1.285614594446145305E-16 ) ) ;
#439 = ADVANCED_FACE ( 'NONE', ( #867 ), #367, .F. ) ;
#440 = ORIENTED_EDGE ( 'NONE', *, *, #1711, .F. ) ;
#441 = CARTESIAN_POINT ( 'NONE',  ( -7.999999999999996447, -20.99999999999999645, 0.000000000000000000 ) ) ;
#442 = VERTEX_POINT ( 'NONE', #669 ) ;
#443 = LINE ( 'NONE', #1126, #591 ) ;
#444 = ORIENTED_EDGE ( 'NONE', *, *, #1372, .F. ) ;
#445 = LINE ( 'NONE', #1630, #1185 ) ;
#446 = CIRCLE ( 'NONE', #1967, 1.499999999999999556 ) ;
#447 = AXIS2_PLACEMENT_3D ( 'NONE', #1322, #262, #1845 ) ;
#448 = ORIENTED_EDGE ( 'NONE', *, *, #318, .T. ) ;
#449 = CARTESIAN_POINT ( 'NONE',  ( -6.000000000000021316, 24.34724205727632551, 15.34877304262672659 ) ) ;
#450 = CIRCLE ( 'NONE', #2076, 0.9999999999999973355 ) ;
#451 = ORIENTED_EDGE ( 'NONE', *, *, #1348, .T. ) ;
#452 = EDGE_CURVE ( 'NONE', #1477, #74, #1709, .T. ) ;
#453 = CARTESIAN_POINT ( 'NONE',  ( -5.707106781186574551, 9.941372736638372842, 6.004173198847223780 ) ) ;
#454 = CIRCLE ( 'NONE', #1617, 1.000000000000000444 ) ;
#455 = ORIENTED_EDGE ( 'NONE', *, *, #1282, .F. ) ;
#456 = CIRCLE ( 'NONE', #1398, 0.9999999999999973355 ) ;
#457 = LINE ( 'NONE', #267, #235 ) ;
#458 = ORIENTED_EDGE ( 'NONE', *, *, #656, .T. ) ;
#459 = EDGE_CURVE ( 'NONE', #1114, #600, #536, .T. ) ;
#460 = CARTESIAN_POINT ( 'NONE',  ( 7.999999999999998224, 83.99732329183328261, 67.44626597263209078 ) ) ;
#461 = ORIENTED_EDGE ( 'NONE', *, *, #1027, .T. ) ;
#462 = AXIS2_PLACEMENT_3D ( 'NONE', #118, #260, #287 ) ;
#463 = DIRECTION ( 'NONE',  ( 2.934139241096701376E-16, -1.000000000000000000, 0.000000000000000000 ) ) ;
#464 = ORIENTED_EDGE ( 'NONE', *, *, #1848, .F. ) ;
#465 = CARTESIAN_POINT ( 'NONE',  ( -3.469446951953614189E-15, 76.99747167303195283, 59.39385781512829254 ) ) ;
#466 = DIRECTION ( 'NONE',  ( -7.228014483236695816E-17, 1.000000000000000000, -0.000000000000000000 ) ) ;
#467 = ORIENTED_EDGE ( 'NONE', *, *, #194, .F. ) ;
#468 = DIRECTION ( 'NONE',  ( 1.000000000000000000, 0.000000000000000000, 0.000000000000000000 ) ) ;
#469 = EDGE_CURVE ( 'NONE', #319, #1963, #1854, .T. ) ;
#470 = VERTEX_POINT ( 'NONE', #2055 ) ;
#471 = CARTESIAN_POINT ( 'NONE',  ( 6.000000000000000000, 33.82519076100660982, 19.11287829745917577 ) ) ;
#472 = CARTESIAN_POINT ( 'NONE',  ( 4.999999999999993783, 83.99732329183328261, 67.44626597263209078 ) ) ;
#473 = ORIENTED_EDGE ( 'NONE', *, *, #1440, .T. ) ;
#474 = CARTESIAN_POINT ( 'NONE',  ( -4.949747468305827347, 79.26070964735114899, 61.99741527880794933 ) ) ;
#475 = AXIS2_PLACEMENT_3D ( 'NONE', #1021, #1856, #337 ) ;
#476 = DIRECTION ( 'NONE',  ( 1.000000000000000000, 0.000000000000000000, 0.000000000000000000 ) ) ;
#477 = EDGE_LOOP ( 'NONE', ( #685, #1638, #1774, #1005, #791, #1687, #417, #1945 ) ) ;
#478 = ADVANCED_FACE ( 'NONE', ( #1512, #1007, #1877, #698 ), #1214, .T. ) ;
#479 = DIRECTION ( 'NONE',  ( 8.182577664731487237E-17, -0.7547095802227684613, 0.6560590289905114947 ) ) ;
#480 = ORIENTED_EDGE ( 'NONE', *, *, #1520, .T. ) ;
#481 = AXIS2_PLACEMENT_3D ( 'NONE', #48, #1714, #220 ) ;
#482 = LINE ( 'NONE', #471, #1722 ) ;
#483 =( NAMED_UNIT ( * ) SI_UNIT ( $, .STERADIAN. ) SOLID_ANGLE_UNIT ( ) );
#484 = ORIENTED_EDGE ( 'NONE', *, *, #1124, .T. ) ;
#485 = CARTESIAN_POINT ( 'NONE',  ( 4.292893218813447653, 18.33091855660353886, 11.44618761767271131 ) ) ;
#486 = AXIS2_PLACEMENT_3D ( 'NONE', #1478, #1986, #1142 ) ;
#487 = CARTESIAN_POINT ( 'NONE',  ( -4.949747468305827347, 113.8762141218952735, 33.89413580629140199 ) ) ;
#488 = VECTOR ( 'NONE', #1954, 1000.000000000000000 ) ;
#489 = VERTEX_POINT ( 'NONE', #2035 ) ;
#490 = CIRCLE ( 'NONE', #2008, 1.000000000000000444 ) ;
#491 = DIRECTION ( 'NONE',  ( 0.000000000000000000, -0.7547095802227685724, 0.6560590289905112726 ) ) ;
#492 = ORIENTED_EDGE ( 'NONE', *, *, #469, .T. ) ;
#493 = FACE_OUTER_BOUND ( 'NONE', #272, .T. ) ;
#494 = DIRECTION ( 'NONE',  ( 6.641146794893339284E-17, -0.5442014418825503741, 0.8389545819965187334 ) ) ;
#495 = EDGE_CURVE ( 'NONE', #1242, #1085, #344, .T. ) ;
#496 = APPROVAL_PERSON_ORGANIZATION ( #1275, #213, #1927 ) ;
#497 = CARTESIAN_POINT ( 'NONE',  ( -5.000000000000021316, 21.97432016112727027, 13.80953892308012954 ) ) ;
#498 = EDGE_CURVE ( 'NONE', #1585, #2144, #1029, .T. ) ;
#499 = LINE ( 'NONE', #1516, #1326 ) ;
#500 = ORIENTED_EDGE ( 'NONE', *, *, #2088, .F. ) ;
#501 = CARTESIAN_POINT ( 'NONE',  ( -4.949747468305832676, 107.3815610862853305, 26.42289213826378358 ) ) ;
#502 = ORIENTED_EDGE ( 'NONE', *, *, #1203, .F. ) ;
#503 = CARTESIAN_POINT ( 'NONE',  ( -7.999999999999998224, -21.00000000000000000, 2.000000000000003109 ) ) ;
#504 = DIRECTION ( 'NONE',  ( 3.066586833366754686E-16, 0.8389545819965186224, 0.5442014418825501521 ) ) ;
#505 = EDGE_CURVE ( 'NONE', #238, #470, #1887, .T. ) ;
#506 = DIRECTION ( 'NONE',  ( 0.000000000000000000, -0.7547095802227685724, 0.6560590289905112726 ) ) ;
#507 = DIRECTION ( 'NONE',  ( -0.7071067811865485719, -0.5932304740372627005, -0.3848085298866476545 ) ) ;
#508 = ADVANCED_FACE ( 'NONE', ( #1354 ), #835, .F. ) ;
#509 = ORIENTED_EDGE ( 'NONE', *, *, #115, .F. ) ;
#510 = DIRECTION ( 'NONE',  ( 6.641146794893339284E-17, -0.5442014418825503741, 0.8389545819965187334 ) ) ;
#511 = VERTEX_POINT ( 'NONE', #1183 ) ;
#512 = DIRECTION ( 'NONE',  ( 1.000000000000000000, 0.000000000000000000, 0.000000000000000000 ) ) ;
#513 = DIRECTION ( 'NONE',  ( 0.000000000000000000, -0.7547095802227685724, 0.6560590289905112726 ) ) ;
#514 = CARTESIAN_POINT ( 'NONE',  ( 4.292893218813455647, 34.41842123504385853, 19.49768682734582370 ) ) ;
#515 = CIRCLE ( 'NONE', #799, 0.9999999999999973355 ) ;
#516 = EDGE_CURVE ( 'NONE', #1477, #1138, #1866, .T. ) ;
#517 = DIRECTION ( 'NONE',  ( -1.391582541516842219E-16, 0.000000000000000000, -1.000000000000000000 ) ) ;
#518 = CIRCLE ( 'NONE', #693, 0.9999999999999995559 ) ;
#519 = EDGE_LOOP ( 'NONE', ( #1601, #1788, #1284, #1145 ) ) ;
#520 = VERTEX_POINT ( 'NONE', #1583 ) ;
#521 = EDGE_CURVE ( 'NONE', #855, #280, #1725, .T. ) ;
#522 = CARTESIAN_POINT ( 'NONE',  ( -6.000000000000022204, 23.06272304489237612, 12.13162975908709207 ) ) ;
#523 = VECTOR ( 'NONE', #1139, 1000.000000000000227 ) ;
#524 = EDGE_CURVE ( 'NONE', #1729, #1871, #1277, .T. ) ;
#525 = ORIENTED_EDGE ( 'NONE', *, *, #1356, .F. ) ;
#526 = CARTESIAN_POINT ( 'NONE',  ( 5.999999999999991118, 0.2029222479480386754, -0.3128300232283867111 ) ) ;
#527 = COORDINATED_UNIVERSAL_TIME_OFFSET ( 8, 0, .AHEAD. ) ;
#528 = LINE ( 'NONE', #2082, #1588 ) ;
#529 = CARTESIAN_POINT ( 'NONE',  ( -5.000000000000023093, 38.06182283956760415, 21.86103813275325081 ) ) ;
#530 = CARTESIAN_POINT ( 'NONE',  ( 7.999999999999998224, 82.48790413138775079, 68.75838403061310089 ) ) ;
#531 = VECTOR ( 'NONE', #1712, 1000.000000000000000 ) ;
#532 = EDGE_LOOP ( 'NONE', ( #1340, #1133, #1951, #1958 ) ) ;
#533 = CARTESIAN_POINT ( 'NONE',  ( 4.292893218813452094, 33.33001835127875978, 21.17559599133886294 ) ) ;
#534 = EDGE_CURVE ( 'NONE', #697, #1719, #1766, .T. ) ;
#535 = ORIENTED_EDGE ( 'NONE', *, *, #2022, .F. ) ;
#536 = LINE ( 'NONE', #847, #1402 ) ;
#537 = CARTESIAN_POINT ( 'NONE',  ( -3.449747468305833120, -9.050252531694168212, 2.000000000000001776 ) ) ;
#538 = DIRECTION ( 'NONE',  ( 0.000000000000000000, 0.8389545819965185114, 0.5442014418825504851 ) ) ;
#539 = CARTESIAN_POINT ( 'NONE',  ( -7.999999999999996447, -24.00000000000000000, 2.000000000000003553 ) ) ;
#540 = VERTEX_POINT ( 'NONE', #919 ) ;
#541 = DIRECTION ( 'NONE',  ( -0.000000000000000000, -0.000000000000000000, 1.000000000000000000 ) ) ;
#542 = ADVANCED_FACE ( 'NONE', ( #258 ), #1562, .F. ) ;
#543 = ORIENTED_EDGE ( 'NONE', *, *, #1557, .T. ) ;
#544 = CARTESIAN_POINT ( 'NONE',  ( -5.707106781186570998, 11.02977562040347514, 4.326264034854177432 ) ) ;
#545 = CARTESIAN_POINT ( 'NONE',  ( 7.999999999999998224, 24.95201068268727695, -0.4775962474170701855 ) ) ;
#546 = ADVANCED_FACE ( 'NONE', ( #75 ), #413, .F. ) ;
#547 = DIRECTION ( 'NONE',  ( 1.000000000000000000, 0.000000000000000000, 0.000000000000000000 ) ) ;
#548 = AXIS2_PLACEMENT_3D ( 'NONE', #882, #913, #701 ) ;
#549 = AXIS2_PLACEMENT_3D ( 'NONE', #808, #1794, #2133 ) ;
#550 = CARTESIAN_POINT ( 'NONE',  ( -8.000000000000021316, 52.52761524974591367, 31.24450805654623053 ) ) ;
#551 = CARTESIAN_POINT ( 'NONE',  ( 6.000000000000000000, 45.36296577576768385, 28.98096171557178735 ) ) ;
#552 = LINE ( 'NONE', #1740, #202 ) ;
#553 = AXIS2_PLACEMENT_3D ( 'NONE', #1549, #364, #2043 ) ;
#554 = VERTEX_POINT ( 'NONE', #1392 ) ;
#555 = ORIENTED_EDGE ( 'NONE', *, *, #953, .T. ) ;
#556 = CARTESIAN_POINT ( 'NONE',  ( 7.999999999999992895, 52.52761524974591367, 31.24450805654623053 ) ) ;
#557 = AXIS2_PLACEMENT_3D ( 'NONE', #107, #303, #1654 ) ;
#558 = CIRCLE ( 'NONE', #383, 1.499999999999999334 ) ;
#559 = LINE ( 'NONE', #1564, #17 ) ;
#560 = ORIENTED_EDGE ( 'NONE', *, *, #682, .T. ) ;
#561 = FACE_BOUND ( 'NONE', #576, .T. ) ;
#562 = FACE_OUTER_BOUND ( 'NONE', #405, .T. ) ;
#563 = VERTEX_POINT ( 'NONE', #1919 ) ;
#564 = AXIS2_PLACEMENT_3D ( 'NONE', #1768, #1935, #438 ) ;
#565 = FACE_OUTER_BOUND ( 'NONE', #784, .T. ) ;
#566 = DATE_AND_TIME ( #1593, #1411 ) ;
#567 = LINE ( 'NONE', #1606, #980 ) ;
#568 = DIRECTION ( 'NONE',  ( 1.000000000000000000, 0.000000000000000000, 0.000000000000000000 ) ) ;
#569 = ORIENTED_EDGE ( 'NONE', *, *, #1969, .F. ) ;
#570 = EDGE_CURVE ( 'NONE', #442, #1308, #567, .T. ) ;
#571 = CARTESIAN_POINT ( 'NONE',  ( -5.000000000000009770, 82.02914620486174613, 65.18213723196377885 ) ) ;
#572 = DIRECTION ( 'NONE',  ( -5.900243855588048770E-17, 0.5442014418825501521, -0.8389545819965187334 ) ) ;
#573 = ORIENTED_EDGE ( 'NONE', *, *, #2069, .F. ) ;
#574 = FACE_OUTER_BOUND ( 'NONE', #110, .T. ) ;
#575 = CALENDAR_DATE ( 2025, 18, 6 ) ;
#576 = EDGE_LOOP ( 'NONE', ( #2119, #1942, #1003, #1303, #653, #1842, #1437, #1288, #1361 ) ) ;
#577 = FACE_OUTER_BOUND ( 'NONE', #324, .T. ) ;
#578 = VERTEX_POINT ( 'NONE', #1243 ) ;
#579 = DIRECTION ( 'NONE',  ( -1.391582541516843698E-16, 0.000000000000000000, -1.000000000000000000 ) ) ;
#580 = ORIENTED_EDGE ( 'NONE', *, *, #1996, .F. ) ;
#581 = LINE ( 'NONE', #1260, #239 ) ;
#582 = DIRECTION ( 'NONE',  ( 0.000000000000000000, 0.8389545819965186224, 0.5442014418825502631 ) ) ;
#583 = CIRCLE ( 'NONE', #131, 1.500000000000001332 ) ;
#584 = CARTESIAN_POINT ( 'NONE',  ( -5.000000000000023093, 38.06182283956760415, 21.86103813275325081 ) ) ;
#585 = APPROVAL_STATUS ( 'not_yet_approved' ) ;
#586 = ADVANCED_FACE ( 'NONE', ( #96 ), #54, .F. ) ;
#587 = AXIS2_PLACEMENT_3D ( 'NONE', #497, #647, #1532 ) ;
#588 = ORIENTED_EDGE ( 'NONE', *, *, #1095, .F. ) ;
#589 = PLANE ( 'NONE',  #1761 ) ;
#590 = EDGE_CURVE ( 'NONE', #1614, #1391, #731, .T. ) ;
#591 = VECTOR ( 'NONE', #610, 1000.000000000000114 ) ;
#592 = CARTESIAN_POINT ( 'NONE',  ( -5.000000000000016875, -16.72867508388264923, 73.47504639668623838 ) ) ;
#593 = VERTEX_POINT ( 'NONE', #86 ) ;
#594 = AXIS2_PLACEMENT_3D ( 'NONE', #2066, #2092, #1417 ) ;
#595 = CARTESIAN_POINT ( 'NONE',  ( -5.000000000000021316, 21.13536557913074532, 13.26533748119757661 ) ) ;
#596 = DIRECTION ( 'NONE',  ( 0.7071067811865491270, 0.5932304740372624785, 0.3848085298866470993 ) ) ;
#597 = CARTESIAN_POINT ( 'NONE',  ( 0.000000000000000000, 0.000000000000000000, 0.000000000000000000 ) ) ;
#598 = ORIENTED_EDGE ( 'NONE', *, *, #498, .T. ) ;
#599 = CARTESIAN_POINT ( 'NONE',  ( 8.000000000000001776, -20.99999999999999645, 0.000000000000000000 ) ) ;
#600 = VERTEX_POINT ( 'NONE', #1407 ) ;
#601 = VECTOR ( 'NONE', #153, 1000.000000000000114 ) ;
#602 = EDGE_CURVE ( 'NONE', #1467, #604, #754, .T. ) ;
#603 = PLANE ( 'NONE',  #947 ) ;
#604 = VERTEX_POINT ( 'NONE', #556 ) ;
#605 = FACE_BOUND ( 'NONE', #1448, .T. ) ;
#606 = ADVANCED_FACE ( 'NONE', ( #2104 ), #589, .F. ) ;
#607 = ORIENTED_EDGE ( 'NONE', *, *, #469, .F. ) ;
#608 = CARTESIAN_POINT ( 'NONE',  ( -5.000000000000022204, 22.22376846289586538, 11.58742831720453026 ) ) ;
#609 = EDGE_LOOP ( 'NONE', ( #216, #2083, #1786, #1093, #259, #1631 ) ) ;
#610 = DIRECTION ( 'NONE',  ( 6.641146794893341749E-17, -0.5442014418825504851, 0.8389545819965184004 ) ) ;
#611 = ORIENTED_EDGE ( 'NONE', *, *, #295, .F. ) ;
#612 = DIRECTION ( 'NONE',  ( 0.000000000000000000, -0.6560590289905098293, -0.7547095802227697936 ) ) ;
#613 = EDGE_CURVE ( 'NONE', #1119, #697, #2037, .T. ) ;
#614 = ORIENTED_EDGE ( 'NONE', *, *, #613, .T. ) ;
#615 = CYLINDRICAL_SURFACE ( 'NONE', #1375, 1.000000000000002220 ) ;
#616 = ORIENTED_EDGE ( 'NONE', *, *, #1613, .T. ) ;
#617 = DIRECTION ( 'NONE',  ( -0.7071067811865493491, -0.5932304740372622565, -0.3848085298866470438 ) ) ;
#618 = EDGE_CURVE ( 'NONE', #275, #1561, #1734, .T. ) ;
#619 = ORIENTED_EDGE ( 'NONE', *, *, #850, .T. ) ;
#620 = DIRECTION ( 'NONE',  ( -0.7071067811865493491, -0.5932304740372621454, -0.3848085298866470993 ) ) ;
#621 = ORIENTED_EDGE ( 'NONE', *, *, #1205, .T. ) ;
#622 = CARTESIAN_POINT ( 'NONE',  ( 4.949747468305833564, -9.050252531694164659, 2.000000000000001776 ) ) ;
#623 = VECTOR ( 'NONE', #339, 1000.000000000000114 ) ;
#624 = VECTOR ( 'NONE', #419, 1000.000000000000114 ) ;
#625 = ORIENTED_EDGE ( 'NONE', *, *, #1493, .F. ) ;
#626 = FACE_OUTER_BOUND ( 'NONE', #242, .T. ) ;
#627 = AXIS2_PLACEMENT_3D ( 'NONE', #1893, #1926, #1906 ) ;
#628 = VERTEX_POINT ( 'NONE', #1443 ) ;
#629 = FACE_OUTER_BOUND ( 'NONE', #251, .T. ) ;
#630 = VECTOR ( 'NONE', #1930, 1000.000000000000227 ) ;
#631 = DIRECTION ( 'NONE',  ( 0.000000000000000000, -0.000000000000000000, -1.000000000000000000 ) ) ;
#632 = ORIENTED_EDGE ( 'NONE', *, *, #894, .F. ) ;
#633 = DIRECTION ( 'NONE',  ( 1.000000000000000000, -0.000000000000000000, -0.000000000000000000 ) ) ;
#634 = ORIENTED_EDGE ( 'NONE', *, *, #1240, .F. ) ;
#635 = DIRECTION ( 'NONE',  ( 0.000000000000000000, 0.6560590289905098293, 0.7547095802227697936 ) ) ;
#636 = VECTOR ( 'NONE', #1314, 1000.000000000000000 ) ;
#637 = CARTESIAN_POINT ( 'NONE',  ( 6.449747468305833564, -9.050252531694164659, 0.000000000000000000 ) ) ;
#638 = DIRECTION ( 'NONE',  ( 1.000000000000000000, 0.000000000000000000, 0.000000000000000000 ) ) ;
#639 = ADVANCED_FACE ( 'NONE', ( #577 ), #603, .F. ) ;
#640 = LINE ( 'NONE', #1990, #874 ) ;
#641 = ORIENTED_EDGE ( 'NONE', *, *, #1874, .T. ) ;
#642 = CARTESIAN_POINT ( 'NONE',  ( 4.999999999999995559, 17.73768808256627949, 11.06137908778605272 ) ) ;
#643 = ORIENTED_EDGE ( 'NONE', *, *, #859, .F. ) ;
#644 = CARTESIAN_POINT ( 'NONE',  ( -8.000000000000014211, 4.360298556153079375, 0.000000000000000000 ) ) ;
#645 =( NAMED_UNIT ( * ) PLANE_ANGLE_UNIT ( ) SI_UNIT ( $, .RADIAN. ) );
#646 = ORIENTED_EDGE ( 'NONE', *, *, #1440, .F. ) ;
#647 = DIRECTION ( 'NONE',  ( -5.900243855588048770E-17, 0.5442014418825501521, -0.8389545819965187334 ) ) ;
#648 = CARTESIAN_POINT ( 'NONE',  ( -8.000000000000007105, 79.76501746419343419, 67.15031431893531533 ) ) ;
#649 = ORIENTED_EDGE ( 'NONE', *, *, #1482, .F. ) ;
#650 = AXIS2_PLACEMENT_3D ( 'NONE', #1072, #218, #227 ) ;
#651 = CARTESIAN_POINT ( 'NONE',  ( 4.949747468305847775, 81.22888673432268547, 64.26154401947626127 ) ) ;
#652 = EDGE_CURVE ( 'NONE', #2108, #352, #172, .T. ) ;
#653 = ORIENTED_EDGE ( 'NONE', *, *, #1471, .T. ) ;
#654 = CIRCLE ( 'NONE', #1933, 1.499999999999999556 ) ;
#655 = CARTESIAN_POINT ( 'NONE',  ( -6.000000000000022204, 25.43564494104142781, 13.67086387863368380 ) ) ;
#656 = EDGE_CURVE ( 'NONE', #923, #489, #1833, .T. ) ;
#657 = DIRECTION ( 'NONE',  ( -6.641146794893340517E-17, 0.5442014418825505961, -0.8389545819965184004 ) ) ;
#658 = VECTOR ( 'NONE', #617, 1000.000000000000000 ) ;
#659 = VECTOR ( 'NONE', #2011, 1000.000000000000227 ) ;
#660 = VECTOR ( 'NONE', #633, 1000.000000000000000 ) ;
#661 = DIRECTION ( 'NONE',  ( 6.641146794893340517E-17, -0.5442014418825505961, 0.8389545819965185114 ) ) ;
#662 = DIRECTION ( 'NONE',  ( -1.000000000000000000, -3.614121661534632518E-17, 5.571620533287261790E-17 ) ) ;
#663 = CIRCLE ( 'NONE', #1084, 1.499999999999999334 ) ;
#664 = ORIENTED_EDGE ( 'NONE', *, *, #266, .T. ) ;
#665 = VECTOR ( 'NONE', #1731, 1000.000000000000227 ) ;
#666 = CARTESIAN_POINT ( 'NONE',  ( -4.949747468305831788, -18.94974746830583356, 2.000000000000003109 ) ) ;
#667 = EDGE_CURVE ( 'NONE', #9, #1469, #973, .T. ) ;
#668 = ORIENTED_EDGE ( 'NONE', *, *, #1524, .F. ) ;
#669 = CARTESIAN_POINT ( 'NONE',  ( -8.000000000000005329, 51.20295128325870593, 32.76916265272691930 ) ) ;
#670 = LOCAL_TIME ( 16, 24, 50.00000000000000000, #752 ) ;
#671 = EDGE_CURVE ( 'NONE', #1109, #9, #876, .T. ) ;
#672 = LINE ( 'NONE', #2028, #1331 ) ;
#673 = CARTESIAN_POINT ( 'NONE',  ( -5.000000000000016875, -14.35575318773358333, 75.01428051623281590 ) ) ;
#674 = ORIENTED_EDGE ( 'NONE', *, *, #389, .T. ) ;
#675 = CARTESIAN_POINT ( 'NONE',  ( 5.999999999999999112, 46.45136865953279681, 27.30305255157876232 ) ) ;
#676 = ORIENTED_EDGE ( 'NONE', *, *, #145, .F. ) ;
#677 = PLANE ( 'NONE',  #1188 ) ;
#678 = LINE ( 'NONE', #1165, #1841 ) ;
#679 = EDGE_CURVE ( 'NONE', #2031, #470, #1046, .T. ) ;
#680 = FACE_BOUND ( 'NONE', #1782, .T. ) ;
#681 = CARTESIAN_POINT ( 'NONE',  ( 5.999999999999996447, -38.50007299706186359, 59.35267745037770482 ) ) ;
#682 = EDGE_CURVE ( 'NONE', #963, #1560, #1336, .T. ) ;
#683 = EDGE_LOOP ( 'NONE', ( #1684, #1642, #674, #1096 ) ) ;
#684 = FACE_OUTER_BOUND ( 'NONE', #332, .T. ) ;
#685 = ORIENTED_EDGE ( 'NONE', *, *, #356, .T. ) ;
#686 = LINE ( 'NONE', #185, #313 ) ;
#687 = SECURITY_CLASSIFICATION_LEVEL ( 'unclassified' ) ;
#688 = DIRECTION ( 'NONE',  ( 0.000000000000000000, -0.6560590289905098293, -0.7547095802227697936 ) ) ;
#689 = VECTOR ( 'NONE', #1449, 1000.000000000000000 ) ;
#690 = EDGE_CURVE ( 'NONE', #2071, #1834, #454, .T. ) ;
#691 = CARTESIAN_POINT ( 'NONE',  ( -5.000000000000016875, -2.568529871203937720, 82.66025332846984952 ) ) ;
#692 = DIRECTION ( 'NONE',  ( 0.000000000000000000, 1.000000000000000000, 0.000000000000000000 ) ) ;
#693 = AXIS2_PLACEMENT_3D ( 'NONE', #1785, #1103, #434 ) ;
#694 = ORIENTED_EDGE ( 'NONE', *, *, #2154, .F. ) ;
#695 = CARTESIAN_POINT ( 'NONE',  ( -4.292893218813479628, 6.381989892414785537, 3.695322019527336632 ) ) ;
#696 = AXIS2_PLACEMENT_3D ( 'NONE', #1374, #1530, #45 ) ;
#697 = VERTEX_POINT ( 'NONE', #150 ) ;
#698 = FACE_OUTER_BOUND ( 'NONE', #1268, .T. ) ;
#699 = LINE ( 'NONE', #2038, #2099 ) ;
#700 = CIRCLE ( 'NONE', #1487, 0.9999999999999993339 ) ;
#701 = DIRECTION ( 'NONE',  ( 0.000000000000000000, 0.8389545819965186224, 0.5442014418825501521 ) ) ;
#702 = DIRECTION ( 'NONE',  ( -0.000000000000000000, -0.000000000000000000, 1.000000000000000000 ) ) ;
#703 = AXIS2_PLACEMENT_3D ( 'NONE', #1947, #1468, #756 ) ;
#704 = ADVANCED_FACE ( 'NONE', ( #1820 ), #780, .F. ) ;
#705 = DIRECTION ( 'NONE',  ( 0.000000000000000000, -0.6560590289905098293, -0.7547095802227697936 ) ) ;
#706 = CC_DESIGN_APPROVAL ( #2073, ( #1519 ) ) ;
#707 = CARTESIAN_POINT ( 'NONE',  ( 8.000000000000026645, -20.99999999999999645, 2.000000000000003109 ) ) ;
#708 = EDGE_LOOP ( 'NONE', ( #1568, #1464, #1163, #77 ) ) ;
#709 = ORIENTED_EDGE ( 'NONE', *, *, #1632, .T. ) ;
#710 = DIRECTION ( 'NONE',  ( 0.000000000000000000, -0.8389545819965179563, -0.5442014418825512623 ) ) ;
#711 = EDGE_CURVE ( 'NONE', #1499, #1333, #278, .T. ) ;
#712 = DIRECTION ( 'NONE',  ( -0.000000000000000000, -0.000000000000000000, 1.000000000000000000 ) ) ;
#713 = CARTESIAN_POINT ( 'NONE',  ( 5.000000000000000888, -24.00000000000000000, 3.000000000000000000 ) ) ;
#714 = CYLINDRICAL_SURFACE ( 'NONE', #481, 1.000000000000000666 ) ;
#715 = FACE_OUTER_BOUND ( 'NONE', #117, .T. ) ;
#716 = CARTESIAN_POINT ( 'NONE',  ( -6.000000000000021316, 24.34724205727632906, 15.34877304262672482 ) ) ;
#717 = ORIENTED_EDGE ( 'NONE', *, *, #1233, .T. ) ;
#718 = ORIENTED_EDGE ( 'NONE', *, *, #5, .T. ) ;
#719 = CARTESIAN_POINT ( 'NONE',  ( -5.000000000000022204, 25.43564494104143137, 13.67086387863368557 ) ) ;
#720 = CARTESIAN_POINT ( 'NONE',  ( -8.000000000000001776, 24.95201068268727695, -0.4775962474170701855 ) ) ;
#721 = VERTEX_POINT ( 'NONE', #651 ) ;
#722 = DIRECTION ( 'NONE',  ( 0.000000000000000000, 1.000000000000000000, 0.000000000000000000 ) ) ;
#723 = CIRCLE ( 'NONE', #832, 3.000000000000000000 ) ;
#724 = CIRCLE ( 'NONE', #271, 2.999999999999998668 ) ;
#725 = CYLINDRICAL_SURFACE ( 'NONE', #371, 1.500000000000000444 ) ;
#726 = ORIENTED_EDGE ( 'NONE', *, *, #459, .T. ) ;
#727 = CYLINDRICAL_SURFACE ( 'NONE', #1154, 3.000000000000000000 ) ;
#728 = AXIS2_PLACEMENT_3D ( 'NONE', #190, #1518, #182 ) ;
#729 = ORIENTED_EDGE ( 'NONE', *, *, #330, .T. ) ;
#730 = DIRECTION ( 'NONE',  ( 1.000000000000000000, 1.084202172485504434E-16, -0.000000000000000000 ) ) ;
#731 = CIRCLE ( 'NONE', #594, 2.999999999999998668 ) ;
#732 = EDGE_CURVE ( 'NONE', #85, #1481, #104, .T. ) ;
#733 = LINE ( 'NONE', #66, #758 ) ;
#734 = VERTEX_POINT ( 'NONE', #1330 ) ;
#735 = EDGE_CURVE ( 'NONE', #1252, #1676, #450, .T. ) ;
#736 = DIRECTION ( 'NONE',  ( 1.062601985498177951E-16, -0.5442014418825505961, 0.8389545819965184004 ) ) ;
#737 = CARTESIAN_POINT ( 'NONE',  ( -6.449747468305833564, -9.050252531694168212, 0.000000000000000000 ) ) ;
#738 = DIRECTION ( 'NONE',  ( -1.393866136277581486E-32, 1.285614594446145305E-16, 1.000000000000000000 ) ) ;
#739 = AXIS2_PLACEMENT_3D ( 'NONE', #2094, #1644, #579 ) ;
#740 = CARTESIAN_POINT ( 'NONE',  ( 4.949747468305852216, 107.3815610862853305, 26.42289213826376937 ) ) ;
#741 = SHAPE_DEFINITION_REPRESENTATION ( #2048, #1057 ) ;
#742 = EDGE_LOOP ( 'NONE', ( #1379, #1235, #19, #464 ) ) ;
#743 = CARTESIAN_POINT ( 'NONE',  ( 3.851859888774471706E-31, -14.00000000000000000, 0.000000000000000000 ) ) ;
#744 = ORIENTED_EDGE ( 'NONE', *, *, #1509, .T. ) ;
#745 = EDGE_CURVE ( 'NONE', #122, #1764, #445, .T. ) ;
#746 = DIRECTION ( 'NONE',  ( -0.000000000000000000, -0.000000000000000000, 1.000000000000000000 ) ) ;
#747 = ORIENTED_EDGE ( 'NONE', *, *, #778, .F. ) ;
#748 = CARTESIAN_POINT ( 'NONE',  ( 5.000000000000000888, -24.00000000000000000, 0.000000000000000000 ) ) ;
#749 = CARTESIAN_POINT ( 'NONE',  ( 8.000000000000024869, 0.2029222479480384811, -0.3128300232283869886 ) ) ;
#750 = ADVANCED_FACE ( 'NONE', ( #116 ), #294, .F. ) ;
#751 = DIRECTION ( 'NONE',  ( 1.000000000000000000, 3.614121661534636216E-17, -5.571620533287259325E-17 ) ) ;
#752 = COORDINATED_UNIVERSAL_TIME_OFFSET ( 8, 0, .AHEAD. ) ;
#753 = ORIENTED_EDGE ( 'NONE', *, *, #652, .F. ) ;
#754 = LINE ( 'NONE', #1428, #488 ) ;
#755 = ORIENTED_EDGE ( 'NONE', *, *, #1397, .F. ) ;
#756 = DIRECTION ( 'NONE',  ( -1.000000000000000000, 0.000000000000000000, 0.000000000000000000 ) ) ;
#757 = ORIENTED_EDGE ( 'NONE', *, *, #119, .T. ) ;
#758 = VECTOR ( 'NONE', #1743, 1000.000000000000000 ) ;
#759 = DIRECTION ( 'NONE',  ( 6.641146794893339284E-17, -0.5442014418825503741, 0.8389545819965187334 ) ) ;
#760 = CARTESIAN_POINT ( 'NONE',  ( 4.949747468305852216, 72.76605661174119177, 54.52617161078032382 ) ) ;
#761 = ADVANCED_FACE ( 'NONE', ( #2170 ), #1801, .F. ) ;
#762 = AXIS2_PLACEMENT_3D ( 'NONE', #487, #2000, #1526 ) ;
#763 = EDGE_LOOP ( 'NONE', ( #2006, #365, #1747, #1255 ) ) ;
#764 = LINE ( 'NONE', #1484, #805 ) ;
#765 = APPLICATION_PROTOCOL_DEFINITION ( 'international standard', 'config_control_design', 1994, #1847 ) ;
#766 = EDGE_LOOP ( 'NONE', ( #2095, #918, #1024, #1598 ) ) ;
#767 = CC_DESIGN_PERSON_AND_ORGANIZATION_ASSIGNMENT ( #232, #1104, ( #400 ) ) ;
#768 = AXIS2_PLACEMENT_3D ( 'NONE', #1843, #994, #60 ) ;
#769 = DIRECTION ( 'NONE',  ( 9.416704356456215844E-17, -0.5442014418825504851, 0.8389545819965184004 ) ) ;
#770 = ORIENTED_EDGE ( 'NONE', *, *, #1348, .F. ) ;
#771 = AXIS2_PLACEMENT_3D ( 'NONE', #743, #225, #468 ) ;
#772 = CARTESIAN_POINT ( 'NONE',  ( 4.999999999999993783, 80.51972704441621431, 66.49425528994478896 ) ) ;
#773 = ORIENTED_EDGE ( 'NONE', *, *, #1943, .T. ) ;
#774 = CIRCLE ( 'NONE', #176, 1.000000000000001332 ) ;
#775 = DIRECTION ( 'NONE',  ( 1.124920987495584317E-16, -1.000000000000000000, 1.285614594446145305E-16 ) ) ;
#776 = ORIENTED_EDGE ( 'NONE', *, *, #1203, .T. ) ;
#777 = CARTESIAN_POINT ( 'NONE',  ( -5.000000000000009770, 83.99732329183328261, 67.44626597263209078 ) ) ;
#778 = EDGE_CURVE ( 'NONE', #1744, #1991, #774, .T. ) ;
#779 = VERTEX_POINT ( 'NONE', #1984 ) ;
#780 = CYLINDRICAL_SURFACE ( 'NONE', #557, 1.499999999999999334 ) ;
#781 = EDGE_LOOP ( 'NONE', ( #978, #120 ) ) ;
#782 = EDGE_CURVE ( 'NONE', #1138, #779, #1405, .T. ) ;
#783 = CYLINDRICAL_SURFACE ( 'NONE', #2156, 1.499999999999999334 ) ;
#784 = EDGE_LOOP ( 'NONE', ( #473, #355, #201, #448 ) ) ;
#785 = FACE_OUTER_BOUND ( 'NONE', #609, .T. ) ;
#786 = ORIENTED_EDGE ( 'NONE', *, *, #1563, .T. ) ;
#787 = CARTESIAN_POINT ( 'NONE',  ( 6.000000000000000000, 33.82519076100660271, 19.11287829745918643 ) ) ;
#788 = ORIENTED_EDGE ( 'NONE', *, *, #1800, .F. ) ;
#789 = CARTESIAN_POINT ( 'NONE',  ( -1.500000000000000000, -14.00000000000000000, 0.000000000000000000 ) ) ;
#790 = EDGE_CURVE ( 'NONE', #923, #1911, #956, .T. ) ;
#791 = ORIENTED_EDGE ( 'NONE', *, *, #1819, .T. ) ;
#792 = CARTESIAN_POINT ( 'NONE',  ( -6.000000000000003553, -38.50007299706187069, 59.35267745037770482 ) ) ;
#793 = ORIENTED_EDGE ( 'NONE', *, *, #2171, .T. ) ;
#794 = EDGE_CURVE ( 'NONE', #1191, #1851, #1465, .T. ) ;
#795 = DIRECTION ( 'NONE',  ( 4.930380657631323236E-32, -0.8389545819965186224, -0.5442014418825501521 ) ) ;
#796 = LINE ( 'NONE', #1438, #1831 ) ;
#797 = ORIENTED_EDGE ( 'NONE', *, *, #1701, .T. ) ;
#798 = CARTESIAN_POINT ( 'NONE',  ( 5.707106781186542577, 15.85993859614505830, 7.459427274359773818 ) ) ;
#799 = AXIS2_PLACEMENT_3D ( 'NONE', #373, #1055, #1064 ) ;
#800 = AXIS2_PLACEMENT_3D ( 'NONE', #375, #211, #1387 ) ;
#801 = CIRCLE ( 'NONE', #1435, 1.499999999999999334 ) ;
#802 = ORIENTED_EDGE ( 'NONE', *, *, #602, .F. ) ;
#803 = CARTESIAN_POINT ( 'NONE',  ( 5.707106781186539912, 15.85993859614504764, 7.459427274359787141 ) ) ;
#804 = FACE_BOUND ( 'NONE', #2165, .T. ) ;
#805 = VECTOR ( 'NONE', #311, 999.9999999999998863 ) ;
#806 = EDGE_CURVE ( 'NONE', #249, #366, #1332, .T. ) ;
#807 = EDGE_LOOP ( 'NONE', ( #1359, #312 ) ) ;
#808 = CARTESIAN_POINT ( 'NONE',  ( -8.657473351024895791, -31.23684606070674263, 64.06408693106523344 ) ) ;
#809 = CARTESIAN_POINT ( 'NONE',  ( 4.949747468305847775, 80.24479819083691723, 63.12947964914210530 ) ) ;
#810 = EDGE_LOOP ( 'NONE', ( #1102, #191, #42, #500 ) ) ;
#811 = DIRECTION ( 'NONE',  ( 0.000000000000000000, 0.8389545819965187334, 0.5442014418825499300 ) ) ;
#812 = ORIENTED_EDGE ( 'NONE', *, *, #1240, .T. ) ;
#813 = CARTESIAN_POINT ( 'NONE',  ( 8.000000000000024869, 3.768438977661780154, 2.000000000000003553 ) ) ;
#814 = CIRCLE ( 'NONE', #1236, 1.500000000000001332 ) ;
#815 = CARTESIAN_POINT ( 'NONE',  ( -5.707106781186572775, 11.02977562040348047, 4.326264034854176543 ) ) ;
#816 = VERTEX_POINT ( 'NONE', #798 ) ;
#817 = DIRECTION ( 'NONE',  ( 0.000000000000000000, -0.7547095802227685724, 0.6560590289905112726 ) ) ;
#818 = CARTESIAN_POINT ( 'NONE',  ( 5.999999999999994671, 18.82609096633138179, 9.383469923793018808 ) ) ;
#819 = ORIENTED_EDGE ( 'NONE', *, *, #1329, .F. ) ;
#820 = EDGE_CURVE ( 'NONE', #1585, #1744, #1640, .T. ) ;
#821 = DIRECTION ( 'NONE',  ( -0.000000000000000000, -0.000000000000000000, 1.000000000000000000 ) ) ;
#822 = ORIENTED_EDGE ( 'NONE', *, *, #2022, .T. ) ;
#823 = CARTESIAN_POINT ( 'NONE',  ( -8.657473351024901120, 8.554552068068275616, 2.720670293466092460 ) ) ;
#824 = CARTESIAN_POINT ( 'NONE',  ( 3.851859888774471706E-31, -14.00000000000000000, 0.000000000000000000 ) ) ;
#825 = DIRECTION ( 'NONE',  ( 0.000000000000000000, -0.6560590289905098293, -0.7547095802227697936 ) ) ;
#826 = CARTESIAN_POINT ( 'NONE',  ( -4.292893218813471634, 22.46949257085510609, 11.74682122920044058 ) ) ;
#827 = EDGE_CURVE ( 'NONE', #593, #1231, #200, .T. ) ;
#828 = ORIENTED_EDGE ( 'NONE', *, *, #1932, .F. ) ;
#829 = CARTESIAN_POINT ( 'NONE',  ( -5.000000000000023093, 36.97341995580249829, 23.53894729674629005 ) ) ;
#830 = EDGE_CURVE ( 'NONE', #1798, #887, #1721, .T. ) ;
#831 = VERTEX_POINT ( 'NONE', #522 ) ;
#832 = AXIS2_PLACEMENT_3D ( 'NONE', #1982, #631, #301 ) ;
#833 = VECTOR ( 'NONE', #396, 1000.000000000000000 ) ;
#834 = AXIS2_PLACEMENT_3D ( 'NONE', #2145, #1959, #638 ) ;
#835 = CYLINDRICAL_SURFACE ( 'NONE', #1579, 1.500000000000000000 ) ;
#836 = DIRECTION ( 'NONE',  ( -0.000000000000000000, 0.000000000000000000, -1.000000000000000000 ) ) ;
#837 = AXIS2_PLACEMENT_3D ( 'NONE', #146, #817, #825 ) ;
#838 = AXIS2_PLACEMENT_3D ( 'NONE', #1415, #1210, #2089 ) ;
#839 = DIRECTION ( 'NONE',  ( -9.476346269835194118E-17, 0.5442014418825505961, -0.8389545819965184004 ) ) ;
#840 = LINE ( 'NONE', #648, #61 ) ;
#841 = VECTOR ( 'NONE', #1383, 1000.000000000000114 ) ;
#842 = ORIENTED_EDGE ( 'NONE', *, *, #618, .T. ) ;
#843 = AXIS2_PLACEMENT_3D ( 'NONE', #1455, #1287, #811 ) ;
#844 = EDGE_CURVE ( 'NONE', #1814, #866, #1898, .T. ) ;
#845 = CARTESIAN_POINT ( 'NONE',  ( 4.949747468305833564, -9.050252531694164659, 0.000000000000000000 ) ) ;
#846 = ORIENTED_EDGE ( 'NONE', *, *, #295, .T. ) ;
#847 = CARTESIAN_POINT ( 'NONE',  ( -3.449747468305831344, -18.94974746830583356, 0.000000000000000000 ) ) ;
#848 = CARTESIAN_POINT ( 'NONE',  ( 4.949747468305834452, -18.94974746830583001, 2.000000000000003109 ) ) ;
#849 = VECTOR ( 'NONE', #836, 1000.000000000000000 ) ;
#850 = EDGE_CURVE ( 'NONE', #721, #1895, #945, .T. ) ;
#851 = PLANE ( 'NONE',  #475 ) ;
#852 = FACE_OUTER_BOUND ( 'NONE', #1116, .T. ) ;
#853 = EDGE_LOOP ( 'NONE', ( #1915, #1605, #569, #535 ) ) ;
#854 = DIRECTION ( 'NONE',  ( -5.900243855588048770E-17, 0.5442014418825501521, -0.8389545819965187334 ) ) ;
#855 = VERTEX_POINT ( 'NONE', #1707 ) ;
#856 = CARTESIAN_POINT ( 'NONE',  ( -4.949747468305832676, 72.24072599478145662, 56.97035403909548279 ) ) ;
#857 = CARTESIAN_POINT ( 'NONE',  ( 0.000000000000000000, 0.000000000000000000, 0.000000000000000000 ) ) ;
#858 = VECTOR ( 'NONE', #1324, 1000.000000000000227 ) ;
#859 = EDGE_CURVE ( 'NONE', #1107, #563, #1009, .T. ) ;
#860 = DIRECTION ( 'NONE',  ( 0.000000000000000000, 0.6560590289905113837, 0.7547095802227683503 ) ) ;
#861 = EDGE_CURVE ( 'NONE', #1353, #138, #2179, .T. ) ;
#862 = FACE_OUTER_BOUND ( 'NONE', #1127, .T. ) ;
#863 = ORIENTED_EDGE ( 'NONE', *, *, #912, .T. ) ;
#864 = ORIENTED_EDGE ( 'NONE', *, *, #156, .T. ) ;
#865 = DIRECTION ( 'NONE',  ( 1.000000000000000000, 0.000000000000000000, 0.000000000000000000 ) ) ;
#866 = VERTEX_POINT ( 'NONE', #675 ) ;
#867 = FACE_OUTER_BOUND ( 'NONE', #1451, .T. ) ;
#868 = VECTOR ( 'NONE', #59, 1000.000000000000000 ) ;
#869 = CLOSED_SHELL ( 'NONE', ( #750, #439, #586, #1445, #964, #63, #226, #704, #1070, #542, #896, #990, #1924, #1698, #606, #639, #1535, #508, #2103, #1381, #1143, #1889, #2160, #761, #1422, #1304, #1912, #2056, #937, #1981, #1082, #1310, #1628, #478, #2010, #1771, #198, #1584, #397, #1290, #1306, #323, #1497, #1318, #981, #1993, #2081, #1018, #2085, #341, #2054, #999, #68, #208, #2005, #1278, #546, #430, #1454, #906, #1681 ) ) ;
#870 = EDGE_CURVE ( 'NONE', #1764, #600, #3, .T. ) ;
#871 = DIRECTION ( 'NONE',  ( 6.641146794893339284E-17, -0.5442014418825505961, 0.8389545819965184004 ) ) ;
#872 = DIRECTION ( 'NONE',  ( 4.336808689942029569E-15, 0.8389545819965185114, 0.5442014418825504851 ) ) ;
#873 = DIRECTION ( 'NONE',  ( 0.000000000000000000, -0.8389545819965182893, -0.5442014418825507072 ) ) ;
#874 = VECTOR ( 'NONE', #466, 1000.000000000000000 ) ;
#875 = CARTESIAN_POINT ( 'NONE',  ( 4.949747468305847775, 113.8762141218952735, 33.89413580629140199 ) ) ;
#876 = CIRCLE ( 'NONE', #2004, 0.9999999999999995559 ) ;
#877 = CARTESIAN_POINT ( 'NONE',  ( 4.949747468305833564, -9.050252531694164659, 0.000000000000000000 ) ) ;
#878 = EDGE_LOOP ( 'NONE', ( #124, #819, #1343, #1396, #2050, #1792 ) ) ;
#879 = CARTESIAN_POINT ( 'NONE',  ( -6.000000000000023981, -38.50007299706186359, 59.35267745037770482 ) ) ;
#880 = LINE ( 'NONE', #1206, #1665 ) ;
#881 = CIRCLE ( 'NONE', #350, 1.000000000000001332 ) ;
#882 = CARTESIAN_POINT ( 'NONE',  ( 8.000000000000024869, 0.2029222479480384811, -0.3128300232283869886 ) ) ;
#883 = CARTESIAN_POINT ( 'NONE',  ( 4.949747468305833564, -9.050252531694164659, 0.000000000000000000 ) ) ;
#884 = ORIENTED_EDGE ( 'NONE', *, *, #498, .F. ) ;
#885 = DIRECTION ( 'NONE',  ( 0.000000000000000000, 0.8389545819965185114, 0.5442014418825504851 ) ) ;
#886 = ORIENTED_EDGE ( 'NONE', *, *, #2171, .F. ) ;
#887 = VERTEX_POINT ( 'NONE', #2032 ) ;
#888 = DIRECTION ( 'NONE',  ( 9.437576168434689201E-17, -0.8389545819965186224, -0.5442014418825501521 ) ) ;
#889 = LINE ( 'NONE', #1736, #1211 ) ;
#890 = CARTESIAN_POINT ( 'NONE',  ( 5.999999999999990230, 1.291325131713146890, -1.990739187221438389 ) ) ;
#891 = CARTESIAN_POINT ( 'NONE',  ( -5.000000000000028422, 6.136265784455536831, 3.535929107531435189 ) ) ;
#892 = DIRECTION ( 'NONE',  ( 0.000000000000000000, 1.000000000000000000, 0.000000000000000000 ) ) ;
#893 = DIRECTION ( 'NONE',  ( 0.000000000000000000, 0.8389545819965195106, 0.5442014418825488198 ) ) ;
#894 = EDGE_CURVE ( 'NONE', #887, #1798, #903, .T. ) ;
#895 = DIRECTION ( 'NONE',  ( 9.416704356456218309E-17, -0.5442014418825504851, 0.8389545819965184004 ) ) ;
#896 = ADVANCED_FACE ( 'NONE', ( #684 ), #1192, .F. ) ;
#897 = CARTESIAN_POINT ( 'NONE',  ( -4.949747468305831788, -18.94974746830583356, 0.000000000000000000 ) ) ;
#898 = VERTEX_POINT ( 'NONE', #2182 ) ;
#899 = LINE ( 'NONE', #1576, #1432 ) ;
#900 = CARTESIAN_POINT ( 'NONE',  ( -8.000000000000008882, 80.51972704441620010, 66.49425528994480317 ) ) ;
#901 = VERTEX_POINT ( 'NONE', #1371 ) ;
#902 = FACE_OUTER_BOUND ( 'NONE', #853, .T. ) ;
#903 = CIRCLE ( 'NONE', #949, 1.500000000000000444 ) ;
#904 = DATE_AND_TIME ( #435, #670 ) ;
#905 = VERTEX_POINT ( 'NONE', #533 ) ;
#906 = ADVANCED_FACE ( 'NONE', ( #1873 ), #31, .F. ) ;
#907 = CARTESIAN_POINT ( 'NONE',  ( 4.949747468305834452, -18.94974746830583001, 2.000000000000003109 ) ) ;
#908 = AXIS2_PLACEMENT_3D ( 'NONE', #142, #431, #987 ) ;
#909 = ORIENTED_EDGE ( 'NONE', *, *, #1110, .F. ) ;
#910 = CARTESIAN_POINT ( 'NONE',  ( -6.000000000000021316, 0.2029222479480380092, -0.3128300232283862670 ) ) ;
#911 = ORIENTED_EDGE ( 'NONE', *, *, #1602, .F. ) ;
#912 = EDGE_CURVE ( 'NONE', #290, #141, #1728, .T. ) ;
#913 = DIRECTION ( 'NONE',  ( -5.900243855588050003E-17, 0.5442014418825502631, -0.8389545819965187334 ) ) ;
#914 = CARTESIAN_POINT ( 'NONE',  ( 4.949747468305847775, 77.75129048690563138, 63.30953333678895945 ) ) ;
#915 = CIRCLE ( 'NONE', #1946, 1.500000000000000444 ) ;
#916 = CARTESIAN_POINT ( 'NONE',  ( -6.000000000000022204, 36.97341995580249829, 23.53894729674629716 ) ) ;
#917 = COORDINATED_UNIVERSAL_TIME_OFFSET ( 8, 0, .AHEAD. ) ;
#918 = ORIENTED_EDGE ( 'NONE', *, *, #279, .F. ) ;
#919 = CARTESIAN_POINT ( 'NONE',  ( -6.000000000000022204, 38.06182283956761836, 21.86103813275326502 ) ) ;
#920 = ORIENTED_EDGE ( 'NONE', *, *, #1027, .F. ) ;
#921 = FACE_OUTER_BOUND ( 'NONE', #1574, .T. ) ;
#922 = EDGE_CURVE ( 'NONE', #1481, #831, #2015, .T. ) ;
#923 = VERTEX_POINT ( 'NONE', #1685 ) ;
#924 = LINE ( 'NONE', #1610, #1931 ) ;
#925 = LINE ( 'NONE', #813, #2177 ) ;
#926 = LINE ( 'NONE', #1600, #1351 ) ;
#927 = EDGE_CURVE ( 'NONE', #578, #2131, #558, .T. ) ;
#928 = VERTEX_POINT ( 'NONE', #707 ) ;
#929 = CARTESIAN_POINT ( 'NONE',  ( 3.851859888774471706E-31, -14.00000000000000000, 0.000000000000000000 ) ) ;
#930 = APPROVAL_ROLE ( '' ) ;
#931 = ORIENTED_EDGE ( 'NONE', *, *, #25, .F. ) ;
#932 = DIRECTION ( 'NONE',  ( 0.7071067811865490160, 0.5932304740372625895, 0.3848085298866470993 ) ) ;
#933 = AXIS2_PLACEMENT_3D ( 'NONE', #1503, #661, #329 ) ;
#934 = ORIENTED_EDGE ( 'NONE', *, *, #806, .T. ) ;
#935 = CYLINDRICAL_SURFACE ( 'NONE', #1309, 1.000000000000002220 ) ;
#936 = ORIENTED_EDGE ( 'NONE', *, *, #2120, .F. ) ;
#937 = ADVANCED_FACE ( 'NONE', ( #170 ), #2024, .F. ) ;
#938 = CARTESIAN_POINT ( 'NONE',  ( 6.449747468305833564, -9.050252531694164659, 2.000000000000001776 ) ) ;
#939 = DIRECTION ( 'NONE',  ( 0.000000000000000000, -0.7547095802227685724, 0.6560590289905112726 ) ) ;
#940 = AXIS2_PLACEMENT_3D ( 'NONE', #394, #1063, #240 ) ;
#941 = ORIENTED_EDGE ( 'NONE', *, *, #409, .T. ) ;
#942 = FACE_OUTER_BOUND ( 'NONE', #421, .T. ) ;
#943 = EDGE_LOOP ( 'NONE', ( #2065, #1983, #1059, #884 ) ) ;
#944 = EDGE_CURVE ( 'NONE', #901, #132, #340, .T. ) ;
#945 = CIRCLE ( 'NONE', #2001, 1.499999999999999334 ) ;
#946 = DIRECTION ( 'NONE',  ( 0.000000000000000000, 0.8389545819965185114, 0.5442014418825504851 ) ) ;
#947 = AXIS2_PLACEMENT_3D ( 'NONE', #217, #1908, #391 ) ;
#948 = DIRECTION ( 'NONE',  ( -0.000000000000000000, -0.7547095802227686834, 0.6560590289905112726 ) ) ;
#949 = AXIS2_PLACEMENT_3D ( 'NONE', #877, #20, #865 ) ;
#950 = DIRECTION ( 'NONE',  ( -1.062601985498177951E-16, 0.5442014418825505961, -0.8389545819965184004 ) ) ;
#951 = ORIENTED_EDGE ( 'NONE', *, *, #1781, .T. ) ;
#952 = DIRECTION ( 'NONE',  ( 1.000000000000000000, 0.000000000000000000, 0.000000000000000000 ) ) ;
#953 = EDGE_CURVE ( 'NONE', #2144, #95, #274, .T. ) ;
#954 = ORIENTED_EDGE ( 'NONE', *, *, #126, .F. ) ;
#955 = CC_DESIGN_APPROVAL ( #283, ( #388 ) ) ;
#956 = LINE ( 'NONE', #789, #1864 ) ;
#957 = ORIENTED_EDGE ( 'NONE', *, *, #292, .F. ) ;
#958 = FACE_BOUND ( 'NONE', #1321, .T. ) ;
#959 = ORIENTED_EDGE ( 'NONE', *, *, #820, .F. ) ;
#960 = DIRECTION ( 'NONE',  ( 8.182577664731487237E-17, -0.7547095802227684613, 0.6560590289905114947 ) ) ;
#961 = EDGE_LOOP ( 'NONE', ( #664, #2147, #959, #598 ) ) ;
#962 = DIRECTION ( 'NONE',  ( -0.000000000000000000, -0.000000000000000000, 1.000000000000000000 ) ) ;
#963 = VERTEX_POINT ( 'NONE', #1067 ) ;
#964 = ADVANCED_FACE ( 'NONE', ( #231 ), #94, .F. ) ;
#965 = DIRECTION ( 'NONE',  ( -0.000000000000000000, -0.000000000000000000, 1.000000000000000000 ) ) ;
#966 = EDGE_LOOP ( 'NONE', ( #1323, #181, #822, #203, #744, #2159, #2122, #1172, #1416 ) ) ;
#967 = FACE_OUTER_BOUND ( 'NONE', #763, .T. ) ;
#968 = DIRECTION ( 'NONE',  ( 0.000000000000000000, 0.6560590289905098293, 0.7547095802227697936 ) ) ;
#969 = CARTESIAN_POINT ( 'NONE',  ( 5.999999999999999112, 48.82429055568182719, 28.84228667112533984 ) ) ;
#970 = VECTOR ( 'NONE', #2059, 1000.000000000000000 ) ;
#971 = VECTOR ( 'NONE', #195, 999.9999999999998863 ) ;
#972 = ORIENTED_EDGE ( 'NONE', *, *, #794, .F. ) ;
#973 = LINE ( 'NONE', #1666, #523 ) ;
#974 = VERTEX_POINT ( 'NONE', #390 ) ;
#975 = DIRECTION ( 'NONE',  ( -0.6427223982589075346, -0.7660991572742513744, 0.000000000000000000 ) ) ;
#976 = DIRECTION ( 'NONE',  ( -1.393866136277581486E-32, 1.285614594446145305E-16, 1.000000000000000000 ) ) ;
#977 = VECTOR ( 'NONE', #2135, 1000.000000000000114 ) ;
#978 = ORIENTED_EDGE ( 'NONE', *, *, #1955, .T. ) ;
#979 = LINE ( 'NONE', #26, #1828 ) ;
#980 = VECTOR ( 'NONE', #888, 1000.000000000000114 ) ;
#981 = ADVANCED_FACE ( 'NONE', ( #565 ), #1603, .F. ) ;
#982 = DIRECTION ( 'NONE',  ( 7.380145707474003246E-17, -0.6560590289905114947, -0.7547095802227683503 ) ) ;
#983 = VERTEX_POINT ( 'NONE', #2051 ) ;
#984 = DIRECTION ( 'NONE',  ( 8.182577664731487237E-17, -0.7547095802227684613, 0.6560590289905114947 ) ) ;
#985 = CIRCLE ( 'NONE', #1663, 2.999999999999998668 ) ;
#986 = VERTEX_POINT ( 'NONE', #916 ) ;
#987 = DIRECTION ( 'NONE',  ( 0.000000000000000000, -0.8389545819965179563, -0.5442014418825512623 ) ) ;
#988 = LINE ( 'NONE', #2027, #849 ) ;
#989 = ORIENTED_EDGE ( 'NONE', *, *, #1943, .F. ) ;
#990 = ADVANCED_FACE ( 'NONE', ( #1748 ), #398, .F. ) ;
#991 = DIRECTION ( 'NONE',  ( -0.000000000000000000, -0.000000000000000000, 1.000000000000000000 ) ) ;
#992 = CARTESIAN_POINT ( 'NONE',  ( 4.999999999999993783, 79.76501746419343419, 67.15031431893531533 ) ) ;
#993 = ORIENTED_EDGE ( 'NONE', *, *, #1053, .T. ) ;
#994 = DIRECTION ( 'NONE',  ( 6.641146794893339284E-17, -0.5442014418825503741, 0.8389545819965187334 ) ) ;
#995 = EDGE_LOOP ( 'NONE', ( #1098, #1213, #1152, #1779 ) ) ;
#996 = LINE ( 'NONE', #1599, #276 ) ;
#997 = DIRECTION ( 'NONE',  ( 0.000000000000000000, -0.7547095802227685724, 0.6560590289905112726 ) ) ;
#998 = CARTESIAN_POINT ( 'NONE',  ( -3.469446951953614189E-15, 76.99747167303195283, 59.39385781512829254 ) ) ;
#999 = ADVANCED_FACE ( 'NONE', ( #902 ), #1580, .F. ) ;
#1000 = DIRECTION ( 'NONE',  ( 1.000000000000000000, 0.000000000000000000, 0.000000000000000000 ) ) ;
#1001 = VERTEX_POINT ( 'NONE', #255 ) ;
#1002 = DIRECTION ( 'NONE',  ( 0.000000000000000000, 1.000000000000000000, 0.000000000000000000 ) ) ;
#1003 = ORIENTED_EDGE ( 'NONE', *, *, #1101, .T. ) ;
#1004 = EDGE_CURVE ( 'NONE', #74, #1373, #456, .T. ) ;
#1005 = ORIENTED_EDGE ( 'NONE', *, *, #1466, .T. ) ;
#1006 = VECTOR ( 'NONE', #1745, 1000.000000000000114 ) ;
#1007 = FACE_BOUND ( 'NONE', #1259, .T. ) ;
#1008 = FACE_BOUND ( 'NONE', #1708, .T. ) ;
#1009 = CIRCLE ( 'NONE', #1795, 0.9999999999999973355 ) ;
#1010 = CARTESIAN_POINT ( 'NONE',  ( -4.949747468305827347, 80.24479819083691723, 63.12947964914210530 ) ) ;
#1011 = CARTESIAN_POINT ( 'NONE',  ( 5.707106781186539024, 44.76973530173041382, 28.59615318568514297 ) ) ;
#1012 = CIRCLE ( 'NONE', #1799, 1.000000000000001332 ) ;
#1013 = ORIENTED_EDGE ( 'NONE', *, *, #679, .T. ) ;
#1014 = DIRECTION ( 'NONE',  ( 4.401441537979225043E-17, -0.5442014418825505961, 0.8389545819965184004 ) ) ;
#1015 = ORIENTED_EDGE ( 'NONE', *, *, #115, .T. ) ;
#1016 = FACE_OUTER_BOUND ( 'NONE', #1876, .T. ) ;
#1017 = FACE_OUTER_BOUND ( 'NONE', #1609, .T. ) ;
#1018 = ADVANCED_FACE ( 'NONE', ( #574 ), #1250, .F. ) ;
#1019 = LOCAL_TIME ( 16, 24, 50.00000000000000000, #24 ) ;
#1020 = DESIGN_CONTEXT ( 'detailed design', #1847, 'design' ) ;
#1021 = CARTESIAN_POINT ( 'NONE',  ( 7.999999999999998224, 24.00000000000000000, 3.000000000000000000 ) ) ;
#1022 = CYLINDRICAL_SURFACE ( 'NONE', #1859, 2.999999999999998668 ) ;
#1023 = ORIENTED_EDGE ( 'NONE', *, *, #1124, .F. ) ;
#1024 = ORIENTED_EDGE ( 'NONE', *, *, #1390, .F. ) ;
#1025 = CARTESIAN_POINT ( 'NONE',  ( -4.949747468305832676, 73.75014515522697423, 55.65823598111447978 ) ) ;
#1026 = PRODUCT ( '\X2\591658f356fa5b9a4ef6\X0\_1', '\X2\591658f356fa5b9a4ef6\X0\_1', '', ( #1263 ) ) ;
#1027 = EDGE_CURVE ( 'NONE', #628, #554, #1444, .T. ) ;
#1028 = ORIENTED_EDGE ( 'NONE', *, *, #297, .T. ) ;
#1029 = LINE ( 'NONE', #544, #1657 ) ;
#1030 = PERSON_AND_ORGANIZATION ( #1461, #1450 ) ;
#1031 = LINE ( 'NONE', #385, #265 ) ;
#1032 = LINE ( 'NONE', #713, #1113 ) ;
#1033 = DIRECTION ( 'NONE',  ( -1.393866136277581486E-32, 1.285614594446145305E-16, 1.000000000000000000 ) ) ;
#1034 = CARTESIAN_POINT ( 'NONE',  ( -5.000000000000028422, 7.224668668220648904, 1.858019943538388841 ) ) ;
#1035 = CARTESIAN_POINT ( 'NONE',  ( -6.000000000000022204, 23.06272304489237612, 12.13162975908709029 ) ) ;
#1036 = ORIENTED_EDGE ( 'NONE', *, *, #1955, .F. ) ;
#1037 = DIRECTION ( 'NONE',  ( 0.000000000000000000, 0.8389545819965185114, 0.5442014418825502631 ) ) ;
#1038 = VECTOR ( 'NONE', #1153, 1000.000000000000227 ) ;
#1039 = UNCERTAINTY_MEASURE_WITH_UNIT (LENGTH_MEASURE( 1.000000000000000082E-05 ), #2164, 'distance_accuracy_value', 'NONE');
#1040 = DIRECTION ( 'NONE',  ( 0.000000000000000000, -0.6560590289905098293, -0.7547095802227697936 ) ) ;
#1041 = CIRCLE ( 'NONE', #1218, 1.499999999999999334 ) ;
#1042 = CARTESIAN_POINT ( 'NONE',  ( 4.949747468305834452, -18.94974746830583001, 0.000000000000000000 ) ) ;
#1043 = DIRECTION ( 'NONE',  ( -0.000000000000000000, -0.7547095802227686834, 0.6560590289905112726 ) ) ;
#1044 = EDGE_CURVE ( 'NONE', #154, #282, #490, .T. ) ;
#1045 = VERTEX_POINT ( 'NONE', #243 ) ;
#1046 = CIRCLE ( 'NONE', #102, 1.499999999999999334 ) ;
#1047 = DIRECTION ( 'NONE',  ( 1.000000000000000000, 0.000000000000000000, 0.000000000000000000 ) ) ;
#1048 = ORIENTED_EDGE ( 'NONE', *, *, #671, .T. ) ;
#1049 = ORIENTED_EDGE ( 'NONE', *, *, #161, .F. ) ;
#1050 = DIRECTION ( 'NONE',  ( 0.000000000000000000, -0.8389545819965178453, -0.5442014418825517064 ) ) ;
#1051 = CARTESIAN_POINT ( 'NONE',  ( -1.500000000000000000, -14.00000000000000000, 2.000000000000002220 ) ) ;
#1052 =( GEOMETRIC_REPRESENTATION_CONTEXT ( 3 ) GLOBAL_UNCERTAINTY_ASSIGNED_CONTEXT ( ( #1039 ) ) GLOBAL_UNIT_ASSIGNED_CONTEXT ( ( #2164, #645, #483 ) ) REPRESENTATION_CONTEXT ( 'NONE', 'WORKASPACE' ) );
#1053 = EDGE_CURVE ( 'NONE', #280, #2071, #1425, .T. ) ;
#1054 = DIRECTION ( 'NONE',  ( -5.900243855588048770E-17, 0.5442014418825501521, -0.8389545819965187334 ) ) ;
#1055 = DIRECTION ( 'NONE',  ( -5.900243855588048770E-17, 0.5442014418825501521, -0.8389545819965187334 ) ) ;
#1056 = DIRECTION ( 'NONE',  ( 0.000000000000000000, 1.000000000000000000, 0.000000000000000000 ) ) ;
#1057 = ADVANCED_BREP_SHAPE_REPRESENTATION ( '\X2\591658f356fa5b9a4ef6\X0\_1', ( #1742, #212 ), #1052 ) ;
#1058 = DIRECTION ( 'NONE',  ( 1.000000000000000000, 0.000000000000000000, 0.000000000000000000 ) ) ;
#1059 = ORIENTED_EDGE ( 'NONE', *, *, #953, .F. ) ;
#1060 = DIRECTION ( 'NONE',  ( -1.393866136277581486E-32, 1.285614594446145305E-16, 1.000000000000000000 ) ) ;
#1061 = CARTESIAN_POINT ( 'NONE',  ( 4.292893218813452094, 48.32911814595397715, 30.90500436500501635 ) ) ;
#1062 = ORIENTED_EDGE ( 'NONE', *, *, #359, .F. ) ;
#1063 = DIRECTION ( 'NONE',  ( 6.641146794893339284E-17, -0.5442014418825504851, 0.8389545819965184004 ) ) ;
#1064 = DIRECTION ( 'NONE',  ( 0.000000000000000000, 0.8389545819965185114, 0.5442014418825504851 ) ) ;
#1065 = EDGE_CURVE ( 'NONE', #224, #1276, #1904, .T. ) ;
#1066 = CARTESIAN_POINT ( 'NONE',  ( -5.707106781186570998, 26.02887541507869429, 14.05567240852034949 ) ) ;
#1067 = CARTESIAN_POINT ( 'NONE',  ( 4.949747468305852216, 74.73423369871272826, 56.79030035144862865 ) ) ;
#1068 = ORIENTED_EDGE ( 'NONE', *, *, #194, .T. ) ;
#1069 = DIRECTION ( 'NONE',  ( -1.084202172485504434E-16, 1.000000000000000000, 0.000000000000000000 ) ) ;
#1070 = ADVANCED_FACE ( 'NONE', ( #1559 ), #1228, .F. ) ;
#1071 = ORIENTED_EDGE ( 'NONE', *, *, #534, .F. ) ;
#1072 = CARTESIAN_POINT ( 'NONE',  ( 4.999999999999999112, 31.45226886485754392, 17.57364417791258759 ) ) ;
#1073 = ORIENTED_EDGE ( 'NONE', *, *, #2181, .T. ) ;
#1074 = CARTESIAN_POINT ( 'NONE',  ( -6.449747468305831788, -18.94974746830583356, 0.000000000000000000 ) ) ;
#1075 = CIRCLE ( 'NONE', #97, 2.999999999999999112 ) ;
#1076 = CYLINDRICAL_SURFACE ( 'NONE', #1216, 1.499999999999999334 ) ;
#1077 = CARTESIAN_POINT ( 'NONE',  ( 3.851859888774471706E-31, -14.00000000000000000, 2.000000000000002220 ) ) ;
#1078 = DIRECTION ( 'NONE',  ( -5.900243855588048770E-17, 0.5442014418825501521, -0.8389545819965187334 ) ) ;
#1079 = AXIS2_PLACEMENT_3D ( 'NONE', #1388, #1262, #1058 ) ;
#1080 = PERSON_AND_ORGANIZATION ( #1461, #1450 ) ;
#1081 = ORIENTED_EDGE ( 'NONE', *, *, #1065, .T. ) ;
#1082 = ADVANCED_FACE ( 'NONE', ( #2061 ), #727, .T. ) ;
#1083 = DIRECTION ( 'NONE',  ( 8.673617379884023639E-16, 0.8389545819965187334, 0.5442014418825499300 ) ) ;
#1084 = AXIS2_PLACEMENT_3D ( 'NONE', #856, #1362, #1522 ) ;
#1085 = VERTEX_POINT ( 'NONE', #1091 ) ;
#1086 = DIRECTION ( 'NONE',  ( 6.641146794893339284E-17, -0.5442014418825504851, 0.8389545819965184004 ) ) ;
#1087 = ORIENTED_EDGE ( 'NONE', *, *, #505, .T. ) ;
#1088 = DIRECTION ( 'NONE',  ( 5.455051776487658363E-17, -0.7547095802227685724, 0.6560590289905112726 ) ) ;
#1089 = CARTESIAN_POINT ( 'NONE',  ( -5.000000000000028422, 6.975220366452060006, 4.080130549413980567 ) ) ;
#1090 = ORIENTED_EDGE ( 'NONE', *, *, #43, .T. ) ;
#1091 = CARTESIAN_POINT ( 'NONE',  ( 5.707106781186538136, 14.77153571237995067, 9.137336438352818391 ) ) ;
#1092 = PERSON_AND_ORGANIZATION_ROLE ( 'classification_officer' ) ;
#1093 = ORIENTED_EDGE ( 'NONE', *, *, #304, .T. ) ;
#1094 = DIRECTION ( 'NONE',  ( 0.000000000000000000, -0.8389545819965169571, -0.5442014418825529276 ) ) ;
#1095 = EDGE_CURVE ( 'NONE', #1754, #2031, #552, .T. ) ;
#1096 = ORIENTED_EDGE ( 'NONE', *, *, #1863, .F. ) ;
#1097 = DIRECTION ( 'NONE',  ( 0.000000000000000000, 0.8389545819965186224, 0.5442014418825502631 ) ) ;
#1098 = ORIENTED_EDGE ( 'NONE', *, *, #1409, .F. ) ;
#1099 = DIRECTION ( 'NONE',  ( -1.734723475976804728E-15, 0.8389545819965187334, 0.5442014418825499300 ) ) ;
#1100 = CARTESIAN_POINT ( 'NONE',  ( -8.000000000000000000, -6.428138711072383431E-16, 2.000000000000000444 ) ) ;
#1101 = EDGE_CURVE ( 'NONE', #563, #986, #136, .T. ) ;
#1102 = ORIENTED_EDGE ( 'NONE', *, *, #51, .F. ) ;
#1103 = DIRECTION ( 'NONE',  ( 6.641146794893339284E-17, -0.5442014418825503741, 0.8389545819965187334 ) ) ;
#1104 = PERSON_AND_ORGANIZATION_ROLE ( 'creator' ) ;
#1105 = ORIENTED_EDGE ( 'NONE', *, *, #1482, .T. ) ;
#1106 = DIRECTION ( 'NONE',  ( 0.000000000000000000, 0.8389545819965195106, 0.5442014418825488198 ) ) ;
#1107 = VERTEX_POINT ( 'NONE', #1135 ) ;
#1108 = FACE_OUTER_BOUND ( 'NONE', #810, .T. ) ;
#1109 = VERTEX_POINT ( 'NONE', #105 ) ;
#1110 = EDGE_CURVE ( 'NONE', #9, #593, #518, .T. ) ;
#1111 = DIRECTION ( 'NONE',  ( 0.000000000000000000, -0.6560590289905098293, -0.7547095802227697936 ) ) ;
#1112 = AXIS2_PLACEMENT_3D ( 'NONE', #147, #29, #692 ) ;
#1113 = VECTOR ( 'NONE', #361, 1000.000000000000000 ) ;
#1114 = VERTEX_POINT ( 'NONE', #2158 ) ;
#1115 = LINE ( 'NONE', #2126, #1653 ) ;
#1116 = EDGE_LOOP ( 'NONE', ( #2060, #1621, #776, #288 ) ) ;
#1117 = VECTOR ( 'NONE', #1171, 1000.000000000000227 ) ;
#1118 = DIRECTION ( 'NONE',  ( 9.416704356456220774E-17, -0.5442014418825504851, 0.8389545819965184004 ) ) ;
#1119 = VERTEX_POINT ( 'NONE', #1651 ) ;
#1120 = VECTOR ( 'NONE', #1720, 1000.000000000000114 ) ;
#1121 = DIRECTION ( 'NONE',  ( 6.641146794893339284E-17, -0.5442014418825504851, 0.8389545819965184004 ) ) ;
#1122 = ORIENTED_EDGE ( 'NONE', *, *, #844, .T. ) ;
#1123 = LINE ( 'NONE', #1611, #658 ) ;
#1124 = EDGE_CURVE ( 'NONE', #1676, #905, #457, .T. ) ;
#1125 = ORIENTED_EDGE ( 'NONE', *, *, #679, .F. ) ;
#1126 = CARTESIAN_POINT ( 'NONE',  ( -6.000000000000025757, 9.348142262601108143, 5.619364668960569631 ) ) ;
#1127 = EDGE_LOOP ( 'NONE', ( #1279, #1529, #786, #993 ) ) ;
#1128 = CIRCLE ( 'NONE', #76, 1.499999999999999334 ) ;
#1129 = CC_DESIGN_PERSON_AND_ORGANIZATION_ASSIGNMENT ( #1080, #1763, ( #388 ) ) ;
#1130 = DIRECTION ( 'NONE',  ( 0.000000000000000000, 1.000000000000000000, 0.000000000000000000 ) ) ;
#1131 = ORIENTED_EDGE ( 'NONE', *, *, #1960, .T. ) ;
#1132 = PLANE ( 'NONE',  #739 ) ;
#1133 = ORIENTED_EDGE ( 'NONE', *, *, #1137, .T. ) ;
#1134 = PLANE ( 'NONE',  #2143 ) ;
#1135 = CARTESIAN_POINT ( 'NONE',  ( -4.292893218813482292, 36.38018948176524248, 23.15413876685965633 ) ) ;
#1136 = AXIS2_PLACEMENT_3D ( 'NONE', #1316, #263, #1979 ) ;
#1137 = EDGE_CURVE ( 'NONE', #1660, #2108, #137, .T. ) ;
#1138 = VERTEX_POINT ( 'NONE', #969 ) ;
#1139 = DIRECTION ( 'NONE',  ( 9.416704356456215844E-17, -0.5442014418825504851, 0.8389545819965184004 ) ) ;
#1140 = EDGE_CURVE ( 'NONE', #95, #1370, #443, .T. ) ;
#1141 = ORIENTED_EDGE ( 'NONE', *, *, #2181, .F. ) ;
#1142 = DIRECTION ( 'NONE',  ( 1.000000000000000000, 0.000000000000000000, 0.000000000000000000 ) ) ;
#1143 = ADVANCED_FACE ( 'NONE', ( #942 ), #1463, .F. ) ;
#1144 = DIRECTION ( 'NONE',  ( -5.455051776487658363E-17, 0.7547095802227685724, -0.6560590289905112726 ) ) ;
#1145 = ORIENTED_EDGE ( 'NONE', *, *, #1659, .F. ) ;
#1146 = CARTESIAN_POINT ( 'NONE',  ( 3.449747468305832676, -9.050252531694164659, 0.000000000000000000 ) ) ;
#1147 = CARTESIAN_POINT ( 'NONE',  ( 4.949747468305834452, -18.94974746830583001, 0.000000000000000000 ) ) ;
#1148 = ORIENTED_EDGE ( 'NONE', *, *, #711, .T. ) ;
#1149 = CARTESIAN_POINT ( 'NONE',  ( 7.999999999999998224, 83.99732329183328261, 67.44626597263209078 ) ) ;
#1150 = VECTOR ( 'NONE', #1470, 1000.000000000000114 ) ;
#1151 = EDGE_CURVE ( 'NONE', #1391, #442, #1637, .T. ) ;
#1152 = ORIENTED_EDGE ( 'NONE', *, *, #782, .F. ) ;
#1153 = DIRECTION ( 'NONE',  ( -5.551115123125781470E-17, 0.5442014418825504851, -0.8389545819965184004 ) ) ;
#1154 = AXIS2_PLACEMENT_3D ( 'NONE', #1241, #1941, #422 ) ;
#1155 = ORIENTED_EDGE ( 'NONE', *, *, #1641, .F. ) ;
#1156 = AXIS2_PLACEMENT_3D ( 'NONE', #1643, #128, #357 ) ;
#1157 = CARTESIAN_POINT ( 'NONE',  ( 5.707106781186549682, 45.85813818549551257, 26.91824402169210373 ) ) ;
#1158 = AXIS2_PLACEMENT_3D ( 'NONE', #1716, #510, #1695 ) ;
#1159 = DIRECTION ( 'NONE',  ( 0.000000000000000000, -0.8389545819965175122, -0.5442014418825521505 ) ) ;
#1160 = ORIENTED_EDGE ( 'NONE', *, *, #297, .F. ) ;
#1161 = DIRECTION ( 'NONE',  ( 0.000000000000000000, -0.6560590289905098293, -0.7547095802227697936 ) ) ;
#1162 = VECTOR ( 'NONE', #657, 1000.000000000000114 ) ;
#1163 = ORIENTED_EDGE ( 'NONE', *, *, #1928, .T. ) ;
#1164 = FACE_OUTER_BOUND ( 'NONE', #1418, .T. ) ;
#1165 = CARTESIAN_POINT ( 'NONE',  ( -5.000000000000009770, 83.99732329183328261, 67.44626597263209078 ) ) ;
#1166 = EDGE_CURVE ( 'NONE', #1895, #721, #1757, .T. ) ;
#1167 = LINE ( 'NONE', #1838, #2067 ) ;
#1168 = CARTESIAN_POINT ( 'NONE',  ( -6.000000000000025757, 9.348142262601106367, 5.619364668960573184 ) ) ;
#1169 = EDGE_CURVE ( 'NONE', #1991, #1242, #1115, .T. ) ;
#1170 = EDGE_LOOP ( 'NONE', ( #1974, #1273, #1918, #1704 ) ) ;
#1171 = DIRECTION ( 'NONE',  ( -6.641146794893340517E-17, 0.5442014418825504851, -0.8389545819965184004 ) ) ;
#1172 = ORIENTED_EDGE ( 'NONE', *, *, #1169, .T. ) ;
#1173 = DIRECTION ( 'NONE',  ( -0.000000000000000000, -0.000000000000000000, 1.000000000000000000 ) ) ;
#1174 = CYLINDRICAL_SURFACE ( 'NONE', #2044, 1.500000000000000000 ) ;
#1175 = AXIS2_PLACEMENT_3D ( 'NONE', #1010, #164, #688 ) ;
#1176 = DIRECTION ( 'NONE',  ( 0.000000000000000000, -0.6560590289905098293, -0.7547095802227697936 ) ) ;
#1177 = EDGE_CURVE ( 'NONE', #1421, #628, #1285, .T. ) ;
#1178 = DIRECTION ( 'NONE',  ( -8.182577664731487237E-17, 0.7547095802227685724, -0.6560590289905112726 ) ) ;
#1179 = ORIENTED_EDGE ( 'NONE', *, *, #1466, .F. ) ;
#1180 = PRODUCT_RELATED_PRODUCT_CATEGORY ( 'detail', '', ( #1026 ) ) ;
#1181 = DIRECTION ( 'NONE',  ( 8.182577664731487237E-17, -0.7547095802227684613, 0.6560590289905114947 ) ) ;
#1182 = EDGE_LOOP ( 'NONE', ( #1940, #1389, #1994, #1148 ) ) ;
#1183 = CARTESIAN_POINT ( 'NONE',  ( -4.292893218813468970, 21.38108968709000379, 13.42473039319348516 ) ) ;
#1184 = FACE_OUTER_BOUND ( 'NONE', #1474, .T. ) ;
#1185 = VECTOR ( 'NONE', #821, 1000.000000000000000 ) ;
#1186 = CARTESIAN_POINT ( 'NONE',  ( 5.000000000000001776, -20.99999999999999645, 2.000000000000003109 ) ) ;
#1187 = FACE_OUTER_BOUND ( 'NONE', #1297, .T. ) ;
#1188 = AXIS2_PLACEMENT_3D ( 'NONE', #879, #204, #34 ) ;
#1189 = EDGE_CURVE ( 'NONE', #144, #2169, #764, .T. ) ;
#1190 = ORIENTED_EDGE ( 'NONE', *, *, #1140, .T. ) ;
#1191 = VERTEX_POINT ( 'NONE', #777 ) ;
#1192 = CYLINDRICAL_SURFACE ( 'NONE', #1971, 1.500000000000000444 ) ;
#1193 = ORIENTED_EDGE ( 'NONE', *, *, #171, .T. ) ;
#1194 = CARTESIAN_POINT ( 'NONE',  ( 4.999999999999992006, 15.36476618641721714, 9.522144968239464546 ) ) ;
#1195 = APPROVAL_DATE_TIME ( #1427, #213 ) ;
#1196 = CARTESIAN_POINT ( 'NONE',  ( 4.999999999999993783, 83.99732329183328261, 67.44626597263209078 ) ) ;
#1197 = LINE ( 'NONE', #890, #2030 ) ;
#1198 = CARTESIAN_POINT ( 'NONE',  ( 4.949747468305847775, 79.71946757387716787, 65.57366207745725717 ) ) ;
#1199 = ORIENTED_EDGE ( 'NONE', *, *, #861, .T. ) ;
#1200 = DIRECTION ( 'NONE',  ( 0.7071067811865491270, 0.5932304740372624785, 0.3848085298866470993 ) ) ;
#1201 = EDGE_LOOP ( 'NONE', ( #2153, #254, #1634, #1013 ) ) ;
#1202 = EDGE_LOOP ( 'NONE', ( #755, #1239, #93, #607 ) ) ;
#1203 = EDGE_CURVE ( 'NONE', #816, #593, #113, .T. ) ;
#1204 = DIRECTION ( 'NONE',  ( -4.401441537979227508E-17, 0.5442014418825504851, -0.8389545819965184004 ) ) ;
#1205 = EDGE_CURVE ( 'NONE', #1560, #2131, #796, .T. ) ;
#1206 = CARTESIAN_POINT ( 'NONE',  ( -6.000000000000026645, 8.063623250217165861, 2.402221385420941768 ) ) ;
#1207 = CARTESIAN_POINT ( 'NONE',  ( -4.949747468305832676, 73.22481453826722486, 58.10241840942963165 ) ) ;
#1208 = FACE_OUTER_BOUND ( 'NONE', #2034, .T. ) ;
#1209 = FACE_OUTER_BOUND ( 'NONE', #943, .T. ) ;
#1210 = DIRECTION ( 'NONE',  ( 9.416704356456215844E-17, -0.5442014418825504851, 0.8389545819965184004 ) ) ;
#1211 = VECTOR ( 'NONE', #746, 1000.000000000000000 ) ;
#1212 = ORIENTED_EDGE ( 'NONE', *, *, #1563, .F. ) ;
#1213 = ORIENTED_EDGE ( 'NONE', *, *, #409, .F. ) ;
#1214 = PLANE ( 'NONE',  #2112 ) ;
#1215 = EDGE_CURVE ( 'NONE', #1265, #974, #640, .T. ) ;
#1216 = AXIS2_PLACEMENT_3D ( 'NONE', #1556, #1043, #1400 ) ;
#1217 = AXIS2_PLACEMENT_3D ( 'NONE', #875, #1548, #705 ) ;
#1218 = AXIS2_PLACEMENT_3D ( 'NONE', #1939, #420, #1727 ) ;
#1219 = LINE ( 'NONE', #1920, #1534 ) ;
#1220 = CIRCLE ( 'NONE', #837, 1.499999999999999334 ) ;
#1221 = CC_DESIGN_DATE_AND_TIME_ASSIGNMENT ( #1776, #256, ( #1519 ) ) ;
#1222 = VECTOR ( 'NONE', #1200, 1000.000000000000000 ) ;
#1223 = DIRECTION ( 'NONE',  ( -1.393866136277581486E-32, 1.285614594446145305E-16, 1.000000000000000000 ) ) ;
#1224 = CARTESIAN_POINT ( 'NONE',  ( -4.949747468305833564, -9.050252531694168212, 0.000000000000000000 ) ) ;
#1225 = AXIS2_PLACEMENT_3D ( 'NONE', #1313, #1822, #975 ) ;
#1226 = EDGE_LOOP ( 'NONE', ( #509, #1023, #1821, #261 ) ) ;
#1227 = AXIS2_PLACEMENT_3D ( 'NONE', #1595, #769, #1094 ) ;
#1228 = CYLINDRICAL_SURFACE ( 'NONE', #1079, 1.500000000000000444 ) ;
#1229 = AXIS2_PLACEMENT_3D ( 'NONE', #666, #1528, #1002 ) ;
#1230 = ORIENTED_EDGE ( 'NONE', *, *, #1569, .T. ) ;
#1231 = VERTEX_POINT ( 'NONE', #1973 ) ;
#1232 = DIRECTION ( 'NONE',  ( 1.084202172485504434E-16, -1.000000000000000000, 0.000000000000000000 ) ) ;
#1233 = EDGE_CURVE ( 'NONE', #1114, #122, #1999, .T. ) ;
#1234 = DIRECTION ( 'NONE',  ( -0.000000000000000000, -0.7547095802227686834, 0.6560590289905112726 ) ) ;
#1235 = ORIENTED_EDGE ( 'NONE', *, *, #790, .T. ) ;
#1236 = AXIS2_PLACEMENT_3D ( 'NONE', #848, #976, #1658 ) ;
#1237 = CYLINDRICAL_SURFACE ( 'NONE', #940, 1.000000000000000666 ) ;
#1238 = DIRECTION ( 'NONE',  ( 0.6427223982589070905, 0.7660991572742518185, 0.000000000000000000 ) ) ;
#1239 = ORIENTED_EDGE ( 'NONE', *, *, #1765, .T. ) ;
#1240 = EDGE_CURVE ( 'NONE', #963, #578, #291, .T. ) ;
#1241 = CARTESIAN_POINT ( 'NONE',  ( 5.000000000000001776, -20.99999999999999645, 3.000000000000000000 ) ) ;
#1242 = VERTEX_POINT ( 'NONE', #1307 ) ;
#1243 = CARTESIAN_POINT ( 'NONE',  ( 4.949747468305852216, 73.22481453826722486, 58.10241840942962455 ) ) ;
#1244 = CARTESIAN_POINT ( 'NONE',  ( -3.469446951953614189E-15, 109.6447990606045551, 29.02644960194344037 ) ) ;
#1245 = EDGE_LOOP ( 'NONE', ( #676, #80 ) ) ;
#1246 = LINE ( 'NONE', #1922, #1006 ) ;
#1247 = DIRECTION ( 'NONE',  ( -0.000000000000000000, 0.7547095802227685724, -0.6560590289905112726 ) ) ;
#1248 = EDGE_LOOP ( 'NONE', ( #1652, #100 ) ) ;
#1249 = EDGE_CURVE ( 'NONE', #1582, #1561, #723, .T. ) ;
#1250 = PLANE ( 'NONE',  #627 ) ;
#1251 = PERSON_AND_ORGANIZATION_ROLE ( 'design_owner' ) ;
#1252 = VERTEX_POINT ( 'NONE', #787 ) ;
#1253 = CARTESIAN_POINT ( 'NONE',  ( -22.53579491520396516, 25.82106730696453312, 16.30479359865553945 ) ) ;
#1254 = CIRCLE ( 'NONE', #650, 0.9999999999999973355 ) ;
#1255 = ORIENTED_EDGE ( 'NONE', *, *, #516, .T. ) ;
#1256 = LINE ( 'NONE', #1420, #320 ) ;
#1257 = AXIS2_PLACEMENT_3D ( 'NONE', #673, #1325, #1159 ) ;
#1258 = CIRCLE ( 'NONE', #1827, 1.499999999999999556 ) ;
#1259 = EDGE_LOOP ( 'NONE', ( #1212, #334, #1882, #770, #2134, #646, #1382, #1756, #1328 ) ) ;
#1260 = CARTESIAN_POINT ( 'NONE',  ( 7.999999999999994671, 79.76501746419343419, 67.15031431893531533 ) ) ;
#1261 = CARTESIAN_POINT ( 'NONE',  ( 1.500000000000000000, -14.00000000000000000, 2.000000000000002220 ) ) ;
#1262 = DIRECTION ( 'NONE',  ( -0.000000000000000000, -0.000000000000000000, 1.000000000000000000 ) ) ;
#1263 = MECHANICAL_CONTEXT ( 'NONE', #160, 'mechanical' ) ;
#1264 = EDGE_CURVE ( 'NONE', #2169, #442, #1829, .T. ) ;
#1265 = VERTEX_POINT ( 'NONE', #599 ) ;
#1266 = DIRECTION ( 'NONE',  ( -6.641146794893339284E-17, 0.5442014418825505961, -0.8389545819965184004 ) ) ;
#1267 = VECTOR ( 'NONE', #932, 1000.000000000000114 ) ;
#1268 = EDGE_LOOP ( 'NONE', ( #1907, #525, #1784, #326 ) ) ;
#1269 = CYLINDRICAL_SURFACE ( 'NONE', #703, 2.999999999999999112 ) ;
#1270 = EDGE_LOOP ( 'NONE', ( #264, #812, #1433, #103 ) ) ;
#1271 = FACE_OUTER_BOUND ( 'NONE', #173, .T. ) ;
#1272 = CARTESIAN_POINT ( 'NONE',  ( -6.000000000000029310, 1.291325131713148222, -1.990739187221435502 ) ) ;
#1273 = ORIENTED_EDGE ( 'NONE', *, *, #183, .F. ) ;
#1274 = CARTESIAN_POINT ( 'NONE',  ( 4.949747468305852216, 108.3656496297710845, 27.55495650859792178 ) ) ;
#1275 = PERSON_AND_ORGANIZATION ( #1461, #1450 ) ;
#1276 = VERTEX_POINT ( 'NONE', #1952 ) ;
#1277 = LINE ( 'NONE', #1253, #1267 ) ;
#1278 = ADVANCED_FACE ( 'NONE', ( #349 ), #1349, .F. ) ;
#1279 = ORIENTED_EDGE ( 'NONE', *, *, #1960, .F. ) ;
#1280 = FACE_BOUND ( 'NONE', #1245, .T. ) ;
#1281 = ORIENTED_EDGE ( 'NONE', *, *, #944, .F. ) ;
#1282 = EDGE_CURVE ( 'NONE', #1911, #1511, #410, .T. ) ;
#1283 = CARTESIAN_POINT ( 'NONE',  ( -4.292893218813481404, 36.38018948176522827, 23.15413876685966343 ) ) ;
#1284 = ORIENTED_EDGE ( 'NONE', *, *, #1837, .F. ) ;
#1285 = LINE ( 'NONE', #1615, #977 ) ;
#1286 = EDGE_LOOP ( 'NONE', ( #305, #1844, #726, #1732 ) ) ;
#1287 = DIRECTION ( 'NONE',  ( -5.900243855588048770E-17, 0.5442014418825501521, -0.8389545819965187334 ) ) ;
#1288 = ORIENTED_EDGE ( 'NONE', *, *, #452, .T. ) ;
#1289 = FACE_OUTER_BOUND ( 'NONE', #2125, .T. ) ;
#1290 = ADVANCED_FACE ( 'NONE', ( #852 ), #2021, .F. ) ;
#1291 = ORIENTED_EDGE ( 'NONE', *, *, #353, .F. ) ;
#1292 = FACE_BOUND ( 'NONE', #2052, .T. ) ;
#1293 = EDGE_CURVE ( 'NONE', #122, #1114, #233, .T. ) ;
#1294 = AXIS2_PLACEMENT_3D ( 'NONE', #331, #1358, #1000 ) ;
#1295 = ORIENTED_EDGE ( 'NONE', *, *, #1613, .F. ) ;
#1296 = DIRECTION ( 'NONE',  ( -0.000000000000000000, -0.7547095802227685724, 0.6560590289905111616 ) ) ;
#1297 = EDGE_LOOP ( 'NONE', ( #1929, #39, #67, #108 ) ) ;
#1298 = AXIS2_PLACEMENT_3D ( 'NONE', #501, #1360, #1852 ) ;
#1299 = DIRECTION ( 'NONE',  ( -1.393866136277581486E-32, 1.285614594446145305E-16, 1.000000000000000000 ) ) ;
#1300 = ORIENTED_EDGE ( 'NONE', *, *, #384, .T. ) ;
#1301 = VECTOR ( 'NONE', #1344, 1000.000000000000114 ) ;
#1302 = DIRECTION ( 'NONE',  ( -1.000000000000000000, -2.934139241096701376E-16, -1.111678923047509599E-16 ) ) ;
#1303 = ORIENTED_EDGE ( 'NONE', *, *, #1730, .T. ) ;
#1304 = ADVANCED_FACE ( 'NONE', ( #1368 ), #1840, .F. ) ;
#1305 = FACE_BOUND ( 'NONE', #1884, .T. ) ;
#1306 = ADVANCED_FACE ( 'NONE', ( #1187 ), #18, .F. ) ;
#1307 = CARTESIAN_POINT ( 'NONE',  ( 5.999999999999993783, 15.36476618641721359, 9.522144968239468099 ) ) ;
#1308 = VERTEX_POINT ( 'NONE', #1703 ) ;
#1309 = AXIS2_PLACEMENT_3D ( 'NONE', #1789, #1608, #98 ) ;
#1310 = ADVANCED_FACE ( 'NONE', ( #1850 ), #1022, .T. ) ;
#1311 = DIRECTION ( 'NONE',  ( 0.000000000000000000, -0.6560590289905112726, -0.7547095802227685724 ) ) ;
#1312 = VERTEX_POINT ( 'NONE', #826 ) ;
#1313 = CARTESIAN_POINT ( 'NONE',  ( -17.59663413311443847, -23.73729616336910198, 68.92879111789832791 ) ) ;
#1314 = DIRECTION ( 'NONE',  ( -0.000000000000000000, -0.000000000000000000, 1.000000000000000000 ) ) ;
#1315 = ORIENTED_EDGE ( 'NONE', *, *, #133, .T. ) ;
#1316 = CARTESIAN_POINT ( 'NONE',  ( -5.000000000000009770, 82.02914620486174613, 65.18213723196377885 ) ) ;
#1317 = DIRECTION ( 'NONE',  ( 0.000000000000000000, -0.6560590289905098293, -0.7547095802227697936 ) ) ;
#1318 = ADVANCED_FACE ( 'NONE', ( #862 ), #179, .F. ) ;
#1319 = ORIENTED_EDGE ( 'NONE', *, *, #2168, .F. ) ;
#1320 = DIRECTION ( 'NONE',  ( -5.900243855588048770E-17, 0.5442014418825501521, -0.8389545819965187334 ) ) ;
#1321 = EDGE_LOOP ( 'NONE', ( #1, #1587 ) ) ;
#1322 = CARTESIAN_POINT ( 'NONE',  ( 4.949747468305847775, 78.73537903039139962, 64.44159770712310831 ) ) ;
#1323 = ORIENTED_EDGE ( 'NONE', *, *, #1531, .T. ) ;
#1324 = DIRECTION ( 'NONE',  ( -6.641146794893340517E-17, 0.5442014418825504851, -0.8389545819965184004 ) ) ;
#1325 = DIRECTION ( 'NONE',  ( 6.641146794893340517E-17, -0.5442014418825504851, 0.8389545819965184004 ) ) ;
#1326 = VECTOR ( 'NONE', #507, 1000.000000000000227 ) ;
#1327 = AXIS2_PLACEMENT_3D ( 'NONE', #1434, #1938, #152 ) ;
#1328 = ORIENTED_EDGE ( 'NONE', *, *, #521, .T. ) ;
#1329 = EDGE_CURVE ( 'NONE', #1614, #983, #1881, .T. ) ;
#1330 = CARTESIAN_POINT ( 'NONE',  ( 5.000000000000000888, -23.99999999999999645, 2.000000000000003553 ) ) ;
#1331 = VECTOR ( 'NONE', #991, 1000.000000000000000 ) ;
#1332 = CIRCLE ( 'NONE', #1686, 1.500000000000000444 ) ;
#1333 = VERTEX_POINT ( 'NONE', #1198 ) ;
#1334 = LINE ( 'NONE', #803, #2063 ) ;
#1335 = PLANE ( 'NONE',  #2013 ) ;
#1336 = CIRCLE ( 'NONE', #382, 1.499999999999999334 ) ;
#1337 = EDGE_CURVE ( 'NONE', #379, #1963, #446, .T. ) ;
#1338 = DIRECTION ( 'NONE',  ( 6.641146794893340517E-17, -0.5442014418825504851, 0.8389545819965184004 ) ) ;
#1339 = CARTESIAN_POINT ( 'NONE',  ( -5.829046226278708609, -33.60976795685580498, 62.52485281151863461 ) ) ;
#1340 = ORIENTED_EDGE ( 'NONE', *, *, #1346, .F. ) ;
#1341 = DIRECTION ( 'NONE',  ( 0.000000000000000000, 0.6560590289905098293, 0.7547095802227697936 ) ) ;
#1342 = VECTOR ( 'NONE', #1846, 1000.000000000000227 ) ;
#1343 = ORIENTED_EDGE ( 'NONE', *, *, #590, .T. ) ;
#1344 = DIRECTION ( 'NONE',  ( 6.700788708272354536E-17, -0.5442014418825505961, 0.8389545819965184004 ) ) ;
#1345 = CARTESIAN_POINT ( 'NONE',  ( -4.949747468305832676, 108.3656496297710845, 27.55495650859793599 ) ) ;
#1346 = EDGE_CURVE ( 'NONE', #1660, #2150, #1472, .T. ) ;
#1347 = CARTESIAN_POINT ( 'NONE',  ( 5.999999999999994671, 15.36476618641721004, 9.522144968239471652 ) ) ;
#1348 = EDGE_CURVE ( 'NONE', #520, #1312, #499, .T. ) ;
#1349 = CYLINDRICAL_SURFACE ( 'NONE', #1257, 1.000000000000000666 ) ;
#1350 = ORIENTED_EDGE ( 'NONE', *, *, #711, .F. ) ;
#1351 = VECTOR ( 'NONE', #950, 1000.000000000000114 ) ;
#1352 = DIRECTION ( 'NONE',  ( -0.000000000000000000, -0.000000000000000000, 1.000000000000000000 ) ) ;
#1353 = VERTEX_POINT ( 'NONE', #818 ) ;
#1354 = FACE_OUTER_BOUND ( 'NONE', #296, .T. ) ;
#1355 = DIRECTION ( 'NONE',  ( -0.000000000000000000, -0.000000000000000000, 1.000000000000000000 ) ) ;
#1356 = EDGE_CURVE ( 'NONE', #275, #974, #1494, .T. ) ;
#1357 = CARTESIAN_POINT ( 'NONE',  ( -6.000000000000022204, 38.06182283956759704, 21.86103813275326502 ) ) ;
#1358 = DIRECTION ( 'NONE',  ( 0.000000000000000000, 0.000000000000000000, 1.000000000000000000 ) ) ;
#1359 = ORIENTED_EDGE ( 'NONE', *, *, #894, .T. ) ;
#1360 = DIRECTION ( 'NONE',  ( -0.000000000000000000, -0.7547095802227686834, 0.6560590289905112726 ) ) ;
#1361 = ORIENTED_EDGE ( 'NONE', *, *, #1004, .T. ) ;
#1362 = DIRECTION ( 'NONE',  ( 8.182577664731487237E-17, -0.7547095802227684613, 0.6560590289905114947 ) ) ;
#1363 = APPROVAL_STATUS ( 'not_yet_approved' ) ;
#1364 = AXIS2_PLACEMENT_3D ( 'NONE', #1147, #962, #476 ) ;
#1365 = DIRECTION ( 'NONE',  ( 0.000000000000000000, 1.000000000000000000, -1.445602896647339656E-16 ) ) ;
#1366 = EDGE_CURVE ( 'NONE', #1391, #1812, #840, .T. ) ;
#1367 = LINE ( 'NONE', #1399, #1649 ) ;
#1368 = FACE_OUTER_BOUND ( 'NONE', #1201, .T. ) ;
#1369 = AXIS2_PLACEMENT_3D ( 'NONE', #64, #895, #1050 ) ;
#1370 = VERTEX_POINT ( 'NONE', #1168 ) ;
#1371 = CARTESIAN_POINT ( 'NONE',  ( -4.949747468305832676, 72.76605661174119177, 54.52617161078033092 ) ) ;
#1372 = EDGE_CURVE ( 'NONE', #138, #1744, #7, .T. ) ;
#1373 = VERTEX_POINT ( 'NONE', #1011 ) ;
#1374 = CARTESIAN_POINT ( 'NONE',  ( -5.000000000000016875, -1.729575289207418987, 83.20445477035239890 ) ) ;
#1375 = AXIS2_PLACEMENT_3D ( 'NONE', #592, #1086, #2139 ) ;
#1376 = CARTESIAN_POINT ( 'NONE',  ( 4.949747468305847775, 79.26070964735114899, 61.99741527880794933 ) ) ;
#1377 = CARTESIAN_POINT ( 'NONE',  ( -5.000000000000023093, 37.22286825757108630, 21.31683669087070143 ) ) ;
#1378 = CARTESIAN_POINT ( 'NONE',  ( 4.999999999999993783, 82.02914620486174613, 65.18213723196377885 ) ) ;
#1379 = ORIENTED_EDGE ( 'NONE', *, *, #656, .F. ) ;
#1380 = CARTESIAN_POINT ( 'NONE',  ( 6.000000000000005329, -3.940791837697389610, 81.77011343671416910 ) ) ;
#1381 = ADVANCED_FACE ( 'NONE', ( #1692 ), #725, .F. ) ;
#1382 = ORIENTED_EDGE ( 'NONE', *, *, #735, .T. ) ;
#1383 = DIRECTION ( 'NONE',  ( -1.533293416683379315E-16, -0.8389545819965186224, -0.5442014418825501521 ) ) ;
#1384 = FACE_OUTER_BOUND ( 'NONE', #1286, .T. ) ;
#1385 = CARTESIAN_POINT ( 'NONE',  ( 8.000000000000010658, 80.51972704441620010, 66.49425528994478896 ) ) ;
#1386 = CARTESIAN_POINT ( 'NONE',  ( 8.000000000000024869, 1.091909604869571414E-15, 2.000000000000000444 ) ) ;
#1387 = DIRECTION ( 'NONE',  ( 0.000000000000000000, -0.8389545819965179563, -0.5442014418825512623 ) ) ;
#1388 = CARTESIAN_POINT ( 'NONE',  ( -4.949747468305831788, -18.94974746830583356, 0.000000000000000000 ) ) ;
#1389 = ORIENTED_EDGE ( 'NONE', *, *, #1166, .F. ) ;
#1390 = EDGE_CURVE ( 'NONE', #2169, #1045, #1914, .T. ) ;
#1391 = VERTEX_POINT ( 'NONE', #900 ) ;
#1392 = CARTESIAN_POINT ( 'NONE',  ( -3.469446951953614189E-15, 74.50396396910066699, 59.57391150277514669 ) ) ;
#1393 = CIRCLE ( 'NONE', #447, 1.499999999999999334 ) ;
#1394 = VECTOR ( 'NONE', #775, 1000.000000000000000 ) ;
#1395 = FACE_OUTER_BOUND ( 'NONE', #1182, .T. ) ;
#1396 = ORIENTED_EDGE ( 'NONE', *, *, #1151, .T. ) ;
#1397 = EDGE_CURVE ( 'NONE', #1410, #319, #130, .T. ) ;
#1398 = AXIS2_PLACEMENT_3D ( 'NONE', #2100, #83, #1762 ) ;
#1399 = CARTESIAN_POINT ( 'NONE',  ( -4.292893218813476963, 21.38108968709000024, 13.42473039319349581 ) ) ;
#1400 = DIRECTION ( 'NONE',  ( 0.000000000000000000, -0.6560590289905098293, -0.7547095802227697936 ) ) ;
#1401 = ORIENTED_EDGE ( 'NONE', *, *, #794, .T. ) ;
#1402 = VECTOR ( 'NONE', #1173, 1000.000000000000000 ) ;
#1403 = DIRECTION ( 'NONE',  ( -5.900243855588048770E-17, 0.5442014418825501521, -0.8389545819965187334 ) ) ;
#1404 = PERSON_AND_ORGANIZATION_ROLE ( 'design_supplier' ) ;
#1405 = CIRCLE ( 'NONE', #2114, 0.9999999999999973355 ) ;
#1406 = ORIENTED_EDGE ( 'NONE', *, *, #732, .F. ) ;
#1407 = CARTESIAN_POINT ( 'NONE',  ( -3.449747468305831344, -18.94974746830583356, 2.000000000000003109 ) ) ;
#1408 = FACE_OUTER_BOUND ( 'NONE', #1202, .T. ) ;
#1409 = EDGE_CURVE ( 'NONE', #1871, #1477, #515, .T. ) ;
#1410 = VERTEX_POINT ( 'NONE', #737 ) ;
#1411 = LOCAL_TIME ( 16, 24, 50.00000000000000000, #917 ) ;
#1412 = DIRECTION ( 'NONE',  ( -0.000000000000000000, -0.000000000000000000, 1.000000000000000000 ) ) ;
#1413 = LINE ( 'NONE', #1386, #970 ) ;
#1414 = ORIENTED_EDGE ( 'NONE', *, *, #1839, .T. ) ;
#1415 = CARTESIAN_POINT ( 'NONE',  ( -5.000000000000022204, -31.72777487855785239, 63.74563802302007787 ) ) ;
#1416 = ORIENTED_EDGE ( 'NONE', *, *, #495, .T. ) ;
#1417 = DIRECTION ( 'NONE',  ( 0.000000000000000000, 0.6560590289905098293, 0.7547095802227697936 ) ) ;
#1418 = EDGE_LOOP ( 'NONE', ( #747, #444, #436, #936 ) ) ;
#1419 = AXIS2_PLACEMENT_3D ( 'NONE', #1089, #253, #277 ) ;
#1420 = CARTESIAN_POINT ( 'NONE',  ( -5.000000000000016875, -17.56762966587917063, 72.93084495480368901 ) ) ;
#1421 = VERTEX_POINT ( 'NONE', #1759 ) ;
#1422 = ADVANCED_FACE ( 'NONE', ( #1208 ), #1076, .F. ) ;
#1423 = CARTESIAN_POINT ( 'NONE',  ( 6.449747468305833564, -18.94974746830583001, 2.000000000000003109 ) ) ;
#1424 = DIRECTION ( 'NONE',  ( 9.437576168434689201E-17, -0.8389545819965186224, -0.5442014418825501521 ) ) ;
#1425 = LINE ( 'NONE', #716, #665 ) ;
#1426 = CIRCLE ( 'NONE', #1678, 1.499999999999999334 ) ;
#1427 = DATE_AND_TIME ( #1439, #1019 ) ;
#1428 = CARTESIAN_POINT ( 'NONE',  ( -8.000000000000021316, 52.52761524974591367, 31.24450805654623053 ) ) ;
#1429 = ORIENTED_EDGE ( 'NONE', *, *, #1632, .F. ) ;
#1430 = DIRECTION ( 'NONE',  ( -1.734723475976807883E-15, 0.6560590289905098293, 0.7547095802227697936 ) ) ;
#1431 = CIRCLE ( 'NONE', #1717, 0.9999999999999993339 ) ;
#1432 = VECTOR ( 'NONE', #1412, 1000.000000000000000 ) ;
#1433 = ORIENTED_EDGE ( 'NONE', *, *, #927, .T. ) ;
#1434 = CARTESIAN_POINT ( 'NONE',  ( -4.949747468305827347, 113.8762141218952735, 33.89413580629140199 ) ) ;
#1435 = AXIS2_PLACEMENT_3D ( 'NONE', #92, #960, #968 ) ;
#1436 = CARTESIAN_POINT ( 'NONE',  ( -4.999999999999997335, -24.00000000000000000, 0.000000000000000000 ) ) ;
#1437 = ORIENTED_EDGE ( 'NONE', *, *, #1409, .T. ) ;
#1438 = CARTESIAN_POINT ( 'NONE',  ( 4.949747468305852216, 106.3974725427995622, 25.29082776792961340 ) ) ;
#1439 = CALENDAR_DATE ( 2025, 18, 6 ) ;
#1440 = EDGE_CURVE ( 'NONE', #1252, #898, #1746, .T. ) ;
#1441 = EDGE_LOOP ( 'NONE', ( #580, #1777, #625, #1141 ) ) ;
#1442 = AXIS2_PLACEMENT_3D ( 'NONE', #1949, #2096, #2151 ) ;
#1443 = CARTESIAN_POINT ( 'NONE',  ( -3.285749932081510678E-15, 76.47214105607218926, 61.83804024344345862 ) ) ;
#1444 = CIRCLE ( 'NONE', #1620, 1.499999999999999334 ) ;
#1445 = ADVANCED_FACE ( 'NONE', ( #387 ), #70, .F. ) ;
#1446 = ORIENTED_EDGE ( 'NONE', *, *, #1545, .F. ) ;
#1447 = DIRECTION ( 'NONE',  ( 0.000000000000000000, -0.6560590289905098293, -0.7547095802227697936 ) ) ;
#1448 = EDGE_LOOP ( 'NONE', ( #931, #455 ) ) ;
#1449 = DIRECTION ( 'NONE',  ( 1.848892746611746419E-32, 0.8389545819965185114, 0.5442014418825503741 ) ) ;
#1450 = ORGANIZATION ( 'æœª', 'æœª', '' ) ;
#1451 = EDGE_LOOP ( 'NONE', ( #2138, #1462, #428, #222 ) ) ;
#1452 = CARTESIAN_POINT ( 'NONE',  ( 3.449747468305834008, -18.94974746830583001, 0.000000000000000000 ) ) ;
#1453 = ORIENTED_EDGE ( 'NONE', *, *, #135, .T. ) ;
#1454 = ADVANCED_FACE ( 'NONE', ( #562 ), #714, .F. ) ;
#1455 = CARTESIAN_POINT ( 'NONE',  ( -5.000000000000021316, 21.97432016112727027, 13.80953892308012954 ) ) ;
#1456 = ORIENTED_EDGE ( 'NONE', *, *, #25, .T. ) ;
#1457 = FACE_BOUND ( 'NONE', #1248, .T. ) ;
#1458 = CC_DESIGN_PERSON_AND_ORGANIZATION_ASSIGNMENT ( #84, #1092, ( #1519 ) ) ;
#1459 = ORIENTED_EDGE ( 'NONE', *, *, #2168, .T. ) ;
#1460 = LINE ( 'NONE', #1283, #1150 ) ;
#1461 = PERSON ( 'æœª', 'æœª', 'æœª', ('æœª'), ('æœª'), ('æœª') ) ;
#1462 = ORIENTED_EDGE ( 'NONE', *, *, #2041, .T. ) ;
#1463 = CYLINDRICAL_SURFACE ( 'NONE', #1364, 1.499999999999999556 ) ;
#1464 = ORIENTED_EDGE ( 'NONE', *, *, #1674, .T. ) ;
#1465 = LINE ( 'NONE', #460, #660 ) ;
#1466 = EDGE_CURVE ( 'NONE', #1045, #928, #1413, .T. ) ;
#1467 = VERTEX_POINT ( 'NONE', #550 ) ;
#1468 = DIRECTION ( 'NONE',  ( -0.000000000000000000, 0.000000000000000000, -1.000000000000000000 ) ) ;
#1469 = VERTEX_POINT ( 'NONE', #891 ) ;
#1470 = DIRECTION ( 'NONE',  ( 2.775557561562907375E-17, -0.5442014418825505961, 0.8389545819965184004 ) ) ;
#1471 = EDGE_CURVE ( 'NONE', #1719, #1729, #27, .T. ) ;
#1472 = CIRCLE ( 'NONE', #2176, 1.499999999999999556 ) ;
#1473 = CARTESIAN_POINT ( 'NONE',  ( -4.949747468305831788, -18.94974746830583356, 0.000000000000000000 ) ) ;
#1474 = EDGE_LOOP ( 'NONE', ( #828, #802, #2113, #757, #1401, #1537 ) ) ;
#1475 = VECTOR ( 'NONE', #982, 999.9999999999998863 ) ;
#1476 = DIRECTION ( 'NONE',  ( -5.900243855588048770E-17, 0.5442014418825501521, -0.8389545819965187334 ) ) ;
#1477 = VERTEX_POINT ( 'NONE', #38 ) ;
#1478 = CARTESIAN_POINT ( 'NONE',  ( 5.000000000000001776, -20.99999999999999645, 0.000000000000000000 ) ) ;
#1479 = VECTOR ( 'NONE', #1232, 1000.000000000000000 ) ;
#1480 = CARTESIAN_POINT ( 'NONE',  ( -4.949747468305832676, 73.75014515522697423, 55.65823598111447978 ) ) ;
#1481 = VERTEX_POINT ( 'NONE', #1738 ) ;
#1482 = EDGE_CURVE ( 'NONE', #734, #1558, #1566, .T. ) ;
#1483 = DIRECTION ( 'NONE',  ( -0.000000000000000000, -0.7547095802227685724, 0.6560590289905111616 ) ) ;
#1484 = CARTESIAN_POINT ( 'NONE',  ( 8.000000000000023093, 12.93938468863104774, -11.24803550532944030 ) ) ;
#1485 = CC_DESIGN_PERSON_AND_ORGANIZATION_ASSIGNMENT ( #1581, #1251, ( #1026 ) ) ;
#1486 = ORIENTED_EDGE ( 'NONE', *, *, #782, .T. ) ;
#1487 = AXIS2_PLACEMENT_3D ( 'NONE', #2107, #1597, #1097 ) ;
#1488 = CARTESIAN_POINT ( 'NONE',  ( 4.999999999999998224, 33.82519076100660982, 19.11287829745917577 ) ) ;
#1489 = ORIENTED_EDGE ( 'NONE', *, *, #389, .F. ) ;
#1490 = CYLINDRICAL_SURFACE ( 'NONE', #1327, 1.499999999999999334 ) ;
#1491 = ORIENTED_EDGE ( 'NONE', *, *, #1885, .F. ) ;
#1492 = CARTESIAN_POINT ( 'NONE',  ( -8.000000000000001776, 82.02914620486176034, 65.18213723196379306 ) ) ;
#1493 = EDGE_CURVE ( 'NONE', #1851, #2045, #1539, .T. ) ;
#1494 = LINE ( 'NONE', #2167, #1894 ) ;
#1495 = ORIENTED_EDGE ( 'NONE', *, *, #171, .F. ) ;
#1496 = DIRECTION ( 'NONE',  ( 0.000000000000000000, -0.8389545819965176232, -0.5442014418825519284 ) ) ;
#1497 = ADVANCED_FACE ( 'NONE', ( #82 ), #407, .F. ) ;
#1498 = VECTOR ( 'NONE', #56, 1000.000000000000000 ) ;
#1499 = VERTEX_POINT ( 'NONE', #914 ) ;
#1500 = CARTESIAN_POINT ( 'NONE',  ( -4.949747468305827347, 81.22888673432268547, 64.26154401947626127 ) ) ;
#1501 = DIRECTION ( 'NONE',  ( 8.182577664731488469E-17, -0.7547095802227685724, 0.6560590289905112726 ) ) ;
#1502 = VECTOR ( 'NONE', #839, 1000.000000000000114 ) ;
#1503 = CARTESIAN_POINT ( 'NONE',  ( 5.000000000000004441, 9.032892426906787620, 90.18570330872448437 ) ) ;
#1504 = DIRECTION ( 'NONE',  ( 1.000000000000000000, 0.000000000000000000, 0.000000000000000000 ) ) ;
#1505 = AXIS2_PLACEMENT_3D ( 'NONE', #1339, #187, #2012 ) ;
#1506 = VECTOR ( 'NONE', #1758, 1000.000000000000227 ) ;
#1507 = ORIENTED_EDGE ( 'NONE', *, *, #790, .F. ) ;
#1508 = DIRECTION ( 'NONE',  ( 0.000000000000000000, 0.8389545819965185114, 0.5442014418825504851 ) ) ;
#1509 = EDGE_CURVE ( 'NONE', #1370, #1585, #1431, .T. ) ;
#1510 = AXIS2_PLACEMENT_3D ( 'NONE', #740, #1592, #50 ) ;
#1511 = VERTEX_POINT ( 'NONE', #1261 ) ;
#1512 = FACE_BOUND ( 'NONE', #1861, .T. ) ;
#1513 = LINE ( 'NONE', #317, #180 ) ;
#1514 = AXIS2_PLACEMENT_3D ( 'NONE', #1194, #12, #192 ) ;
#1515 = LINE ( 'NONE', #348, #1639 ) ;
#1516 = CARTESIAN_POINT ( 'NONE',  ( 6.000000000000000000, 31.10476249877953592, 17.34822856002184110 ) ) ;
#1517 = ORIENTED_EDGE ( 'NONE', *, *, #521, .F. ) ;
#1518 = DIRECTION ( 'NONE',  ( 6.641146794893339284E-17, -0.5442014418825503741, 0.8389545819965187334 ) ) ;
#1519 = SECURITY_CLASSIFICATION ( '', '', #687 ) ;
#1520 = EDGE_CURVE ( 'NONE', #1754, #238, #1041, .T. ) ;
#1521 = ORIENTED_EDGE ( 'NONE', *, *, #1573, .F. ) ;
#1522 = DIRECTION ( 'NONE',  ( 0.000000000000000000, 0.6560590289905098293, 0.7547095802227697936 ) ) ;
#1523 = DIRECTION ( 'NONE',  ( -1.040834085586082837E-14, 0.8389545819965187334, 0.5442014418825499300 ) ) ;
#1524 = EDGE_CURVE ( 'NONE', #1895, #1499, #210, .T. ) ;
#1525 = CARTESIAN_POINT ( 'NONE',  ( -6.449747468305831788, -18.94974746830583356, 2.000000000000003109 ) ) ;
#1526 = DIRECTION ( 'NONE',  ( 0.000000000000000000, -0.6560590289905098293, -0.7547095802227697936 ) ) ;
#1527 = ORIENTED_EDGE ( 'NONE', *, *, #1569, .F. ) ;
#1528 = DIRECTION ( 'NONE',  ( -1.393866136277581486E-32, 1.285614594446145305E-16, 1.000000000000000000 ) ) ;
#1529 = ORIENTED_EDGE ( 'NONE', *, *, #922, .T. ) ;
#1530 = DIRECTION ( 'NONE',  ( 9.416704356456220774E-17, -0.5442014418825504851, 0.8389545819965184004 ) ) ;
#1531 = EDGE_CURVE ( 'NONE', #1085, #1231, #1123, .T. ) ;
#1532 = DIRECTION ( 'NONE',  ( 0.000000000000000000, 0.8389545819965187334, 0.5442014418825499300 ) ) ;
#1533 = DIRECTION ( 'NONE',  ( 5.571620533287261790E-17, 0.000000000000000000, 1.000000000000000000 ) ) ;
#1534 = VECTOR ( 'NONE', #193, 1000.000000000000114 ) ;
#1535 = ADVANCED_FACE ( 'NONE', ( #785, #1988, #1305, #1806, #1292, #101 ), #1134, .F. ) ;
#1536 = EDGE_LOOP ( 'NONE', ( #189, #555, #1446, #1048, #1808, #502, #1459, #174, #1199 ) ) ;
#1537 = ORIENTED_EDGE ( 'NONE', *, *, #1493, .T. ) ;
#1538 = CARTESIAN_POINT ( 'NONE',  ( 4.949747468305833564, -9.050252531694164659, 0.000000000000000000 ) ) ;
#1539 = CIRCLE ( 'NONE', #1826, 2.999999999999998668 ) ;
#1540 = ORIENTED_EDGE ( 'NONE', *, *, #2019, .T. ) ;
#1541 = DIRECTION ( 'NONE',  ( -0.000000000000000000, -0.000000000000000000, 1.000000000000000000 ) ) ;
#1542 = CIRCLE ( 'NONE', #587, 1.000000000000001332 ) ;
#1543 = VECTOR ( 'NONE', #620, 1000.000000000000227 ) ;
#1544 = LINE ( 'NONE', #1244, #247 ) ;
#1545 = EDGE_CURVE ( 'NONE', #1109, #95, #300, .T. ) ;
#1546 = CARTESIAN_POINT ( 'NONE',  ( -4.949747468305832676, 74.73423369871274247, 56.79030035144863575 ) ) ;
#1547 = DIRECTION ( 'NONE',  ( 0.000000000000000000, 0.8389545819965185114, 0.5442014418825504851 ) ) ;
#1548 = DIRECTION ( 'NONE',  ( -0.000000000000000000, -0.7547095802227686834, 0.6560590289905112726 ) ) ;
#1549 = CARTESIAN_POINT ( 'NONE',  ( -5.000000000000018652, 0.6433466069416249322, 84.74368888989899062 ) ) ;
#1550 = ORIENTED_EDGE ( 'NONE', *, *, #2116, .F. ) ;
#1551 = ORIENTED_EDGE ( 'NONE', *, *, #922, .F. ) ;
#1552 = FACE_OUTER_BOUND ( 'NONE', #1170, .T. ) ;
#1553 = VECTOR ( 'NONE', #1966, 1000.000000000000114 ) ;
#1554 = CARTESIAN_POINT ( 'NONE',  ( -5.707106781186566558, 24.94047253131359199, 15.73358157251337985 ) ) ;
#1555 = DIRECTION ( 'NONE',  ( -8.673617379884039416E-16, -0.6560590289905098293, -0.7547095802227697936 ) ) ;
#1556 = CARTESIAN_POINT ( 'NONE',  ( -3.469446951953614189E-15, 110.6288876040903091, 30.15851397227759279 ) ) ;
#1557 = EDGE_CURVE ( 'NONE', #1626, #154, #1635, .T. ) ;
#1558 = VERTEX_POINT ( 'NONE', #121 ) ;
#1559 = FACE_OUTER_BOUND ( 'NONE', #2016, .T. ) ;
#1560 = VERTEX_POINT ( 'NONE', #760 ) ;
#1561 = VERTEX_POINT ( 'NONE', #441 ) ;
#1562 = CYLINDRICAL_SURFACE ( 'NONE', #1690, 1.499999999999999556 ) ;
#1563 = EDGE_CURVE ( 'NONE', #831, #280, #134, .T. ) ;
#1564 = CARTESIAN_POINT ( 'NONE',  ( -26.53579491520399003, 23.55365186274354983, 12.45007866713229028 ) ) ;
#1565 = FACE_OUTER_BOUND ( 'NONE', #519, .T. ) ;
#1566 = LINE ( 'NONE', #539, #868 ) ;
#1567 = CARTESIAN_POINT ( 'NONE',  ( -5.000000000000023093, 36.97341995580249829, 23.53894729674629005 ) ) ;
#1568 = ORIENTED_EDGE ( 'NONE', *, *, #1730, .F. ) ;
#1569 = EDGE_CURVE ( 'NONE', #554, #628, #801, .T. ) ;
#1570 = CARTESIAN_POINT ( 'NONE',  ( -8.000000000000001776, 24.00000000000000000, 3.000000000000000000 ) ) ;
#1571 = AXIS2_PLACEMENT_3D ( 'NONE', #2178, #662, #1533 ) ;
#1572 = DIRECTION ( 'NONE',  ( 0.000000000000000000, 0.000000000000000000, 1.000000000000000000 ) ) ;
#1573 = EDGE_CURVE ( 'NONE', #1276, #1107, #1460, .T. ) ;
#1574 = EDGE_LOOP ( 'NONE', ( #634, #788, #621, #1028 ) ) ;
#1575 = AXIS2_PLACEMENT_3D ( 'NONE', #314, #984, #140 ) ;
#1576 = CARTESIAN_POINT ( 'NONE',  ( 6.449747468305833564, -18.94974746830583001, 0.000000000000000000 ) ) ;
#1577 = CARTESIAN_POINT ( 'NONE',  ( 6.000000000000000000, 35.85060629107762509, 20.42669679911501746 ) ) ;
#1578 = DIRECTION ( 'NONE',  ( -2.775557561562909840E-17, 0.5442014418825505961, -0.8389545819965184004 ) ) ;
#1579 = AXIS2_PLACEMENT_3D ( 'NONE', #175, #2026, #512 ) ;
#1580 = CYLINDRICAL_SURFACE ( 'NONE', #838, 0.9999999999999992228 ) ;
#1581 = PERSON_AND_ORGANIZATION ( #1461, #1450 ) ;
#1582 = VERTEX_POINT ( 'NONE', #1436 ) ;
#1583 = CARTESIAN_POINT ( 'NONE',  ( 5.707106781186546129, 30.85903839082028099, 17.18883564802593966 ) ) ;
#1584 = ADVANCED_FACE ( 'NONE', ( #1646 ), #1970, .F. ) ;
#1585 = VERTEX_POINT ( 'NONE', #453 ) ;
#1586 = DIRECTION ( 'NONE',  ( 1.000000000000000000, 0.000000000000000000, 0.000000000000000000 ) ) ;
#1587 = ORIENTED_EDGE ( 'NONE', *, *, #806, .F. ) ;
#1588 = VECTOR ( 'NONE', #360, 1000.000000000000227 ) ;
#1589 = DIRECTION ( 'NONE',  ( 0.000000000000000000, 0.000000000000000000, 1.000000000000000000 ) ) ;
#1590 = CARTESIAN_POINT ( 'NONE',  ( -5.000000000000025757, 9.348142262601115249, 5.619364668960555420 ) ) ;
#1591 = LOCAL_TIME ( 16, 24, 50.00000000000000000, #1917 ) ;
#1592 = DIRECTION ( 'NONE',  ( -0.000000000000000000, -0.7547095802227686834, 0.6560590289905112726 ) ) ;
#1593 = CALENDAR_DATE ( 2025, 18, 6 ) ;
#1594 = ORIENTED_EDGE ( 'NONE', *, *, #1602, .T. ) ;
#1595 = CARTESIAN_POINT ( 'NONE',  ( -5.000000000000022204, -31.72777487855785239, 63.74563802302007787 ) ) ;
#1596 = ORIENTED_EDGE ( 'NONE', *, *, #2140, .T. ) ;
#1597 = DIRECTION ( 'NONE',  ( -5.900243855588048770E-17, 0.5442014418825501521, -0.8389545819965187334 ) ) ;
#1598 = ORIENTED_EDGE ( 'NONE', *, *, #1264, .T. ) ;
#1599 = CARTESIAN_POINT ( 'NONE',  ( -13.59663413311441538, 18.32151740962689246, 11.44008941182244676 ) ) ;
#1600 = CARTESIAN_POINT ( 'NONE',  ( 5.707106781186548794, 30.85903839082027034, 17.18883564802595032 ) ) ;
#1601 = ORIENTED_EDGE ( 'NONE', *, *, #1044, .F. ) ;
#1602 = EDGE_CURVE ( 'NONE', #489, #923, #1791, .T. ) ;
#1603 = PLANE ( 'NONE',  #1802 ) ;
#1604 = DIRECTION ( 'NONE',  ( 0.000000000000000000, 0.000000000000000000, 1.000000000000000000 ) ) ;
#1605 = ORIENTED_EDGE ( 'NONE', *, *, #671, .F. ) ;
#1606 = CARTESIAN_POINT ( 'NONE',  ( -8.000000000000000000, 0.2029222479480367325, -0.3128300232283869886 ) ) ;
#1607 = ORIENTED_EDGE ( 'NONE', *, *, #830, .F. ) ;
#1608 = DIRECTION ( 'NONE',  ( 6.641146794893340517E-17, -0.5442014418825504851, 0.8389545819965184004 ) ) ;
#1609 = EDGE_LOOP ( 'NONE', ( #1507, #911, #302, #1456 ) ) ;
#1610 = CARTESIAN_POINT ( 'NONE',  ( -8.000000000000007105, 52.52761524974599894, 31.24450805654634067 ) ) ;
#1611 = CARTESIAN_POINT ( 'NONE',  ( -1.829046226278680631, 8.449045616140193005, 5.036151105442751685 ) ) ;
#1612 = AXIS2_PLACEMENT_3D ( 'NONE', #845, #10, #1862 ) ;
#1613 = EDGE_CURVE ( 'NONE', #1308, #424, #432, .T. ) ;
#1614 = VERTEX_POINT ( 'NONE', #1783 ) ;
#1615 = CARTESIAN_POINT ( 'NONE',  ( -3.285749932081510678E-15, 111.6129761475760773, 31.29057834261174520 ) ) ;
#1616 = ORIENTED_EDGE ( 'NONE', *, *, #1723, .T. ) ;
#1617 = AXIS2_PLACEMENT_3D ( 'NONE', #125, #1476, #1106 ) ;
#1618 = CC_DESIGN_DATE_AND_TIME_ASSIGNMENT ( #566, #1749, ( #400 ) ) ;
#1619 = DIRECTION ( 'NONE',  ( 6.641146794893339284E-17, -0.5442014418825503741, 0.8389545819965187334 ) ) ;
#1620 = AXIS2_PLACEMENT_3D ( 'NONE', #377, #2077, #1775 ) ;
#1621 = ORIENTED_EDGE ( 'NONE', *, *, #292, .T. ) ;
#1622 = LINE ( 'NONE', #109, #1553 ) ;
#1623 = VERTEX_POINT ( 'NONE', #608 ) ;
#1624 = CARTESIAN_POINT ( 'NONE',  ( 3.449747468305834008, -18.94974746830583001, 0.000000000000000000 ) ) ;
#1625 = APPROVAL_PERSON_ORGANIZATION ( #423, #283, #2036 ) ;
#1626 = VERTEX_POINT ( 'NONE', #1816 ) ;
#1627 = DIRECTION ( 'NONE',  ( -0.000000000000000000, -0.7547095802227685724, 0.6560590289905111616 ) ) ;
#1628 = ADVANCED_FACE ( 'NONE', ( #629 ), #1773, .T. ) ;
#1629 = ORIENTED_EDGE ( 'NONE', *, *, #2130, .T. ) ;
#1630 = CARTESIAN_POINT ( 'NONE',  ( -6.449747468305831788, -18.94974746830583356, 0.000000000000000000 ) ) ;
#1631 = ORIENTED_EDGE ( 'NONE', *, *, #1249, .T. ) ;
#1632 = EDGE_CURVE ( 'NONE', #1421, #89, #1706, .T. ) ;
#1633 = PLANE ( 'NONE',  #1696 ) ;
#1634 = ORIENTED_EDGE ( 'NONE', *, *, #1095, .T. ) ;
#1635 = LINE ( 'NONE', #2155, #374 ) ;
#1636 = ORIENTED_EDGE ( 'NONE', *, *, #221, .T. ) ;
#1637 = LINE ( 'NONE', #123, #1475 ) ;
#1638 = ORIENTED_EDGE ( 'NONE', *, *, #1189, .T. ) ;
#1639 = VECTOR ( 'NONE', #310, 1000.000000000000114 ) ;
#1640 = LINE ( 'NONE', #159, #1222 ) ;
#1641 = EDGE_CURVE ( 'NONE', #1231, #1469, #1815, .T. ) ;
#1642 = ORIENTED_EDGE ( 'NONE', *, *, #2116, .T. ) ;
#1643 = CARTESIAN_POINT ( 'NONE',  ( -5.000000000000022204, 23.06272304489238323, 12.13162975908708319 ) ) ;
#1644 = DIRECTION ( 'NONE',  ( 1.000000000000000000, -9.249513713181552863E-17, -1.391582541516843698E-16 ) ) ;
#1645 = ORIENTED_EDGE ( 'NONE', *, *, #43, .F. ) ;
#1646 = FACE_OUTER_BOUND ( 'NONE', #961, .T. ) ;
#1647 = AXIS2_PLACEMENT_3D ( 'NONE', #197, #2097, #2075 ) ;
#1648 = VECTOR ( 'NONE', #873, 1000.000000000000227 ) ;
#1649 = VECTOR ( 'NONE', #736, 1000.000000000000114 ) ;
#1650 = VECTOR ( 'NONE', #2124, 1000.000000000000227 ) ;
#1651 = CARTESIAN_POINT ( 'NONE',  ( -5.707106781186566558, 41.02797520975390455, 23.78508078218649047 ) ) ;
#1652 = ORIENTED_EDGE ( 'NONE', *, *, #5, .F. ) ;
#1653 = VECTOR ( 'NONE', #1797, 1000.000000000000114 ) ;
#1654 = DIRECTION ( 'NONE',  ( 0.000000000000000000, -0.6560590289905098293, -0.7547095802227697936 ) ) ;
#1655 = ORIENTED_EDGE ( 'NONE', *, *, #1293, .F. ) ;
#1656 = DIRECTION ( 'NONE',  ( 8.182577664731487237E-17, -0.7547095802227684613, 0.6560590289905114947 ) ) ;
#1657 = VECTOR ( 'NONE', #1204, 1000.000000000000000 ) ;
#1658 = DIRECTION ( 'NONE',  ( 0.000000000000000000, 1.000000000000000000, 0.000000000000000000 ) ) ;
#1659 = EDGE_CURVE ( 'NONE', #282, #520, #926, .T. ) ;
#1660 = VERTEX_POINT ( 'NONE', #1624 ) ;
#1661 = FACE_OUTER_BOUND ( 'NONE', #878, .T. ) ;
#1662 = CARTESIAN_POINT ( 'NONE',  ( 8.000000000000019540, 51.20295128325870593, 32.76916265272691930 ) ) ;
#1663 = AXIS2_PLACEMENT_3D ( 'NONE', #772, #129, #1430 ) ;
#1664 = ORIENTED_EDGE ( 'NONE', *, *, #912, .F. ) ;
#1665 = VECTOR ( 'NONE', #1899, 1000.000000000000227 ) ;
#1666 = CARTESIAN_POINT ( 'NONE',  ( -5.000000000000022204, -32.56672946055437023, 63.20143658113752849 ) ) ;
#1667 = ORIENTED_EDGE ( 'NONE', *, *, #1329, .T. ) ;
#1668 = LINE ( 'NONE', #2110, #1038 ) ;
#1669 = LINE ( 'NONE', #1823, #1162 ) ;
#1670 = ORIENTED_EDGE ( 'NONE', *, *, #51, .T. ) ;
#1671 = DIRECTION ( 'NONE',  ( -1.393866136277581486E-32, 1.285614594446145305E-16, 1.000000000000000000 ) ) ;
#1672 = DIRECTION ( 'NONE',  ( 0.000000000000000000, 1.000000000000000000, 0.000000000000000000 ) ) ;
#1673 = ORIENTED_EDGE ( 'NONE', *, *, #2088, .T. ) ;
#1674 = EDGE_CURVE ( 'NONE', #986, #540, #2020, .T. ) ;
#1675 = DIRECTION ( 'NONE',  ( 0.000000000000000000, -0.7547095802227685724, 0.6560590289905112726 ) ) ;
#1676 = VERTEX_POINT ( 'NONE', #514 ) ;
#1677 = CARTESIAN_POINT ( 'NONE',  ( 67.42023433991218440, 52.52761524974600604, 31.24450805654634067 ) ) ;
#1678 = AXIS2_PLACEMENT_3D ( 'NONE', #998, #506, #1176 ) ;
#1679 = FACE_OUTER_BOUND ( 'NONE', #477, .T. ) ;
#1680 = DIRECTION ( 'NONE',  ( 1.000000000000000000, 6.175469754489702976E-17, -5.368253957363185082E-17 ) ) ;
#1681 = ADVANCED_FACE ( 'NONE', ( #2166 ), #1849, .F. ) ;
#1682 = VECTOR ( 'NONE', #1680, 1000.000000000000000 ) ;
#1683 = CIRCLE ( 'NONE', #372, 1.499999999999999334 ) ;
#1684 = ORIENTED_EDGE ( 'NONE', *, *, #2140, .F. ) ;
#1685 = CARTESIAN_POINT ( 'NONE',  ( -1.500000000000000000, -14.00000000000000000, 0.000000000000000000 ) ) ;
#1686 = AXIS2_PLACEMENT_3D ( 'NONE', #622, #1299, #1130 ) ;
#1687 = ORIENTED_EDGE ( 'NONE', *, *, #1215, .T. ) ;
#1688 = CARTESIAN_POINT ( 'NONE',  ( -4.949747468305827347, 114.8603026653810417, 35.02620017662555796 ) ) ;
#1689 = DIRECTION ( 'NONE',  ( 1.000000000000000000, 0.000000000000000000, 0.000000000000000000 ) ) ;
#1690 = AXIS2_PLACEMENT_3D ( 'NONE', #2118, #234, #2079 ) ;
#1691 = CARTESIAN_POINT ( 'NONE',  ( -6.000000000000023093, 39.34634185195154288, 25.07818141629288178 ) ) ;
#1692 = FACE_OUTER_BOUND ( 'NONE', #2053, .T. ) ;
#1693 = ORIENTED_EDGE ( 'NONE', *, *, #827, .F. ) ;
#1694 = EDGE_CURVE ( 'NONE', #89, #1421, #1426, .T. ) ;
#1695 = DIRECTION ( 'NONE',  ( 8.673617379884058152E-16, 0.8389545819965185114, 0.5442014418825504851 ) ) ;
#1696 = AXIS2_PLACEMENT_3D ( 'NONE', #792, #1302, #463 ) ;
#1697 = ORIENTED_EDGE ( 'NONE', *, *, #1659, .T. ) ;
#1698 = ADVANCED_FACE ( 'NONE', ( #1679 ), #851, .F. ) ;
#1699 = CARTESIAN_POINT ( 'NONE',  ( 4.292893218813458311, 48.32911814595399136, 30.90500436500499859 ) ) ;
#1700 = CARTESIAN_POINT ( 'NONE',  ( 6.449747468305833564, -18.94974746830583001, 0.000000000000000000 ) ) ;
#1701 = EDGE_CURVE ( 'NONE', #734, #928, #21, .T. ) ;
#1702 = LINE ( 'NONE', #1998, #1502 ) ;
#1703 = CARTESIAN_POINT ( 'NONE',  ( -8.000000000000000000, 3.768438977661778821, 2.000000000000003553 ) ) ;
#1704 = ORIENTED_EDGE ( 'NONE', *, *, #1101, .F. ) ;
#1705 = ORIENTED_EDGE ( 'NONE', *, *, #330, .F. ) ;
#1706 = CIRCLE ( 'NONE', #2129, 1.499999999999999334 ) ;
#1707 = CARTESIAN_POINT ( 'NONE',  ( -5.707106781186563893, 26.02887541507869429, 14.05567240852033351 ) ) ;
#1708 = EDGE_LOOP ( 'NONE', ( #426, #1596 ) ) ;
#1709 = LINE ( 'NONE', #526, #841 ) ;
#1710 = APPROVAL_DATE_TIME ( #399, #2073 ) ;
#1711 = EDGE_CURVE ( 'NONE', #238, #1754, #55, .T. ) ;
#1712 = DIRECTION ( 'NONE',  ( -0.000000000000000000, 0.6560590289905112726, 0.7547095802227685724 ) ) ;
#1713 = CARTESIAN_POINT ( 'NONE',  ( -10.76820700836823086, 15.94859551347781235, 9.900855292275835495 ) ) ;
#1714 = DIRECTION ( 'NONE',  ( 6.641146794893340517E-17, -0.5442014418825505961, 0.8389545819965185114 ) ) ;
#1715 = LINE ( 'NONE', #1066, #1753 ) ;
#1716 = CARTESIAN_POINT ( 'NONE',  ( 4.999999999999999112, 46.45136865953278260, 27.30305255157874100 ) ) ;
#1717 = AXIS2_PLACEMENT_3D ( 'NONE', #1590, #1891, #582 ) ;
#1718 = CIRCLE ( 'NONE', #2142, 0.9999999999999973355 ) ;
#1719 = VERTEX_POINT ( 'NONE', #1691 ) ;
#1720 = DIRECTION ( 'NONE',  ( -0.000000000000000000, -0.7547095802227685724, 0.6560590289905111616 ) ) ;
#1721 = CIRCLE ( 'NONE', #1612, 1.500000000000000444 ) ;
#1722 = VECTOR ( 'NONE', #327, 1000.000000000000227 ) ;
#1723 = EDGE_CURVE ( 'NONE', #1729, #1119, #1702, .T. ) ;
#1724 = DIRECTION ( 'NONE',  ( -0.000000000000000000, -0.7547095802227685724, 0.6560590289905111616 ) ) ;
#1725 = CIRCLE ( 'NONE', #205, 1.000000000000001332 ) ;
#1726 = FACE_BOUND ( 'NONE', #966, .T. ) ;
#1727 = DIRECTION ( 'NONE',  ( 0.000000000000000000, -0.6560590289905098293, -0.7547095802227697936 ) ) ;
#1728 = CIRCLE ( 'NONE', #2068, 1.499999999999999334 ) ;
#1729 = VERTEX_POINT ( 'NONE', #321 ) ;
#1730 = EDGE_CURVE ( 'NONE', #986, #1719, #1515, .T. ) ;
#1731 = DIRECTION ( 'NONE',  ( 6.641146794893340517E-17, -0.5442014418825504851, 0.8389545819965184004 ) ) ;
#1732 = ORIENTED_EDGE ( 'NONE', *, *, #145, .T. ) ;
#1733 = ORIENTED_EDGE ( 'NONE', *, *, #1857, .F. ) ;
#1734 = LINE ( 'NONE', #1778, #1479 ) ;
#1735 = CC_DESIGN_APPROVAL ( #213, ( #400 ) ) ;
#1736 = CARTESIAN_POINT ( 'NONE',  ( 1.500000000000000000, -14.00000000000000000, 0.000000000000000000 ) ) ;
#1737 = DIRECTION ( 'NONE',  ( -0.7071067811865486830, -0.5932304740372628116, -0.3848085298866473769 ) ) ;
#1738 = CARTESIAN_POINT ( 'NONE',  ( -6.000000000000021316, 21.97432016112727382, 13.80953892308013664 ) ) ;
#1739 = ORIENTED_EDGE ( 'NONE', *, *, #1701, .F. ) ;
#1740 = CARTESIAN_POINT ( 'NONE',  ( -4.949747468305827347, 112.8921255784095052, 32.76207143595724602 ) ) ;
#1741 = DIRECTION ( 'NONE',  ( 0.000000000000000000, 1.000000000000000000, 0.000000000000000000 ) ) ;
#1742 = MANIFOLD_SOLID_BREP ( 'Ô²½Ç4', #869 ) ;
#1743 = DIRECTION ( 'NONE',  ( 1.000000000000000000, 0.000000000000000000, 0.000000000000000000 ) ) ;
#1744 = VERTEX_POINT ( 'NONE', #485 ) ;
#1745 = DIRECTION ( 'NONE',  ( -0.000000000000000000, -0.7547095802227685724, 0.6560590289905111616 ) ) ;
#1746 = LINE ( 'NONE', #1577, #1648 ) ;
#1747 = ORIENTED_EDGE ( 'NONE', *, *, #452, .F. ) ;
#1748 = FACE_OUTER_BOUND ( 'NONE', #742, .T. ) ;
#1749 = DATE_TIME_ROLE ( 'creation_date' ) ;
#1750 = EDGE_CURVE ( 'NONE', #1001, #1242, #178, .T. ) ;
#1751 = DIRECTION ( 'NONE',  ( 4.336808689942029569E-15, 0.8389545819965185114, 0.5442014418825504851 ) ) ;
#1752 = VECTOR ( 'NONE', #1424, 1000.000000000000114 ) ;
#1753 = VECTOR ( 'NONE', #1578, 1000.000000000000114 ) ;
#1754 = VERTEX_POINT ( 'NONE', #474 ) ;
#1755 = DIRECTION ( 'NONE',  ( 0.7071067811865491270, 0.5932304740372623675, 0.3848085298866472659 ) ) ;
#1756 = ORIENTED_EDGE ( 'NONE', *, *, #1839, .F. ) ;
#1757 = CIRCLE ( 'NONE', #414, 1.499999999999999334 ) ;
#1758 = DIRECTION ( 'NONE',  ( 9.416704356456220774E-17, -0.5442014418825504851, 0.8389545819965184004 ) ) ;
#1759 = CARTESIAN_POINT ( 'NONE',  ( -3.285749932081510678E-15, 77.98156021651770686, 60.52592218546244851 ) ) ;
#1760 = ORIENTED_EDGE ( 'NONE', *, *, #1711, .T. ) ;
#1761 = AXIS2_PLACEMENT_3D ( 'NONE', #1570, #730, #1069 ) ;
#1762 = DIRECTION ( 'NONE',  ( 0.000000000000000000, 0.8389545819965185114, 0.5442014418825504851 ) ) ;
#1763 = PERSON_AND_ORGANIZATION_ROLE ( 'creator' ) ;
#1764 = VERTEX_POINT ( 'NONE', #1525 ) ;
#1765 = EDGE_CURVE ( 'NONE', #1410, #379, #672, .T. ) ;
#1766 = LINE ( 'NONE', #401, #630 ) ;
#1767 = EDGE_LOOP ( 'NONE', ( #1527, #920 ) ) ;
#1768 = CARTESIAN_POINT ( 'NONE',  ( 8.000000000000024869, 1.091909604869571414E-15, 2.000000000000000444 ) ) ;
#1769 = ORIENTED_EDGE ( 'NONE', *, *, #384, .F. ) ;
#1770 = CIRCLE ( 'NONE', #8, 1.500000000000000000 ) ;
#1771 = ADVANCED_FACE ( 'NONE', ( #15, #1869, #1661, #680, #1825, #155 ), #2175, .F. ) ;
#1772 = CARTESIAN_POINT ( 'NONE',  ( 4.949747468305852216, 72.24072599478145662, 56.97035403909547568 ) ) ;
#1773 = CYLINDRICAL_SURFACE ( 'NONE', #1136, 2.999999999999998668 ) ;
#1774 = ORIENTED_EDGE ( 'NONE', *, *, #1390, .T. ) ;
#1775 = DIRECTION ( 'NONE',  ( 0.000000000000000000, 0.6560590289905098293, 0.7547095802227697936 ) ) ;
#1776 = DATE_AND_TIME ( #358, #1807 ) ;
#1777 = ORIENTED_EDGE ( 'NONE', *, *, #356, .F. ) ;
#1778 = CARTESIAN_POINT ( 'NONE',  ( -8.000000000000001776, 24.00000000000000000, 0.000000000000000000 ) ) ;
#1779 = ORIENTED_EDGE ( 'NONE', *, *, #516, .F. ) ;
#1780 = CARTESIAN_POINT ( 'NONE',  ( 4.949747468305852216, 107.3815610862853305, 26.42289213826376937 ) ) ;
#1781 = EDGE_CURVE ( 'NONE', #511, #85, #1542, .T. ) ;
#1782 = EDGE_LOOP ( 'NONE', ( #1664, #1489 ) ) ;
#1783 = CARTESIAN_POINT ( 'NONE',  ( -5.000000000000009770, 82.48790413138775079, 68.75838403061310089 ) ) ;
#1784 = ORIENTED_EDGE ( 'NONE', *, *, #79, .F. ) ;
#1785 = CARTESIAN_POINT ( 'NONE',  ( -5.000000000000028422, 8.063623250217165861, 2.402221385420941324 ) ) ;
#1786 = ORIENTED_EDGE ( 'NONE', *, *, #1215, .F. ) ;
#1787 = DIRECTION ( 'NONE',  ( 6.641146794893339284E-17, -0.5442014418825503741, 0.8389545819965187334 ) ) ;
#1788 = ORIENTED_EDGE ( 'NONE', *, *, #1793, .F. ) ;
#1789 = CARTESIAN_POINT ( 'NONE',  ( 4.999999999999996447, -23.33822905859269525, 69.18765244184555741 ) ) ;
#1790 = AXIS2_PLACEMENT_3D ( 'NONE', #1473, #281, #952 ) ;
#1791 = CIRCLE ( 'NONE', #834, 1.500000000000000000 ) ;
#1792 = ORIENTED_EDGE ( 'NONE', *, *, #1189, .F. ) ;
#1793 = EDGE_CURVE ( 'NONE', #898, #154, #979, .T. ) ;
#1794 = DIRECTION ( 'NONE',  ( -0.7071067811865459074, 0.5932304740372649210, 0.3848085298866492643 ) ) ;
#1795 = AXIS2_PLACEMENT_3D ( 'NONE', #829, #854, #1508 ) ;
#1796 = ORIENTED_EDGE ( 'NONE', *, *, #1151, .F. ) ;
#1797 = DIRECTION ( 'NONE',  ( -1.533293416683376357E-16, -0.8389545819965186224, -0.5442014418825501521 ) ) ;
#1798 = VERTEX_POINT ( 'NONE', #1146 ) ;
#1799 = AXIS2_PLACEMENT_3D ( 'NONE', #91, #759, #1099 ) ;
#1800 = EDGE_CURVE ( 'NONE', #1560, #963, #1220, .T. ) ;
#1801 = PLANE ( 'NONE',  #99 ) ;
#1802 = AXIS2_PLACEMENT_3D ( 'NONE', #1380, #751, #72 ) ;
#1803 = ORIENTED_EDGE ( 'NONE', *, *, #459, .F. ) ;
#1804 = FACE_OUTER_BOUND ( 'NONE', #708, .T. ) ;
#1805 = ORIENTED_EDGE ( 'NONE', *, *, #844, .F. ) ;
#1806 = FACE_BOUND ( 'NONE', #807, .T. ) ;
#1807 = LOCAL_TIME ( 16, 24, 50.00000000000000000, #527 ) ;
#1808 = ORIENTED_EDGE ( 'NONE', *, *, #1110, .T. ) ;
#1809 = DIRECTION ( 'NONE',  ( 2.775557561562909840E-17, -0.5442014418825505961, 0.8389545819965184004 ) ) ;
#1810 = ORIENTED_EDGE ( 'NONE', *, *, #1166, .T. ) ;
#1811 = CARTESIAN_POINT ( 'NONE',  ( -5.000000000000028422, 8.063623250217165861, 2.402221385420941324 ) ) ;
#1812 = VERTEX_POINT ( 'NONE', #1492 ) ;
#1813 = CARTESIAN_POINT ( 'NONE',  ( 4.949747468305833564, -9.050252531694164659, 2.000000000000001776 ) ) ;
#1814 = VERTEX_POINT ( 'NONE', #1157 ) ;
#1815 = CIRCLE ( 'NONE', #1419, 0.9999999999999993339 ) ;
#1816 = CARTESIAN_POINT ( 'NONE',  ( 6.000000000000000000, 32.73678787724151107, 20.79078746145222567 ) ) ;
#1817 = DIRECTION ( 'NONE',  ( 0.000000000000000000, -0.7547095802227685724, 0.6560590289905112726 ) ) ;
#1818 = EDGE_LOOP ( 'NONE', ( #1965, #1824, #1517, #1645 ) ) ;
#1819 = EDGE_CURVE ( 'NONE', #928, #1265, #1167, .T. ) ;
#1820 = FACE_OUTER_BOUND ( 'NONE', #1836, .T. ) ;
#1821 = ORIENTED_EDGE ( 'NONE', *, *, #735, .F. ) ;
#1822 = DIRECTION ( 'NONE',  ( -0.7071067811865459074, 0.5932304740372649210, 0.3848085298866492643 ) ) ;
#1823 = CARTESIAN_POINT ( 'NONE',  ( 5.999999999999994671, 18.82609096633138890, 9.383469923792999268 ) ) ;
#1824 = ORIENTED_EDGE ( 'NONE', *, *, #1053, .F. ) ;
#1825 = FACE_BOUND ( 'NONE', #2091, .T. ) ;
#1826 = AXIS2_PLACEMENT_3D ( 'NONE', #1378, #1247, #1923 ) ;
#1827 = AXIS2_PLACEMENT_3D ( 'NONE', #1042, #1589, #547 ) ;
#1828 = VECTOR ( 'NONE', #1338, 1000.000000000000227 ) ;
#1829 = LINE ( 'NONE', #1662, #2062 ) ;
#1830 = ORIENTED_EDGE ( 'NONE', *, *, #495, .F. ) ;
#1831 = VECTOR ( 'NONE', #1296, 1000.000000000000114 ) ;
#1832 = CARTESIAN_POINT ( 'NONE',  ( -4.949747468305827347, 78.73537903039139962, 64.44159770712310831 ) ) ;
#1833 = CIRCLE ( 'NONE', #771, 1.500000000000000000 ) ;
#1834 = VERTEX_POINT ( 'NONE', #1554 ) ;
#1835 = LINE ( 'NONE', #823, #624 ) ;
#1836 = EDGE_LOOP ( 'NONE', ( #1429, #215, #461, #989 ) ) ;
#1837 = EDGE_CURVE ( 'NONE', #520, #898, #1254, .T. ) ;
#1838 = CARTESIAN_POINT ( 'NONE',  ( 8.000000000000001776, -20.99999999999999645, 3.000000000000000000 ) ) ;
#1839 = EDGE_CURVE ( 'NONE', #855, #1676, #1219, .T. ) ;
#1840 = CYLINDRICAL_SURFACE ( 'NONE', #762, 1.499999999999999334 ) ;
#1841 = VECTOR ( 'NONE', #1501, 1000.000000000000000 ) ;
#1842 = ORIENTED_EDGE ( 'NONE', *, *, #524, .T. ) ;
#1843 = CARTESIAN_POINT ( 'NONE',  ( -5.000000000000026645, 10.43654514636621222, 3.941455504967529500 ) ) ;
#1844 = ORIENTED_EDGE ( 'NONE', *, *, #1233, .F. ) ;
#1845 = DIRECTION ( 'NONE',  ( 0.000000000000000000, 0.6560590289905098293, 0.7547095802227697936 ) ) ;
#1846 = DIRECTION ( 'NONE',  ( -1.533293416683376603E-16, -0.8389545819965184004, -0.5442014418825503741 ) ) ;
#1847 = APPLICATION_CONTEXT ( 'configuration controlled 3d designs of mechanical parts and assemblies' ) ;
#1848 = EDGE_CURVE ( 'NONE', #489, #1511, #889, .T. ) ;
#1849 = CYLINDRICAL_SURFACE ( 'NONE', #933, 1.000000000000000666 ) ;
#1850 = FACE_OUTER_BOUND ( 'NONE', #1441, .T. ) ;
#1851 = VERTEX_POINT ( 'NONE', #1196 ) ;
#1852 = DIRECTION ( 'NONE',  ( 0.000000000000000000, -0.6560590289905098293, -0.7547095802227697936 ) ) ;
#1853 = EDGE_LOOP ( 'NONE', ( #543, #1865, #1068, #951, #2162, #1131, #33, #729, #1015 ) ) ;
#1854 = LINE ( 'NONE', #2, #2072 ) ;
#1855 = LINE ( 'NONE', #1345, #601 ) ;
#1856 = DIRECTION ( 'NONE',  ( -1.000000000000000000, -7.228014483236695816E-17, 0.000000000000000000 ) ) ;
#1857 = EDGE_CURVE ( 'NONE', #866, #74, #1031, .T. ) ;
#1858 = CARTESIAN_POINT ( 'NONE',  ( 4.292893218813449430, 18.33091855660354952, 11.44618761767268822 ) ) ;
#1859 = AXIS2_PLACEMENT_3D ( 'NONE', #992, #1870, #2040 ) ;
#1860 = CIRCLE ( 'NONE', #486, 3.000000000000000000 ) ;
#1861 = EDGE_LOOP ( 'NONE', ( #57, #614, #1997, #1976, #1081, #1769, #1122, #954, #1486 ) ) ;
#1862 = DIRECTION ( 'NONE',  ( 1.000000000000000000, 0.000000000000000000, 0.000000000000000000 ) ) ;
#1863 = EDGE_CURVE ( 'NONE', #901, #290, #699, .T. ) ;
#1864 = VECTOR ( 'NONE', #965, 1000.000000000000000 ) ;
#1865 = ORIENTED_EDGE ( 'NONE', *, *, #1044, .T. ) ;
#1866 = LINE ( 'NONE', #346, #1901 ) ;
#1867 = CARTESIAN_POINT ( 'NONE',  ( 4.949747468305852216, 71.25663745129567417, 55.83828966876132682 ) ) ;
#1868 = AXIS2_PLACEMENT_3D ( 'NONE', #1944, #425, #1751 ) ;
#1869 = FACE_BOUND ( 'NONE', #236, .T. ) ;
#1870 = DIRECTION ( 'NONE',  ( 5.455051776487658363E-17, -0.7547095802227685724, 0.6560590289905112726 ) ) ;
#1871 = VERTEX_POINT ( 'NONE', #1061 ) ;
#1872 = ORIENTED_EDGE ( 'NONE', *, *, #745, .T. ) ;
#1873 = FACE_OUTER_BOUND ( 'NONE', #2127, .T. ) ;
#1874 = EDGE_CURVE ( 'NONE', #1582, #345, #733, .T. ) ;
#1875 = AXIS2_PLACEMENT_3D ( 'NONE', #1879, #1234, #1040 ) ;
#1876 = EDGE_LOOP ( 'NONE', ( #2117, #412, #380, #1190 ) ) ;
#1877 = FACE_BOUND ( 'NONE', #1536, .T. ) ;
#1878 = DIRECTION ( 'NONE',  ( 1.000000000000000000, 0.000000000000000000, 0.000000000000000000 ) ) ;
#1879 = CARTESIAN_POINT ( 'NONE',  ( 4.949747468305847775, 113.8762141218952735, 33.89413580629140199 ) ) ;
#1880 = CARTESIAN_POINT ( 'NONE',  ( -4.949747468305831788, -18.94974746830583356, 2.000000000000003109 ) ) ;
#1881 = LINE ( 'NONE', #530, #1682 ) ;
#1882 = ORIENTED_EDGE ( 'NONE', *, *, #368, .T. ) ;
#1883 = DIRECTION ( 'NONE',  ( 1.000000000000000000, 0.000000000000000000, 0.000000000000000000 ) ) ;
#1884 = EDGE_LOOP ( 'NONE', ( #1594, #458 ) ) ;
#1885 = EDGE_CURVE ( 'NONE', #1467, #1812, #1888, .T. ) ;
#1886 = ORIENTED_EDGE ( 'NONE', *, *, #1900, .T. ) ;
#1887 = LINE ( 'NONE', #1688, #1120 ) ;
#1888 = LINE ( 'NONE', #720, #1498 ) ;
#1889 = ADVANCED_FACE ( 'NONE', ( #1384 ), #46, .F. ) ;
#1890 = CARTESIAN_POINT ( 'NONE',  ( 4.292893218813449430, 19.41932144036864472, 9.768278453679664963 ) ) ;
#1891 = DIRECTION ( 'NONE',  ( -5.900243855588048770E-17, 0.5442014418825501521, -0.8389545819965187334 ) ) ;
#1892 = CYLINDRICAL_SURFACE ( 'NONE', #800, 1.000000000000002220 ) ;
#1893 = CARTESIAN_POINT ( 'NONE',  ( -23.70736779045781262, -18.61066816218052367, 72.25426118518484486 ) ) ;
#1894 = VECTOR ( 'NONE', #167, 1000.000000000000000 ) ;
#1895 = VERTEX_POINT ( 'NONE', #1376 ) ;
#1896 = ORIENTED_EDGE ( 'NONE', *, *, #667, .T. ) ;
#1897 = CARTESIAN_POINT ( 'NONE',  ( -6.449747468305833564, -9.050252531694168212, 2.000000000000001776 ) ) ;
#1898 = CIRCLE ( 'NONE', #1158, 0.9999999999999973355 ) ;
#1899 = DIRECTION ( 'NONE',  ( -6.641146794893341749E-17, 0.5442014418825504851, -0.8389545819965184004 ) ) ;
#1900 = EDGE_CURVE ( 'NONE', #1119, #779, #559, .T. ) ;
#1901 = VECTOR ( 'NONE', #1266, 1000.000000000000114 ) ;
#1902 = DIRECTION ( 'NONE',  ( 6.641146794893339284E-17, -0.5442014418825503741, 0.8389545819965187334 ) ) ;
#1903 = DIRECTION ( 'NONE',  ( 1.000000000000000000, 0.000000000000000000, 0.000000000000000000 ) ) ;
#1904 = CIRCLE ( 'NONE', #32, 0.9999999999999973355 ) ;
#1905 = CARTESIAN_POINT ( 'NONE',  ( -4.949747468305833564, -9.050252531694168212, 2.000000000000001776 ) ) ;
#1906 = DIRECTION ( 'NONE',  ( 0.6427223982589074236, 0.7660991572742514855, 0.000000000000000000 ) ) ;
#1907 = ORIENTED_EDGE ( 'NONE', *, *, #90, .F. ) ;
#1908 = DIRECTION ( 'NONE',  ( 0.000000000000000000, 1.000000000000000000, 0.000000000000000000 ) ) ;
#1909 = APPROVAL_PERSON_ORGANIZATION ( #1030, #2073, #930 ) ;
#1910 = CARTESIAN_POINT ( 'NONE',  ( -4.949747468305833564, -9.050252531694168212, 0.000000000000000000 ) ) ;
#1911 = VERTEX_POINT ( 'NONE', #1051 ) ;
#1912 = ADVANCED_FACE ( 'NONE', ( #1395 ), #404, .F. ) ;
#1913 = LINE ( 'NONE', #1713, #166 ) ;
#1914 = LINE ( 'NONE', #749, #1752 ) ;
#1915 = ORIENTED_EDGE ( 'NONE', *, *, #667, .F. ) ;
#1916 = DIRECTION ( 'NONE',  ( 0.000000000000000000, 0.8389545819965185114, 0.5442014418825504851 ) ) ;
#1917 = COORDINATED_UNIVERSAL_TIME_OFFSET ( 8, 0, .AHEAD. ) ;
#1918 = ORIENTED_EDGE ( 'NONE', *, *, #1674, .F. ) ;
#1919 = CARTESIAN_POINT ( 'NONE',  ( -5.000000000000023093, 36.13446537380598045, 22.99474585486374068 ) ) ;
#1920 = CARTESIAN_POINT ( 'NONE',  ( -6.000000000000021316, 25.78315130711943937, 13.89627949652443029 ) ) ;
#1921 = ORIENTED_EDGE ( 'NONE', *, *, #1177, .F. ) ;
#1922 = CARTESIAN_POINT ( 'NONE',  ( 4.949747468305847775, 114.8603026653810417, 35.02620017662555796 ) ) ;
#1923 = DIRECTION ( 'NONE',  ( 0.000000000000000000, -0.6560590289905098293, -0.7547095802227697936 ) ) ;
#1924 = ADVANCED_FACE ( 'NONE', ( #1408 ), #2057, .F. ) ;
#1925 = CYLINDRICAL_SURFACE ( 'NONE', #1217, 1.499999999999999334 ) ;
#1926 = DIRECTION ( 'NONE',  ( 0.7071067811865460184, -0.5932304740372649210, -0.3848085298866490978 ) ) ;
#1927 = APPROVAL_ROLE ( '' ) ;
#1928 = EDGE_CURVE ( 'NONE', #540, #697, #528, .T. ) ;
#1929 = ORIENTED_EDGE ( 'NONE', *, *, #1169, .F. ) ;
#1930 = DIRECTION ( 'NONE',  ( 6.641146794893340517E-17, -0.5442014418825504851, 0.8389545819965184004 ) ) ;
#1931 = VECTOR ( 'NONE', #2109, 1000.000000000000000 ) ;
#1932 = EDGE_CURVE ( 'NONE', #604, #2045, #207, .T. ) ;
#1933 = AXIS2_PLACEMENT_3D ( 'NONE', #1077, #230, #1056 ) ;
#1934 = EDGE_LOOP ( 'NONE', ( #149, #1616, #1886, #941 ) ) ;
#1935 = DIRECTION ( 'NONE',  ( 1.393866136277581486E-32, -1.285614594446145305E-16, -1.000000000000000000 ) ) ;
#1936 = ORIENTED_EDGE ( 'NONE', *, *, #161, .T. ) ;
#1937 = VECTOR ( 'NONE', #1962, 1000.000000000000000 ) ;
#1938 = DIRECTION ( 'NONE',  ( -0.000000000000000000, -0.7547095802227686834, 0.6560590289905112726 ) ) ;
#1939 = CARTESIAN_POINT ( 'NONE',  ( -4.949747468305827347, 80.24479819083691723, 63.12947964914210530 ) ) ;
#1940 = ORIENTED_EDGE ( 'NONE', *, *, #133, .F. ) ;
#1941 = DIRECTION ( 'NONE',  ( 0.000000000000000000, 0.000000000000000000, -1.000000000000000000 ) ) ;
#1942 = ORIENTED_EDGE ( 'NONE', *, *, #859, .T. ) ;
#1943 = EDGE_CURVE ( 'NONE', #89, #554, #1544, .T. ) ;
#1944 = CARTESIAN_POINT ( 'NONE',  ( -5.000000000000023093, 40.43474473571664873, 23.40027225229983188 ) ) ;
#1945 = ORIENTED_EDGE ( 'NONE', *, *, #1932, .T. ) ;
#1946 = AXIS2_PLACEMENT_3D ( 'NONE', #1813, #2121, #298 ) ;
#1947 = CARTESIAN_POINT ( 'NONE',  ( -4.999999999999997335, -21.00000000000000000, 3.000000000000000000 ) ) ;
#1948 = ORIENTED_EDGE ( 'NONE', *, *, #1694, .T. ) ;
#1949 = CARTESIAN_POINT ( 'NONE',  ( -4.949747468305827347, 78.73537903039139962, 64.44159770712310831 ) ) ;
#1950 = DIRECTION ( 'NONE',  ( 1.000000000000000000, 0.000000000000000000, 0.000000000000000000 ) ) ;
#1951 = ORIENTED_EDGE ( 'NONE', *, *, #652, .T. ) ;
#1952 = CARTESIAN_POINT ( 'NONE',  ( -4.292893218813473410, 37.46859236553034123, 21.47622960286660998 ) ) ;
#1953 = ORIENTED_EDGE ( 'NONE', *, *, #1723, .F. ) ;
#1954 = DIRECTION ( 'NONE',  ( 1.000000000000000000, 1.220347151584106378E-16, -0.000000000000000000 ) ) ;
#1955 = EDGE_CURVE ( 'NONE', #319, #1410, #1770, .T. ) ;
#1956 = ORIENTED_EDGE ( 'NONE', *, *, #1573, .T. ) ;
#1957 = CARTESIAN_POINT ( 'NONE',  ( 5.999999999999994671, 17.73768808256627239, 11.06137908778606160 ) ) ;
#1958 = ORIENTED_EDGE ( 'NONE', *, *, #221, .F. ) ;
#1959 = DIRECTION ( 'NONE',  ( 0.000000000000000000, 0.000000000000000000, 1.000000000000000000 ) ) ;
#1960 = EDGE_CURVE ( 'NONE', #1481, #2071, #36, .T. ) ;
#1961 = ORIENTED_EDGE ( 'NONE', *, *, #79, .T. ) ;
#1962 = DIRECTION ( 'NONE',  ( -0.000000000000000000, -0.000000000000000000, 1.000000000000000000 ) ) ;
#1963 = VERTEX_POINT ( 'NONE', #537 ) ;
#1964 = DIRECTION ( 'NONE',  ( 1.734723475976811630E-15, 0.8389545819965185114, 0.5442014418825504851 ) ) ;
#1965 = ORIENTED_EDGE ( 'NONE', *, *, #690, .F. ) ;
#1966 = DIRECTION ( 'NONE',  ( -0.7071067811865490160, -0.5932304740372625895, -0.3848085298866471549 ) ) ;
#1967 = AXIS2_PLACEMENT_3D ( 'NONE', #322, #1033, #1672 ) ;
#1968 = CIRCLE ( 'NONE', #28, 1.499999999999999556 ) ;
#1969 = EDGE_CURVE ( 'NONE', #169, #1109, #880, .T. ) ;
#1970 = PLANE ( 'NONE',  #549 ) ;
#1971 = AXIS2_PLACEMENT_3D ( 'NONE', #1538, #1352, #1883 ) ;
#1972 = EDGE_LOOP ( 'NONE', ( #1550, #1281, #285, #863 ) ) ;
#1973 = CARTESIAN_POINT ( 'NONE',  ( -4.292893218813482292, 6.381989892414790866, 3.695322019527335300 ) ) ;
#1974 = ORIENTED_EDGE ( 'NONE', *, *, #135, .F. ) ;
#1975 = DIRECTION ( 'NONE',  ( 0.000000000000000000, -0.7547095802227685724, 0.6560590289905112726 ) ) ;
#1976 = ORIENTED_EDGE ( 'NONE', *, *, #183, .T. ) ;
#1977 = PLANE ( 'NONE',  #462 ) ;
#1978 = ORIENTED_EDGE ( 'NONE', *, *, #1694, .F. ) ;
#1979 = DIRECTION ( 'NONE',  ( 0.000000000000000000, -0.6560590289905098293, -0.7547095802227697936 ) ) ;
#1980 = VECTOR ( 'NONE', #2047, 1000.000000000000114 ) ;
#1981 = ADVANCED_FACE ( 'NONE', ( #1108 ), #1269, .T. ) ;
#1982 = CARTESIAN_POINT ( 'NONE',  ( -4.999999999999997335, -21.00000000000000000, 0.000000000000000000 ) ) ;
#1983 = ORIENTED_EDGE ( 'NONE', *, *, #1140, .F. ) ;
#1984 = CARTESIAN_POINT ( 'NONE',  ( 4.292893218813462752, 49.41752102971907590, 29.22709520101198066 ) ) ;
#1985 = ORIENTED_EDGE ( 'NONE', *, *, #148, .T. ) ;
#1986 = DIRECTION ( 'NONE',  ( 0.000000000000000000, -0.000000000000000000, -1.000000000000000000 ) ) ;
#1987 = LINE ( 'NONE', #637, #636 ) ;
#1988 = FACE_BOUND ( 'NONE', #781, .T. ) ;
#1989 = AXIS2_PLACEMENT_3D ( 'NONE', #897, #712, #1586 ) ;
#1990 = CARTESIAN_POINT ( 'NONE',  ( 7.999999999999998224, 24.00000000000000000, 0.000000000000000000 ) ) ;
#1991 = VERTEX_POINT ( 'NONE', #1957 ) ;
#1992 = CARTESIAN_POINT ( 'NONE',  ( -5.000000000000016875, -1.729575289207418987, 83.20445477035239890 ) ) ;
#1993 = ADVANCED_FACE ( 'NONE', ( #416 ), #1977, .F. ) ;
#1994 = ORIENTED_EDGE ( 'NONE', *, *, #1524, .T. ) ;
#1995 = CARTESIAN_POINT ( 'NONE',  ( -4.949747468305832676, 71.25663745129568838, 55.83828966876133393 ) ) ;
#1996 = EDGE_CURVE ( 'NONE', #144, #983, #985, .T. ) ;
#1997 = ORIENTED_EDGE ( 'NONE', *, *, #1928, .F. ) ;
#1998 = CARTESIAN_POINT ( 'NONE',  ( -5.707106781186564781, 41.02797520975389745, 23.78508078218650823 ) ) ;
#1999 = CIRCLE ( 'NONE', #1790, 1.500000000000000444 ) ;
#2000 = DIRECTION ( 'NONE',  ( -0.000000000000000000, -0.7547095802227686834, 0.6560590289905112726 ) ) ;
#2001 = AXIS2_PLACEMENT_3D ( 'NONE', #333, #1675, #325 ) ;
#2002 = ORIENTED_EDGE ( 'NONE', *, *, #1765, .F. ) ;
#2003 = CARTESIAN_POINT ( 'NONE',  ( 4.949747468305852216, 72.24072599478145662, 56.97035403909547568 ) ) ;
#2004 = AXIS2_PLACEMENT_3D ( 'NONE', #1811, #284, #2137 ) ;
#2005 = ADVANCED_FACE ( 'NONE', ( #273 ), #615, .F. ) ;
#2006 = ORIENTED_EDGE ( 'NONE', *, *, #126, .T. ) ;
#2007 = CARTESIAN_POINT ( 'NONE',  ( -3.449747468305833120, -9.050252531694168212, 0.000000000000000000 ) ) ;
#2008 = AXIS2_PLACEMENT_3D ( 'NONE', #408, #1078, #893 ) ;
#2009 = CARTESIAN_POINT ( 'NONE',  ( 7.999999999999998224, 24.95201068268727695, -0.4775962474170701855 ) ) ;
#2010 = ADVANCED_FACE ( 'NONE', ( #605, #88, #626, #1280, #958, #1457 ), #427, .F. ) ;
#2011 = DIRECTION ( 'NONE',  ( 6.641146794893340517E-17, -0.5442014418825504851, 0.8389545819965184004 ) ) ;
#2012 = DIRECTION ( 'NONE',  ( 0.6427223982589077567, 0.7660991572742512634, 0.000000000000000000 ) ) ;
#2013 = AXIS2_PLACEMENT_3D ( 'NONE', #2009, #997, #328 ) ;
#2014 = ORIENTED_EDGE ( 'NONE', *, *, #1004, .F. ) ;
#2015 = LINE ( 'NONE', #1035, #1117 ) ;
#2016 = EDGE_LOOP ( 'NONE', ( #1655, #1872, #2078, #1803 ) ) ;
#2017 = LINE ( 'NONE', #1699, #1301 ) ;
#2018 = FACE_BOUND ( 'NONE', #415, .T. ) ;
#2019 = EDGE_CURVE ( 'NONE', #366, #249, #915, .T. ) ;
#2020 = LINE ( 'NONE', #1357, #858 ) ;
#2021 = PLANE ( 'NONE',  #1505 ) ;
#2022 = EDGE_CURVE ( 'NONE', #1469, #169, #700, .T. ) ;
#2023 = EDGE_LOOP ( 'NONE', ( #1739, #1049, #268, #403 ) ) ;
#2024 = CYLINDRICAL_SURFACE ( 'NONE', #1298, 1.499999999999999334 ) ;
#2025 = ORIENTED_EDGE ( 'NONE', *, *, #1293, .T. ) ;
#2026 = DIRECTION ( 'NONE',  ( -0.000000000000000000, -0.000000000000000000, 1.000000000000000000 ) ) ;
#2027 = CARTESIAN_POINT ( 'NONE',  ( -4.999999999999997335, -24.00000000000000000, 3.000000000000000000 ) ) ;
#2028 = CARTESIAN_POINT ( 'NONE',  ( -6.449747468305833564, -9.050252531694168212, 0.000000000000000000 ) ) ;
#2029 = DIRECTION ( 'NONE',  ( 1.000000000000000000, -9.249513713181525746E-17, -1.391582541516842219E-16 ) ) ;
#2030 = VECTOR ( 'NONE', #209, 1000.000000000000227 ) ;
#2031 = VERTEX_POINT ( 'NONE', #2132 ) ;
#2032 = CARTESIAN_POINT ( 'NONE',  ( 6.449747468305833564, -9.050252531694164659, 0.000000000000000000 ) ) ;
#2033 = AXIS2_PLACEMENT_3D ( 'NONE', #1567, #1403, #1916 ) ;
#2034 = EDGE_LOOP ( 'NONE', ( #1921, #1978, #773, #1230 ) ) ;
#2035 = CARTESIAN_POINT ( 'NONE',  ( 1.500000000000000000, -14.00000000000000000, 0.000000000000000000 ) ) ;
#2036 = APPROVAL_ROLE ( '' ) ;
#2037 = CIRCLE ( 'NONE', #1868, 0.9999999999999973355 ) ;
#2038 = CARTESIAN_POINT ( 'NONE',  ( -4.949747468305832676, 106.3974725427995622, 25.29082776792962761 ) ) ;
#2039 = FACE_BOUND ( 'NONE', #1853, .T. ) ;
#2040 = DIRECTION ( 'NONE',  ( 0.000000000000000000, -0.6560590289905098293, -0.7547095802227697936 ) ) ;
#2041 = EDGE_CURVE ( 'NONE', #1623, #85, #1256, .T. ) ;
#2042 = ORIENTED_EDGE ( 'NONE', *, *, #119, .F. ) ;
#2043 = DIRECTION ( 'NONE',  ( 0.000000000000000000, -0.8389545819965177342, -0.5442014418825519284 ) ) ;
#2044 = AXIS2_PLACEMENT_3D ( 'NONE', #824, #1355, #1689 ) ;
#2045 = VERTEX_POINT ( 'NONE', #250 ) ;
#2046 = DIRECTION ( 'NONE',  ( 6.641146794893339284E-17, -0.5442014418825504851, 0.8389545819965184004 ) ) ;
#2047 = DIRECTION ( 'NONE',  ( -6.162975822039154046E-33, 0.8389545819965186224, 0.5442014418825501521 ) ) ;
#2048 = PRODUCT_DEFINITION_SHAPE ( 'NONE', 'NONE',  #400 ) ;
#2049 = CARTESIAN_POINT ( 'NONE',  ( -14.76820700836825395, -26.11021805951817853, 67.38955699835172197 ) ) ;
#2050 = ORIENTED_EDGE ( 'NONE', *, *, #1264, .F. ) ;
#2051 = CARTESIAN_POINT ( 'NONE',  ( 4.999999999999993783, 82.48790413138775079, 68.75838403061310089 ) ) ;
#2052 = EDGE_LOOP ( 'NONE', ( #1193, #112 ) ) ;
#2053 = EDGE_LOOP ( 'NONE', ( #188, #632, #793, #1540 ) ) ;
#2054 = ADVANCED_FACE ( 'NONE', ( #1289 ), #935, .F. ) ;
#2055 = CARTESIAN_POINT ( 'NONE',  ( -4.949747468305827347, 79.71946757387716787, 65.57366207745725717 ) ) ;
#2056 = ADVANCED_FACE ( 'NONE', ( #921 ), #783, .F. ) ;
#2057 = CYLINDRICAL_SURFACE ( 'NONE', #40, 1.500000000000000000 ) ;
#2058 = CARTESIAN_POINT ( 'NONE',  ( 4.999999999999998224, 32.73678787724150396, 20.79078746145220791 ) ) ;
#2059 = DIRECTION ( 'NONE',  ( 1.124920987495584317E-16, -1.000000000000000000, 1.285614594446145305E-16 ) ) ;
#2060 = ORIENTED_EDGE ( 'NONE', *, *, #1531, .F. ) ;
#2061 = FACE_OUTER_BOUND ( 'NONE', #2023, .T. ) ;
#2062 = VECTOR ( 'NONE', #2115, 1000.000000000000000 ) ;
#2063 = VECTOR ( 'NONE', #2163, 1000.000000000000114 ) ;
#2064 = ORIENTED_EDGE ( 'NONE', *, *, #570, .F. ) ;
#2065 = ORIENTED_EDGE ( 'NONE', *, *, #1509, .F. ) ;
#2066 = CARTESIAN_POINT ( 'NONE',  ( -5.000000000000009770, 80.51972704441621431, 66.49425528994480317 ) ) ;
#2067 = VECTOR ( 'NONE', #2070, 1000.000000000000000 ) ;
#2068 = AXIS2_PLACEMENT_3D ( 'NONE', #343, #354, #1341 ) ;
#2069 = EDGE_CURVE ( 'NONE', #1373, #1107, #1622, .T. ) ;
#2070 = DIRECTION ( 'NONE',  ( 0.000000000000000000, 0.000000000000000000, -1.000000000000000000 ) ) ;
#2071 = VERTEX_POINT ( 'NONE', #449 ) ;
#2072 = VECTOR ( 'NONE', #1541, 1000.000000000000000 ) ;
#2073 = APPROVAL ( #585, 'æœª' ) ;
#2074 = LINE ( 'NONE', #691, #1506 ) ;
#2075 = DIRECTION ( 'NONE',  ( 0.000000000000000000, -0.6560590289905098293, -0.7547095802227697936 ) ) ;
#2076 = AXIS2_PLACEMENT_3D ( 'NONE', #1488, #1619, #1964 ) ;
#2077 = DIRECTION ( 'NONE',  ( 8.182577664731487237E-17, -0.7547095802227684613, 0.6560590289905114947 ) ) ;
#2078 = ORIENTED_EDGE ( 'NONE', *, *, #870, .T. ) ;
#2079 = DIRECTION ( 'NONE',  ( 1.000000000000000000, 0.000000000000000000, 0.000000000000000000 ) ) ;
#2080 = CC_DESIGN_SECURITY_CLASSIFICATION ( #1519, ( #388 ) ) ;
#2081 = ADVANCED_FACE ( 'NONE', ( #1804 ), #1633, .F. ) ;
#2082 = CARTESIAN_POINT ( 'NONE',  ( -6.000000000000008882, 1.291325131713145336, -1.990739187221437723 ) ) ;
#2083 = ORIENTED_EDGE ( 'NONE', *, *, #1356, .T. ) ;
#2084 = CARTESIAN_POINT ( 'NONE',  ( -6.000000000000025757, 10.43654514636621400, 3.941455504967527723 ) ) ;
#2085 = ADVANCED_FACE ( 'NONE', ( #967 ), #1132, .F. ) ;
#2086 = CARTESIAN_POINT ( 'NONE',  ( -5.000000000000023093, 39.34634185195154288, 25.07818141629287467 ) ) ;
#2087 = LINE ( 'NONE', #49, #833 ) ;
#2088 = EDGE_CURVE ( 'NONE', #1558, #1582, #988, .T. ) ;
#2089 = DIRECTION ( 'NONE',  ( 0.000000000000000000, -0.8389545819965169571, -0.5442014418825529276 ) ) ;
#2090 = APPROVAL_STATUS ( 'not_yet_approved' ) ;
#2091 = EDGE_LOOP ( 'NONE', ( #1350, #611 ) ) ;
#2092 = DIRECTION ( 'NONE',  ( 8.182577664731487237E-17, -0.7547095802227684613, 0.6560590289905114947 ) ) ;
#2093 = ORIENTED_EDGE ( 'NONE', *, *, #1800, .T. ) ;
#2094 = CARTESIAN_POINT ( 'NONE',  ( 5.999999999999995559, -38.50007299706186359, 59.35267745037770482 ) ) ;
#2095 = ORIENTED_EDGE ( 'NONE', *, *, #570, .T. ) ;
#2096 = DIRECTION ( 'NONE',  ( 8.182577664731487237E-17, -0.7547095802227684613, 0.6560590289905114947 ) ) ;
#2097 = DIRECTION ( 'NONE',  ( -0.000000000000000000, -0.7547095802227686834, 0.6560590289905112726 ) ) ;
#2098 = EDGE_CURVE ( 'NONE', #169, #1370, #1513, .T. ) ;
#2099 = VECTOR ( 'NONE', #369, 1000.000000000000114 ) ;
#2100 = CARTESIAN_POINT ( 'NONE',  ( 5.000000000000000000, 45.36296577576767675, 28.98096171557178025 ) ) ;
#2101 = PERSON_AND_ORGANIZATION ( #1461, #1450 ) ;
#2102 = ORIENTED_EDGE ( 'NONE', *, *, #14, .T. ) ;
#2103 = ADVANCED_FACE ( 'NONE', ( #1017 ), #1174, .F. ) ;
#2104 = FACE_OUTER_BOUND ( 'NONE', #127, .T. ) ;
#2105 = AXIS2_PLACEMENT_3D ( 'NONE', #2049, #241, #1238 ) ;
#2106 = ORIENTED_EDGE ( 'NONE', *, *, #927, .F. ) ;
#2107 = CARTESIAN_POINT ( 'NONE',  ( -5.000000000000028422, 6.975220366452060006, 4.080130549413980567 ) ) ;
#2108 = VERTEX_POINT ( 'NONE', #13 ) ;
#2109 = DIRECTION ( 'NONE',  ( 1.208582340532377899E-16, -0.8389545819965186224, -0.5442014418825502631 ) ) ;
#2110 = CARTESIAN_POINT ( 'NONE',  ( 5.707106781186541689, 45.85813818549551968, 26.91824402169209662 ) ) ;
#2111 = DIRECTION ( 'NONE',  ( -0.000000000000000000, 0.000000000000000000, 1.000000000000000000 ) ) ;
#2112 = AXIS2_PLACEMENT_3D ( 'NONE', #1677, #163, #1037 ) ;
#2113 = ORIENTED_EDGE ( 'NONE', *, *, #1885, .T. ) ;
#2114 = AXIS2_PLACEMENT_3D ( 'NONE', #2149, #1787, #946 ) ;
#2115 = DIRECTION ( 'NONE',  ( -1.000000000000000000, -1.084202172485504434E-16, -0.000000000000000000 ) ) ;
#2116 = EDGE_CURVE ( 'NONE', #132, #141, #1855, .T. ) ;
#2117 = ORIENTED_EDGE ( 'NONE', *, *, #2098, .F. ) ;
#2118 = CARTESIAN_POINT ( 'NONE',  ( 4.949747468305834452, -18.94974746830583001, 0.000000000000000000 ) ) ;
#2119 = ORIENTED_EDGE ( 'NONE', *, *, #2069, .T. ) ;
#2120 = EDGE_CURVE ( 'NONE', #1991, #1353, #1669, .T. ) ;
#2121 = DIRECTION ( 'NONE',  ( -1.393866136277581486E-32, 1.285614594446145305E-16, 1.000000000000000000 ) ) ;
#2122 = ORIENTED_EDGE ( 'NONE', *, *, #778, .T. ) ;
#2123 = LINE ( 'NONE', #386, #971 ) ;
#2124 = DIRECTION ( 'NONE',  ( 3.066586833366754193E-16, 0.8389545819965184004, 0.5442014418825503741 ) ) ;
#2125 = EDGE_LOOP ( 'NONE', ( #1830, #315, #1319, #957 ) ) ;
#2126 = CARTESIAN_POINT ( 'NONE',  ( 5.999999999999991118, 0.2029222479480386754, -0.3128300232283867111 ) ) ;
#2127 = EDGE_LOOP ( 'NONE', ( #293, #1071, #433, #1953 ) ) ;
#2128 = DIRECTION ( 'NONE',  ( 0.000000000000000000, 0.6560590289905098293, 0.7547095802227697936 ) ) ;
#2129 = AXIS2_PLACEMENT_3D ( 'NONE', #465, #939, #1111 ) ;
#2130 = EDGE_CURVE ( 'NONE', #1191, #1614, #678, .T. ) ;
#2131 = VERTEX_POINT ( 'NONE', #1867 ) ;
#2132 = CARTESIAN_POINT ( 'NONE',  ( -4.949747468305827347, 77.75129048690563138, 63.30953333678895945 ) ) ;
#2133 = DIRECTION ( 'NONE',  ( -0.6427223982589075346, -0.7660991572742513744, 0.000000000000000000 ) ) ;
#2134 = ORIENTED_EDGE ( 'NONE', *, *, #1837, .T. ) ;
#2135 = DIRECTION ( 'NONE',  ( -0.000000000000000000, -0.7547095802227685724, 0.6560590289905111616 ) ) ;
#2136 = ORIENTED_EDGE ( 'NONE', *, *, #1137, .F. ) ;
#2137 = DIRECTION ( 'NONE',  ( 1.734723475976807883E-15, 0.8389545819965184004, 0.5442014418825504851 ) ) ;
#2138 = ORIENTED_EDGE ( 'NONE', *, *, #368, .F. ) ;
#2139 = DIRECTION ( 'NONE',  ( 0.000000000000000000, -0.8389545819965179563, -0.5442014418825512623 ) ) ;
#2140 = EDGE_CURVE ( 'NONE', #132, #901, #1128, .T. ) ;
#2141 = AXIS2_PLACEMENT_3D ( 'NONE', #1224, #395, #1903 ) ;
#2142 = AXIS2_PLACEMENT_3D ( 'NONE', #2058, #1054, #538 ) ;
#2143 = AXIS2_PLACEMENT_3D ( 'NONE', #597, #2111, #1950 ) ;
#2144 = VERTEX_POINT ( 'NONE', #815 ) ;
#2145 = CARTESIAN_POINT ( 'NONE',  ( 3.851859888774471706E-31, -14.00000000000000000, 0.000000000000000000 ) ) ;
#2146 = CARTESIAN_POINT ( 'NONE',  ( -5.829046226278713938, 6.181630171919213268, 1.181436173919494736 ) ) ;
#2147 = ORIENTED_EDGE ( 'NONE', *, *, #1372, .T. ) ;
#2148 = CIRCLE ( 'NONE', #1156, 1.000000000000001332 ) ;
#2149 = CARTESIAN_POINT ( 'NONE',  ( 4.999999999999999112, 48.82429055568182008, 28.84228667112532207 ) ) ;
#2150 = VERTEX_POINT ( 'NONE', #1700 ) ;
#2151 = DIRECTION ( 'NONE',  ( 0.000000000000000000, 0.6560590289905098293, 0.7547095802227697936 ) ) ;
#2152 = CARTESIAN_POINT ( 'NONE',  ( 8.000000000000019540, 51.20295128325870593, 32.76916265272691930 ) ) ;
#2153 = ORIENTED_EDGE ( 'NONE', *, *, #505, .F. ) ;
#2154 = EDGE_CURVE ( 'NONE', #352, #2108, #814, .T. ) ;
#2155 = CARTESIAN_POINT ( 'NONE',  ( 6.000000000000000000, 0.2029222479480384256, -0.3128300232283868776 ) ) ;
#2156 = AXIS2_PLACEMENT_3D ( 'NONE', #1780, #948, #1447 ) ;
#2157 = EDGE_CURVE ( 'NONE', #1353, #1001, #143, .T. ) ;
#2158 = CARTESIAN_POINT ( 'NONE',  ( -3.449747468305831344, -18.94974746830583356, 0.000000000000000000 ) ) ;
#2159 = ORIENTED_EDGE ( 'NONE', *, *, #820, .T. ) ;
#2160 = ADVANCED_FACE ( 'NONE', ( #1184, #347, #336, #804, #2018, #1008 ), #1335, .F. ) ;
#2161 = DIRECTION ( 'NONE',  ( 0.000000000000000000, 0.7547095802227685724, -0.6560590289905112726 ) ) ;
#2162 = ORIENTED_EDGE ( 'NONE', *, *, #732, .T. ) ;
#2163 = DIRECTION ( 'NONE',  ( -4.401441537979225043E-17, 0.5442014418825505961, -0.8389545819965184004 ) ) ;
#2164 =( LENGTH_UNIT ( ) NAMED_UNIT ( * ) SI_UNIT ( .MILLI., .METRE. ) );
#2165 = EDGE_LOOP ( 'NONE', ( #1810, #619 ) ) ;
#2166 = FACE_OUTER_BOUND ( 'NONE', #995, .T. ) ;
#2167 = CARTESIAN_POINT ( 'NONE',  ( -8.000000000000014211, 4.360298556153079375, 0.000000000000000000 ) ) ;
#2168 = EDGE_CURVE ( 'NONE', #816, #1001, #881, .T. ) ;
#2169 = VERTEX_POINT ( 'NONE', #2152 ) ;
#2170 = FACE_OUTER_BOUND ( 'NONE', #257, .T. ) ;
#2171 = EDGE_CURVE ( 'NONE', #887, #366, #1987, .T. ) ;
#2172 = EDGE_LOOP ( 'NONE', ( #393, #1453, #643, #1521 ) ) ;
#2173 = CARTESIAN_POINT ( 'NONE',  ( 3.449747468305832676, -9.050252531694164659, 2.000000000000001776 ) ) ;
#2174 = CARTESIAN_POINT ( 'NONE',  ( 5.999999999999991118, 1.291325131713146890, -1.990739187221438389 ) ) ;
#2175 = PLANE ( 'NONE',  #376 ) ;
#2176 = AXIS2_PLACEMENT_3D ( 'NONE', #362, #157, #1504 ) ;
#2177 = VECTOR ( 'NONE', #307, 1000.000000000000000 ) ;
#2178 = CARTESIAN_POINT ( 'NONE',  ( -6.000000000000016875, -38.50007299706187069, 59.35267745037770482 ) ) ;
#2179 = CIRCLE ( 'NONE', #728, 1.000000000000001332 ) ;
#2180 = ORIENTED_EDGE ( 'NONE', *, *, #2130, .F. ) ;
#2181 = EDGE_CURVE ( 'NONE', #983, #1851, #4, .T. ) ;
#2182 = CARTESIAN_POINT ( 'NONE',  ( 6.000000000000000000, 31.45226886485754392, 17.57364417791258759 ) ) ;
ENDSEC;
END-ISO-10303-21;
