ISO-10303-21;
HEADER;
FILE_DESCRIPTION (( 'STEP AP203' ),
    '1' );
FILE_NAME ('Íâ¿Ç¹Ì¶¨¼þ_up.STEP',
    '2025-06-18T08:08:19',
    ( '' ),
    ( '' ),
    'SwSTEP 2.0',
    'SolidWorks 2024',
    '' );
FILE_SCHEMA (( 'CONFIG_CONTROL_DESIGN' ));
ENDSEC;

DATA;
#1 = LINE ( 'NONE', #1027, #816 ) ;
#2 = LINE ( 'NONE', #9, #205 ) ;
#3 = EDGE_CURVE ( 'NONE', #355, #518, #1248, .T. ) ;
#4 = ORIENTED_EDGE ( 'NONE', *, *, #563, .T. ) ;
#5 = DIRECTION ( 'NONE',  ( -0.000000000000000000, -0.000000000000000000, -1.000000000000000000 ) ) ;
#6 = VERTEX_POINT ( 'NONE', #1260 ) ;
#7 = VERTEX_POINT ( 'NONE', #1268 ) ;
#8 = DIRECTION ( 'NONE',  ( 1.000000000000000000, 0.000000000000000000, 0.000000000000000000 ) ) ;
#9 = CARTESIAN_POINT ( 'NONE',  ( 3.399747468305832854, 11.16648493118467833, 3.000000000000000000 ) ) ;
#10 = EDGE_LOOP ( 'NONE', ( #558, #1524, #1180, #1160 ) ) ;
#11 = MANIFOLD_SOLID_BREP ( 'Ô²½Ç2', #71 ) ;
#12 = FACE_BOUND ( 'NONE', #1253, .T. ) ;
#13 = DIRECTION ( 'NONE',  ( -0.000000000000000000, -0.000000000000000000, -1.000000000000000000 ) ) ;
#14 = ORIENTED_EDGE ( 'NONE', *, *, #248, .F. ) ;
#15 = AXIS2_PLACEMENT_3D ( 'NONE', #1485, #726, #466 ) ;
#16 = ORIENTED_EDGE ( 'NONE', *, *, #789, .T. ) ;
#17 = ORIENTED_EDGE ( 'NONE', *, *, #1624, .T. ) ;
#18 = DIRECTION ( 'NONE',  ( 1.000000000000000000, -1.152620842955073916E-16, 0.000000000000000000 ) ) ;
#19 = CARTESIAN_POINT ( 'NONE',  ( -1.141996145258102393E-15, 6.216737462878846543, 0.000000000000000000 ) ) ;
#20 = CARTESIAN_POINT ( 'NONE',  ( 4.949747468305833564, 11.16648493118467833, 0.000000000000000000 ) ) ;
#21 = ORIENTED_EDGE ( 'NONE', *, *, #625, .T. ) ;
#22 = VECTOR ( 'NONE', #1218, 1000.000000000000000 ) ;
#23 = FACE_BOUND ( 'NONE', #1316, .T. ) ;
#24 = EDGE_CURVE ( 'NONE', #1123, #1304, #1486, .T. ) ;
#25 = DIRECTION ( 'NONE',  ( 1.000000000000000000, 0.000000000000000000, 0.000000000000000000 ) ) ;
#26 = ORIENTED_EDGE ( 'NONE', *, *, #1022, .T. ) ;
#27 = EDGE_CURVE ( 'NONE', #635, #186, #879, .T. ) ;
#28 = ORIENTED_EDGE ( 'NONE', *, *, #592, .F. ) ;
#29 = FACE_BOUND ( 'NONE', #379, .T. ) ;
#30 = CARTESIAN_POINT ( 'NONE',  ( -6.499747468305832498, 1.266989994573012090, 3.000000000000000000 ) ) ;
#31 = DIRECTION ( 'NONE',  ( 1.000000000000000000, 0.000000000000000000, 0.000000000000000000 ) ) ;
#32 = ORIENTED_EDGE ( 'NONE', *, *, #1372, .F. ) ;
#33 = EDGE_CURVE ( 'NONE', #702, #1499, #1654, .T. ) ;
#34 = DIRECTION ( 'NONE',  ( 1.000000000000000000, 0.000000000000000000, -0.000000000000000000 ) ) ;
#35 = CARTESIAN_POINT ( 'NONE',  ( 8.000000000000003553, 13.21673746287884299, 3.000000000000000000 ) ) ;
#36 = VECTOR ( 'NONE', #395, 1000.000000000000000 ) ;
#37 = CARTESIAN_POINT ( 'NONE',  ( 4.949747468305833564, 11.16648493118467833, 3.000000000000000000 ) ) ;
#38 = CIRCLE ( 'NONE', #461, 2.000000000000000000 ) ;
#39 = DIRECTION ( 'NONE',  ( 1.000000000000000000, 0.000000000000000000, 0.000000000000000000 ) ) ;
#40 = LINE ( 'NONE', #1064, #1339 ) ;
#41 = FACE_OUTER_BOUND ( 'NONE', #125, .T. ) ;
#42 = CARTESIAN_POINT ( 'NONE',  ( -1.141996145258102393E-15, 6.216737462878846543, 3.000000000000000000 ) ) ;
#43 = CIRCLE ( 'NONE', #605, 2.000000000000000000 ) ;
#44 = ORIENTED_EDGE ( 'NONE', *, *, #867, .T. ) ;
#45 = ORIENTED_EDGE ( 'NONE', *, *, #1022, .F. ) ;
#46 =( LENGTH_UNIT ( ) NAMED_UNIT ( * ) SI_UNIT ( .MILLI., .METRE. ) );
#47 = CARTESIAN_POINT ( 'NONE',  ( -4.949747468305833564, 11.16648493118467833, 3.000000000000000000 ) ) ;
#48 = FACE_OUTER_BOUND ( 'NONE', #314, .T. ) ;
#49 = EDGE_CURVE ( 'NONE', #1466, #1507, #912, .T. ) ;
#50 = DIRECTION ( 'NONE',  ( 1.000000000000000000, 0.000000000000000000, 0.000000000000000000 ) ) ;
#51 = AXIS2_PLACEMENT_3D ( 'NONE', #784, #286, #139 ) ;
#52 = ORIENTED_EDGE ( 'NONE', *, *, #742, .T. ) ;
#53 = VERTEX_POINT ( 'NONE', #222 ) ;
#54 = DIRECTION ( 'NONE',  ( 1.000000000000000000, 0.000000000000000000, 0.000000000000000000 ) ) ;
#55 = DIRECTION ( 'NONE',  ( -1.000000000000000000, 0.000000000000000000, 0.000000000000000000 ) ) ;
#56 = VERTEX_POINT ( 'NONE', #983 ) ;
#57 = DIRECTION ( 'NONE',  ( 1.000000000000000000, 0.000000000000000000, 0.000000000000000000 ) ) ;
#58 = EDGE_CURVE ( 'NONE', #582, #1001, #882, .T. ) ;
#59 = VERTEX_POINT ( 'NONE', #745 ) ;
#60 = ORIENTED_EDGE ( 'NONE', *, *, #1214, .F. ) ;
#61 = AXIS2_PLACEMENT_3D ( 'NONE', #1572, #1318, #1047 ) ;
#62 = FACE_OUTER_BOUND ( 'NONE', #1045, .T. ) ;
#63 = DIRECTION ( 'NONE',  ( 1.000000000000000000, 0.000000000000000000, 0.000000000000000000 ) ) ;
#64 = AXIS2_PLACEMENT_3D ( 'NONE', #1377, #855, #207 ) ;
#65 = CARTESIAN_POINT ( 'NONE',  ( -4.949747468305844222, -38.83351506881533055, 3.000000000000000000 ) ) ;
#66 = ORIENTED_EDGE ( 'NONE', *, *, #992, .F. ) ;
#67 = CARTESIAN_POINT ( 'NONE',  ( -6.499747468305854703, -48.73301000542699057, 3.000000000000000000 ) ) ;
#68 = ADVANCED_FACE ( 'NONE', ( #614 ), #849, .F. ) ;
#69 = AXIS2_PLACEMENT_3D ( 'NONE', #1254, #731, #1242 ) ;
#70 = ORIENTED_EDGE ( 'NONE', *, *, #812, .T. ) ;
#71 = CLOSED_SHELL ( 'NONE', ( #857, #1088, #467, #1414, #1549, #1397, #1392, #338, #68, #757, #1571, #1104, #1459, #1437, #270, #793, #972, #1202, #316, #123, #1185, #575, #543, #808, #1007, #1322, #199, #166, #491, #1637, #437, #1586, #1303, #669, #426, #237, #899, #566, #1257, #1448, #626, #1497, #887, #864, #329, #1616 ) ) ;
#72 = EDGE_CURVE ( 'NONE', #56, #1591, #341, .T. ) ;
#73 = DIRECTION ( 'NONE',  ( 0.000000000000000000, 0.000000000000000000, 1.000000000000000000 ) ) ;
#74 = CARTESIAN_POINT ( 'NONE',  ( -3.999999999999994227, -5.733010005426987910, 0.000000000000000000 ) ) ;
#75 = DIRECTION ( 'NONE',  ( -0.000000000000000000, -0.000000000000000000, -1.000000000000000000 ) ) ;
#76 = DIRECTION ( 'NONE',  ( 0.000000000000000000, 0.000000000000000000, 1.000000000000000000 ) ) ;
#77 = PRODUCT_DEFINITION_FORMATION_WITH_SPECIFIED_SOURCE ( 'ä»', '', #753, .NOT_KNOWN. ) ;
#78 = VERTEX_POINT ( 'NONE', #1102 ) ;
#79 = EDGE_CURVE ( 'NONE', #584, #762, #1226, .T. ) ;
#80 = CARTESIAN_POINT ( 'NONE',  ( 6.000000000000014211, -6.915725057730459765E-16, 0.000000000000000000 ) ) ;
#81 = DIRECTION ( 'NONE',  ( 1.000000000000000000, 0.000000000000000000, 0.000000000000000000 ) ) ;
#82 = CARTESIAN_POINT ( 'NONE',  ( 5.000000000000005329, 13.21673746287884299, 0.000000000000000000 ) ) ;
#83 = DIRECTION ( 'NONE',  ( 0.000000000000000000, 0.000000000000000000, 1.000000000000000000 ) ) ;
#84 = ORIENTED_EDGE ( 'NONE', *, *, #536, .T. ) ;
#85 = AXIS2_PLACEMENT_3D ( 'NONE', #1449, #1188, #1325 ) ;
#86 = VECTOR ( 'NONE', #1237, 1000.000000000000000 ) ;
#87 = DIRECTION ( 'NONE',  ( 1.000000000000000000, 0.000000000000000000, 0.000000000000000000 ) ) ;
#88 = PLANE ( 'NONE',  #202 ) ;
#89 = DIRECTION ( 'NONE',  ( -0.8320502943378436100, -0.5547001962252292584, 0.000000000000000000 ) ) ;
#90 = EDGE_CURVE ( 'NONE', #1478, #1401, #1068, .T. ) ;
#91 = AXIS2_PLACEMENT_3D ( 'NONE', #244, #505, #107 ) ;
#92 = DIRECTION ( 'NONE',  ( 0.000000000000000000, 0.000000000000000000, 1.000000000000000000 ) ) ;
#93 = DIRECTION ( 'NONE',  ( -1.000000000000000000, 0.000000000000000000, 0.000000000000000000 ) ) ;
#94 = VECTOR ( 'NONE', #950, 1000.000000000000000 ) ;
#95 = ORIENTED_EDGE ( 'NONE', *, *, #625, .F. ) ;
#96 = EDGE_LOOP ( 'NONE', ( #45, #966, #1419, #342 ) ) ;
#97 = CARTESIAN_POINT ( 'NONE',  ( 6.000000000000010658, -31.83351506881532700, 3.000000000000000000 ) ) ;
#98 = CARTESIAN_POINT ( 'NONE',  ( -1.550000000000000933, 6.216737462878846543, 3.000000000000000000 ) ) ;
#99 = CARTESIAN_POINT ( 'NONE',  ( 4.949747468305821130, -38.83351506881533055, 3.000000000000000000 ) ) ;
#100 = CARTESIAN_POINT ( 'NONE',  ( 3.399747468305833298, 1.266989994573014755, 3.000000000000000000 ) ) ;
#101 = CARTESIAN_POINT ( 'NONE',  ( 4.949747468305815801, -48.73301000542698347, 3.000000000000000000 ) ) ;
#102 = ORIENTED_EDGE ( 'NONE', *, *, #583, .T. ) ;
#103 = SHAPE_DEFINITION_REPRESENTATION ( #798, #721 ) ;
#104 = EDGE_LOOP ( 'NONE', ( #1141, #1380, #1186, #1568, #567, #946, #324, #1595 ) ) ;
#105 = VECTOR ( 'NONE', #1567, 1000.000000000000000 ) ;
#106 = DIRECTION ( 'NONE',  ( -1.000000000000000000, 0.000000000000000000, 0.000000000000000000 ) ) ;
#107 = DIRECTION ( 'NONE',  ( -1.000000000000000000, 0.000000000000000000, 0.000000000000000000 ) ) ;
#108 = DIRECTION ( 'NONE',  ( 1.000000000000000000, 0.000000000000000000, 0.000000000000000000 ) ) ;
#109 = EDGE_CURVE ( 'NONE', #518, #118, #1091, .T. ) ;
#110 = DIRECTION ( 'NONE',  ( 0.000000000000000000, 0.000000000000000000, -1.000000000000000000 ) ) ;
#111 = VECTOR ( 'NONE', #1119, 1000.000000000000000 ) ;
#112 = DATE_AND_TIME ( #1374, #776 ) ;
#113 = ORIENTED_EDGE ( 'NONE', *, *, #510, .F. ) ;
#114 = EDGE_LOOP ( 'NONE', ( #746, #685 ) ) ;
#115 = CARTESIAN_POINT ( 'NONE',  ( 6.000000000000010658, -31.83351506881532700, 0.000000000000000000 ) ) ;
#116 = AXIS2_PLACEMENT_3D ( 'NONE', #1066, #413, #1588 ) ;
#117 = CYLINDRICAL_SURFACE ( 'NONE', #463, 1.550000000000004485 ) ;
#118 = VERTEX_POINT ( 'NONE', #232 ) ;
#119 = DIRECTION ( 'NONE',  ( -0.000000000000000000, -0.000000000000000000, 1.000000000000000000 ) ) ;
#120 = CARTESIAN_POINT ( 'NONE',  ( -5.999999999999992895, 5.186793793297825842E-16, 3.000000000000000000 ) ) ;
#121 = ORIENTED_EDGE ( 'NONE', *, *, #911, .T. ) ;
#122 = ORIENTED_EDGE ( 'NONE', *, *, #419, .T. ) ;
#123 = ADVANCED_FACE ( 'NONE', ( #1363 ), #735, .F. ) ;
#124 = VECTOR ( 'NONE', #1056, 1000.000000000000000 ) ;
#125 = EDGE_LOOP ( 'NONE', ( #200, #26, #323, #876 ) ) ;
#126 = VECTOR ( 'NONE', #589, 1000.000000000000000 ) ;
#127 = FACE_OUTER_BOUND ( 'NONE', #1081, .T. ) ;
#128 = DIRECTION ( 'NONE',  ( -0.000000000000000000, -0.000000000000000000, -1.000000000000000000 ) ) ;
#129 = VERTEX_POINT ( 'NONE', #856 ) ;
#130 = CARTESIAN_POINT ( 'NONE',  ( -4.949747468305844222, -38.83351506881533055, 3.000000000000000000 ) ) ;
#131 = CYLINDRICAL_SURFACE ( 'NONE', #322, 1.550000000000007150 ) ;
#132 = VERTEX_POINT ( 'NONE', #1370 ) ;
#133 = ORIENTED_EDGE ( 'NONE', *, *, #454, .F. ) ;
#134 = VERTEX_POINT ( 'NONE', #485 ) ;
#135 = CARTESIAN_POINT ( 'NONE',  ( 5.000000000000013323, -53.78326253712116056, 0.000000000000000000 ) ) ;
#136 = CARTESIAN_POINT ( 'NONE',  ( -3.399747468305841736, -38.83351506881533055, 3.000000000000000000 ) ) ;
#137 = EDGE_LOOP ( 'NONE', ( #1537, #962, #1648, #1034 ) ) ;
#138 = DIRECTION ( 'NONE',  ( 1.000000000000000000, 0.000000000000000000, 0.000000000000000000 ) ) ;
#139 = DIRECTION ( 'NONE',  ( 1.000000000000000000, 0.000000000000000000, 0.000000000000000000 ) ) ;
#140 = ORIENTED_EDGE ( 'NONE', *, *, #1210, .F. ) ;
#141 = ORIENTED_EDGE ( 'NONE', *, *, #3, .T. ) ;
#142 = EDGE_LOOP ( 'NONE', ( #850, #1393 ) ) ;
#143 = DIRECTION ( 'NONE',  ( -1.000000000000000000, 0.000000000000000000, 0.000000000000000000 ) ) ;
#144 = DIRECTION ( 'NONE',  ( -1.000000000000000000, 0.000000000000000000, 0.000000000000000000 ) ) ;
#145 = EDGE_CURVE ( 'NONE', #1667, #269, #1005, .T. ) ;
#146 = CARTESIAN_POINT ( 'NONE',  ( -7.284582709440527104, -4.856388472960350811, 3.000000000000000000 ) ) ;
#147 = ORIENTED_EDGE ( 'NONE', *, *, #516, .F. ) ;
#148 = CARTESIAN_POINT ( 'NONE',  ( 3.399747468305808873, -48.73301000542698347, 3.000000000000000000 ) ) ;
#149 = EDGE_CURVE ( 'NONE', #6, #1299, #1501, .T. ) ;
#150 = DIRECTION ( 'NONE',  ( -0.000000000000000000, -0.000000000000000000, -1.000000000000000000 ) ) ;
#151 = AXIS2_PLACEMENT_3D ( 'NONE', #65, #1493, #327 ) ;
#152 = AXIS2_PLACEMENT_3D ( 'NONE', #1496, #1126, #733 ) ;
#153 = ORIENTED_EDGE ( 'NONE', *, *, #1513, .F. ) ;
#154 = FACE_BOUND ( 'NONE', #471, .T. ) ;
#155 = AXIS2_PLACEMENT_3D ( 'NONE', #37, #197, #802 ) ;
#156 = DIRECTION ( 'NONE',  ( -1.000000000000000000, 0.000000000000000000, 0.000000000000000000 ) ) ;
#157 = CARTESIAN_POINT ( 'NONE',  ( 1.862955085389238467E-15, -43.78326253712115346, 0.000000000000000000 ) ) ;
#158 = DIRECTION ( 'NONE',  ( 0.000000000000000000, 0.000000000000000000, 1.000000000000000000 ) ) ;
#159 = APPROVAL ( #489, 'æœª' ) ;
#160 = VERTEX_POINT ( 'NONE', #596 ) ;
#161 = CARTESIAN_POINT ( 'NONE',  ( 6.499747468305833387, 1.266989994573014977, 3.000000000000000000 ) ) ;
#162 = LOCAL_TIME ( 16, 8, 19.00000000000000000, #1271 ) ;
#163 = CARTESIAN_POINT ( 'NONE',  ( 4.949747468305833564, 1.266989994573014755, 3.000000000000000000 ) ) ;
#164 = DIRECTION ( 'NONE',  ( 0.000000000000000000, 0.000000000000000000, 1.000000000000000000 ) ) ;
#165 = LINE ( 'NONE', #1189, #1061 ) ;
#166 = ADVANCED_FACE ( 'NONE', ( #1111 ), #1627, .F. ) ;
#167 = VERTEX_POINT ( 'NONE', #507 ) ;
#168 = CARTESIAN_POINT ( 'NONE',  ( -3.999999999999995559, -31.83351506881532700, 3.000000000000000000 ) ) ;
#169 = FACE_BOUND ( 'NONE', #1234, .T. ) ;
#170 = VECTOR ( 'NONE', #1057, 1000.000000000000000 ) ;
#171 = DIRECTION ( 'NONE',  ( 0.000000000000000000, 0.000000000000000000, 1.000000000000000000 ) ) ;
#172 = AXIS2_PLACEMENT_3D ( 'NONE', #1326, #442, #50 ) ;
#173 = AXIS2_PLACEMENT_3D ( 'NONE', #1037, #410, #1455 ) ;
#174 = ORIENTED_EDGE ( 'NONE', *, *, #1450, .F. ) ;
#175 = CIRCLE ( 'NONE', #15, 2.000000000000000000 ) ;
#176 = EDGE_CURVE ( 'NONE', #1550, #1123, #825, .T. ) ;
#177 = PERSON_AND_ORGANIZATION ( #639, #449 ) ;
#178 = DIRECTION ( 'NONE',  ( -1.000000000000000000, 0.000000000000000000, 0.000000000000000000 ) ) ;
#179 = CARTESIAN_POINT ( 'NONE',  ( 1.862955085389238467E-15, -43.78326253712115346, 0.000000000000000000 ) ) ;
#180 = ORIENTED_EDGE ( 'NONE', *, *, #176, .T. ) ;
#181 = ORIENTED_EDGE ( 'NONE', *, *, #183, .F. ) ;
#182 = CARTESIAN_POINT ( 'NONE',  ( -7.999999999999986677, -50.78326253712116056, 3.000000000000000000 ) ) ;
#183 = EDGE_CURVE ( 'NONE', #1611, #1667, #921, .T. ) ;
#184 = LINE ( 'NONE', #1082, #124 ) ;
#185 = DIRECTION ( 'NONE',  ( -1.000000000000000000, 0.000000000000000000, 0.000000000000000000 ) ) ;
#186 = VERTEX_POINT ( 'NONE', #1306 ) ;
#187 = AXIS2_PLACEMENT_3D ( 'NONE', #1075, #1461, #1334 ) ;
#188 = LINE ( 'NONE', #1058, #1577 ) ;
#189 = VECTOR ( 'NONE', #1151, 1000.000000000000000 ) ;
#190 = ORIENTED_EDGE ( 'NONE', *, *, #58, .T. ) ;
#191 = ORIENTED_EDGE ( 'NONE', *, *, #1417, .T. ) ;
#192 = CALENDAR_DATE ( 2025, 18, 6 ) ;
#193 = CARTESIAN_POINT ( 'NONE',  ( 6.499747468305833387, 1.266989994573014977, 0.000000000000000000 ) ) ;
#194 = EDGE_CURVE ( 'NONE', #1103, #862, #535, .T. ) ;
#195 = CARTESIAN_POINT ( 'NONE',  ( 0.000000000000000000, -3.733010005426987910, 3.000000000000000000 ) ) ;
#196 = ORIENTED_EDGE ( 'NONE', *, *, #1417, .F. ) ;
#197 = DIRECTION ( 'NONE',  ( 0.000000000000000000, 0.000000000000000000, 1.000000000000000000 ) ) ;
#198 = VECTOR ( 'NONE', #185, 1000.000000000000000 ) ;
#199 = ADVANCED_FACE ( 'NONE', ( #517 ), #131, .F. ) ;
#200 = ORIENTED_EDGE ( 'NONE', *, *, #1312, .T. ) ;
#201 = VERTEX_POINT ( 'NONE', #1435 ) ;
#202 = AXIS2_PLACEMENT_3D ( 'NONE', #1535, #1020, #343 ) ;
#203 = DATE_AND_TIME ( #192, #920 ) ;
#204 = FACE_OUTER_BOUND ( 'NONE', #1475, .T. ) ;
#205 = VECTOR ( 'NONE', #128, 1000.000000000000000 ) ;
#206 = DIRECTION ( 'NONE',  ( -1.000000000000000000, 0.000000000000000000, 0.000000000000000000 ) ) ;
#207 = DIRECTION ( 'NONE',  ( 1.000000000000000000, 0.000000000000000000, 0.000000000000000000 ) ) ;
#208 = VECTOR ( 'NONE', #881, 1000.000000000000000 ) ;
#209 = DIRECTION ( 'NONE',  ( 0.000000000000000000, 0.000000000000000000, -1.000000000000000000 ) ) ;
#210 = VECTOR ( 'NONE', #722, 1000.000000000000000 ) ;
#211 = ORIENTED_EDGE ( 'NONE', *, *, #1097, .T. ) ;
#212 = CARTESIAN_POINT ( 'NONE',  ( -4.999999999999985789, -50.78326253712116056, 0.000000000000000000 ) ) ;
#213 = DIRECTION ( 'NONE',  ( -0.000000000000000000, -0.000000000000000000, -1.000000000000000000 ) ) ;
#214 = DIRECTION ( 'NONE',  ( 0.000000000000000000, 0.000000000000000000, 1.000000000000000000 ) ) ;
#215 = CARTESIAN_POINT ( 'NONE',  ( -3.999999999999994227, -6.177711261657162112, 0.000000000000000000 ) ) ;
#216 = ORIENTED_EDGE ( 'NONE', *, *, #867, .F. ) ;
#217 = EDGE_CURVE ( 'NONE', #1304, #883, #834, .T. ) ;
#218 = CARTESIAN_POINT ( 'NONE',  ( -3.999999999999994227, -3.733010005426987910, 0.000000000000000000 ) ) ;
#219 = CARTESIAN_POINT ( 'NONE',  ( 5.664100588675695214, -30.27941342013468784, 3.000000000000000000 ) ) ;
#220 = FACE_OUTER_BOUND ( 'NONE', #1353, .T. ) ;
#221 = CARTESIAN_POINT ( 'NONE',  ( 8.000000000000003553, 13.21673746287884299, 3.000000000000000000 ) ) ;
#222 = CARTESIAN_POINT ( 'NONE',  ( 4.000000000000013323, -3.733010005426987910, 3.000000000000000000 ) ) ;
#223 = ORIENTED_EDGE ( 'NONE', *, *, #90, .F. ) ;
#224 = VERTEX_POINT ( 'NONE', #1408 ) ;
#225 = ORIENTED_EDGE ( 'NONE', *, *, #932, .T. ) ;
#226 = DIRECTION ( 'NONE',  ( 0.000000000000000000, 0.000000000000000000, 1.000000000000000000 ) ) ;
#227 = EDGE_CURVE ( 'NONE', #1401, #830, #767, .T. ) ;
#228 = CARTESIAN_POINT ( 'NONE',  ( 6.499747468305822728, -48.73301000542698347, 3.000000000000000000 ) ) ;
#229 = CARTESIAN_POINT ( 'NONE',  ( 4.949747468305821130, -38.83351506881533055, 3.000000000000000000 ) ) ;
#230 = VECTOR ( 'NONE', #1258, 1000.000000000000000 ) ;
#231 = CARTESIAN_POINT ( 'NONE',  ( 3.399747468305818643, -38.83351506881533055, 3.000000000000000000 ) ) ;
#232 = CARTESIAN_POINT ( 'NONE',  ( 2.335899411324325214, -19.28711165410763329, 3.000000000000000000 ) ) ;
#233 = AXIS2_PLACEMENT_3D ( 'NONE', #1439, #621, #755 ) ;
#234 = EDGE_LOOP ( 'NONE', ( #1261, #838 ) ) ;
#235 = ORIENTED_EDGE ( 'NONE', *, *, #1634, .T. ) ;
#236 = DIRECTION ( 'NONE',  ( -0.000000000000000000, -0.000000000000000000, 1.000000000000000000 ) ) ;
#237 = ADVANCED_FACE ( 'NONE', ( #405 ), #1287, .F. ) ;
#238 = DIRECTION ( 'NONE',  ( 0.000000000000000000, 0.000000000000000000, 1.000000000000000000 ) ) ;
#239 = CARTESIAN_POINT ( 'NONE',  ( -3.399747468305832410, 1.266989994573012313, 3.000000000000000000 ) ) ;
#240 = DIRECTION ( 'NONE',  ( -0.000000000000000000, -0.000000000000000000, -1.000000000000000000 ) ) ;
#241 = ORIENTED_EDGE ( 'NONE', *, *, #924, .T. ) ;
#242 = EDGE_LOOP ( 'NONE', ( #1282, #580, #1669, #1328 ) ) ;
#243 = CYLINDRICAL_SURFACE ( 'NONE', #1192, 2.000000000000000000 ) ;
#244 = CARTESIAN_POINT ( 'NONE',  ( -3.999999999999994227, -6.177711261657162112, 3.000000000000000000 ) ) ;
#245 = ORIENTED_EDGE ( 'NONE', *, *, #408, .T. ) ;
#246 = CARTESIAN_POINT ( 'NONE',  ( -6.499747468305847597, -38.83351506881533055, 3.000000000000000000 ) ) ;
#247 = DIRECTION ( 'NONE',  ( -0.000000000000000000, -0.000000000000000000, -1.000000000000000000 ) ) ;
#248 = EDGE_CURVE ( 'NONE', #1347, #751, #1024, .T. ) ;
#249 = ORIENTED_EDGE ( 'NONE', *, *, #615, .T. ) ;
#250 = CIRCLE ( 'NONE', #1059, 3.000000000000000888 ) ;
#251 = ORIENTED_EDGE ( 'NONE', *, *, #1224, .T. ) ;
#252 = CARTESIAN_POINT ( 'NONE',  ( 3.399747468305833298, 1.266989994573014755, 3.000000000000000000 ) ) ;
#253 = CIRCLE ( 'NONE', #1519, 1.550000000000007150 ) ;
#254 = FACE_OUTER_BOUND ( 'NONE', #501, .T. ) ;
#255 = ORIENTED_EDGE ( 'NONE', *, *, #712, .T. ) ;
#256 = DIRECTION ( 'NONE',  ( 1.000000000000000000, 0.000000000000000000, 0.000000000000000000 ) ) ;
#257 = CIRCLE ( 'NONE', #152, 2.000000000000000000 ) ;
#258 = DIRECTION ( 'NONE',  ( 1.000000000000000000, 1.040834085586084257E-14, 0.000000000000000000 ) ) ;
#259 = EDGE_CURVE ( 'NONE', #1507, #820, #1546, .T. ) ;
#260 = PRODUCT_DEFINITION ( 'æœ', '', #77, #1547 ) ;
#261 = EDGE_LOOP ( 'NONE', ( #520, #1345, #969, #796 ) ) ;
#262 = AXIS2_PLACEMENT_3D ( 'NONE', #1383, #1609, #63 ) ;
#263 = ORIENTED_EDGE ( 'NONE', *, *, #1193, .T. ) ;
#264 = VECTOR ( 'NONE', #1521, 1000.000000000000000 ) ;
#265 = DIRECTION ( 'NONE',  ( 1.000000000000000000, 0.000000000000000000, 0.000000000000000000 ) ) ;
#266 = CARTESIAN_POINT ( 'NONE',  ( 6.000000000000014211, -6.915725057730459765E-16, 3.000000000000000000 ) ) ;
#267 = CARTESIAN_POINT ( 'NONE',  ( -4.949747468305846887, -48.73301000542699057, 3.000000000000000000 ) ) ;
#268 = FACE_OUTER_BOUND ( 'NONE', #1348, .T. ) ;
#269 = VERTEX_POINT ( 'NONE', #1425 ) ;
#270 = ADVANCED_FACE ( 'NONE', ( #268 ), #1539, .T. ) ;
#271 = ORIENTED_EDGE ( 'NONE', *, *, #510, .T. ) ;
#272 = ORIENTED_EDGE ( 'NONE', *, *, #386, .T. ) ;
#273 = EDGE_CURVE ( 'NONE', #1096, #371, #928, .T. ) ;
#274 = CIRCLE ( 'NONE', #478, 1.550000000000000266 ) ;
#275 = FACE_BOUND ( 'NONE', #863, .T. ) ;
#276 = DIRECTION ( 'NONE',  ( -1.152620842955073916E-16, -1.000000000000000000, 0.000000000000000000 ) ) ;
#277 = CARTESIAN_POINT ( 'NONE',  ( 1.550000000000006484, -43.78326253712115346, 0.000000000000000000 ) ) ;
#278 = DIRECTION ( 'NONE',  ( 0.000000000000000000, 0.000000000000000000, 1.000000000000000000 ) ) ;
#279 = ORIENTED_EDGE ( 'NONE', *, *, #992, .T. ) ;
#280 = ORIENTED_EDGE ( 'NONE', *, *, #433, .F. ) ;
#281 = VECTOR ( 'NONE', #504, 1000.000000000000000 ) ;
#282 = PLANE ( 'NONE',  #1110 ) ;
#283 = EDGE_CURVE ( 'NONE', #762, #584, #778, .T. ) ;
#284 = EDGE_CURVE ( 'NONE', #78, #451, #274, .T. ) ;
#285 = FACE_BOUND ( 'NONE', #1391, .T. ) ;
#286 = DIRECTION ( 'NONE',  ( 0.000000000000000000, 0.000000000000000000, 1.000000000000000000 ) ) ;
#287 = AXIS2_PLACEMENT_3D ( 'NONE', #698, #1368, #1610 ) ;
#288 = CIRCLE ( 'NONE', #1087, 2.000000000000000000 ) ;
#289 = ORIENTED_EDGE ( 'NONE', *, *, #487, .T. ) ;
#290 = CARTESIAN_POINT ( 'NONE',  ( 4.000000000000012434, -18.17771126165716922, 3.000000000000000000 ) ) ;
#291 = VECTOR ( 'NONE', #110, 1000.000000000000000 ) ;
#292 = CARTESIAN_POINT ( 'NONE',  ( -3.999999999999995559, -19.38881381258514480, 3.000000000000000000 ) ) ;
#293 = EDGE_CURVE ( 'NONE', #654, #702, #1434, .T. ) ;
#294 = DIRECTION ( 'NONE',  ( 0.000000000000000000, 0.000000000000000000, 1.000000000000000000 ) ) ;
#295 = DIRECTION ( 'NONE',  ( 0.000000000000000000, 0.000000000000000000, 1.000000000000000000 ) ) ;
#296 = ORIENTED_EDGE ( 'NONE', *, *, #49, .F. ) ;
#297 = FACE_BOUND ( 'NONE', #1049, .T. ) ;
#298 = AXIS2_PLACEMENT_3D ( 'NONE', #1599, #304, #54 ) ;
#299 = CARTESIAN_POINT ( 'NONE',  ( -7.999999999999992895, 13.21673746287884121, 3.000000000000000000 ) ) ;
#300 = CYLINDRICAL_SURFACE ( 'NONE', #680, 1.550000000000000488 ) ;
#301 = ORIENTED_EDGE ( 'NONE', *, *, #302, .F. ) ;
#302 = EDGE_CURVE ( 'NONE', #1073, #1514, #670, .T. ) ;
#303 = ORIENTED_EDGE ( 'NONE', *, *, #671, .T. ) ;
#304 = DIRECTION ( 'NONE',  ( 0.000000000000000000, 0.000000000000000000, 1.000000000000000000 ) ) ;
#305 = DIRECTION ( 'NONE',  ( -8.644656322163053752E-17, -1.000000000000000000, 0.000000000000000000 ) ) ;
#306 = PLANE ( 'NONE',  #662 ) ;
#307 = AXIS2_PLACEMENT_3D ( 'NONE', #168, #1155, #144 ) ;
#308 = ORIENTED_EDGE ( 'NONE', *, *, #487, .F. ) ;
#309 = VECTOR ( 'NONE', #917, 1000.000000000000000 ) ;
#310 = PERSON_AND_ORGANIZATION ( #639, #449 ) ;
#311 = FACE_OUTER_BOUND ( 'NONE', #1661, .T. ) ;
#312 = FACE_OUTER_BOUND ( 'NONE', #1273, .T. ) ;
#313 = AXIS2_PLACEMENT_3D ( 'NONE', #326, #226, #1236 ) ;
#314 = EDGE_LOOP ( 'NONE', ( #1240, #255, #1480, #1144 ) ) ;
#315 = EDGE_LOOP ( 'NONE', ( #113, #1454, #223, #1427 ) ) ;
#316 = ADVANCED_FACE ( 'NONE', ( #1016 ), #897, .F. ) ;
#317 = APPROVAL_DATE_TIME ( #569, #1120 ) ;
#318 = EDGE_CURVE ( 'NONE', #529, #7, #1279, .T. ) ;
#319 = DIRECTION ( 'NONE',  ( 1.000000000000000000, 0.000000000000000000, 0.000000000000000000 ) ) ;
#320 = ORIENTED_EDGE ( 'NONE', *, *, #1269, .T. ) ;
#321 = DIRECTION ( 'NONE',  ( -1.000000000000000000, 0.000000000000000000, 0.000000000000000000 ) ) ;
#322 = AXIS2_PLACEMENT_3D ( 'NONE', #1159, #150, #527 ) ;
#323 = ORIENTED_EDGE ( 'NONE', *, *, #1289, .F. ) ;
#324 = ORIENTED_EDGE ( 'NONE', *, *, #943, .F. ) ;
#325 = PERSON_AND_ORGANIZATION ( #639, #449 ) ;
#326 = CARTESIAN_POINT ( 'NONE',  ( -4.949747468305844222, -38.83351506881533055, 3.000000000000000000 ) ) ;
#327 = DIRECTION ( 'NONE',  ( 1.000000000000000000, 0.000000000000000000, 0.000000000000000000 ) ) ;
#328 = ORIENTED_EDGE ( 'NONE', *, *, #1044, .T. ) ;
#329 = ADVANCED_FACE ( 'NONE', ( #542 ), #1576, .F. ) ;
#330 = DIRECTION ( 'NONE',  ( 0.000000000000000000, 0.000000000000000000, -1.000000000000000000 ) ) ;
#331 = AXIS2_PLACEMENT_3D ( 'NONE', #1040, #1070, #1305 ) ;
#332 = CARTESIAN_POINT ( 'NONE',  ( 4.949747468305833564, 11.16648493118467833, 3.000000000000000000 ) ) ;
#333 = ORIENTED_EDGE ( 'NONE', *, *, #1142, .T. ) ;
#334 = CIRCLE ( 'NONE', #763, 1.550000000000002709 ) ;
#335 = DATE_AND_TIME ( #1615, #695 ) ;
#336 = CARTESIAN_POINT ( 'NONE',  ( -3.999999999999994227, -6.177711261657162112, 3.000000000000000000 ) ) ;
#337 = CARTESIAN_POINT ( 'NONE',  ( -3.399747468305839959, -48.73301000542699057, 3.000000000000000000 ) ) ;
#338 = ADVANCED_FACE ( 'NONE', ( #557 ), #300, .F. ) ;
#339 = EDGE_CURVE ( 'NONE', #993, #627, #692, .T. ) ;
#340 = CIRCLE ( 'NONE', #1013, 1.550000000000000488 ) ;
#341 = LINE ( 'NONE', #352, #126 ) ;
#342 = ORIENTED_EDGE ( 'NONE', *, *, #1569, .F. ) ;
#343 = DIRECTION ( 'NONE',  ( 0.000000000000000000, -0.000000000000000000, -1.000000000000000000 ) ) ;
#344 = CARTESIAN_POINT ( 'NONE',  ( -5.999999999999993783, -5.733010005426987910, 3.000000000000000000 ) ) ;
#345 = CARTESIAN_POINT ( 'NONE',  ( -1.550000000000002487, -43.78326253712115346, 3.000000000000000000 ) ) ;
#346 = EDGE_CURVE ( 'NONE', #1611, #1074, #188, .T. ) ;
#347 = VERTEX_POINT ( 'NONE', #1354 ) ;
#348 = DIRECTION ( 'NONE',  ( -1.000000000000000000, 0.000000000000000000, 0.000000000000000000 ) ) ;
#349 = ORIENTED_EDGE ( 'NONE', *, *, #809, .F. ) ;
#350 = DIRECTION ( 'NONE',  ( -1.000000000000000000, 0.000000000000000000, 0.000000000000000000 ) ) ;
#351 = CARTESIAN_POINT ( 'NONE',  ( 4.949747468305833564, 1.266989994573014755, 0.000000000000000000 ) ) ;
#352 = CARTESIAN_POINT ( 'NONE',  ( 8.000000000000015987, -53.78326253712116056, 0.000000000000000000 ) ) ;
#353 = EDGE_CURVE ( 'NONE', #885, #509, #846, .T. ) ;
#354 = VERTEX_POINT ( 'NONE', #1472 ) ;
#355 = VERTEX_POINT ( 'NONE', #675 ) ;
#356 = VECTOR ( 'NONE', #988, 1000.000000000000000 ) ;
#357 = CARTESIAN_POINT ( 'NONE',  ( 4.949747468305815801, -48.73301000542698347, 3.000000000000000000 ) ) ;
#358 = CARTESIAN_POINT ( 'NONE',  ( -4.949747468305844222, -38.83351506881533055, 3.000000000000000000 ) ) ;
#359 = CIRCLE ( 'NONE', #1655, 1.550000000000000266 ) ;
#360 = DIRECTION ( 'NONE',  ( -1.000000000000000000, 0.000000000000000000, 0.000000000000000000 ) ) ;
#361 = DIRECTION ( 'NONE',  ( 1.000000000000000000, 0.000000000000000000, 0.000000000000000000 ) ) ;
#362 = PERSON_AND_ORGANIZATION ( #639, #449 ) ;
#363 = ORIENTED_EDGE ( 'NONE', *, *, #476, .T. ) ;
#364 = EDGE_CURVE ( 'NONE', #134, #1390, #761, .T. ) ;
#365 = CYLINDRICAL_SURFACE ( 'NONE', #713, 2.000000000000000000 ) ;
#366 = CARTESIAN_POINT ( 'NONE',  ( -1.141996145258102393E-15, 6.216737462878846543, 3.000000000000000000 ) ) ;
#367 = EDGE_CURVE ( 'NONE', #1074, #269, #1227, .T. ) ;
#368 = LINE ( 'NONE', #246, #842 ) ;
#369 = CARTESIAN_POINT ( 'NONE',  ( 8.000000000000003553, 13.21673746287884299, 3.000000000000000000 ) ) ;
#370 = ORIENTED_EDGE ( 'NONE', *, *, #528, .T. ) ;
#371 = VERTEX_POINT ( 'NONE', #432 ) ;
#372 = CYLINDRICAL_SURFACE ( 'NONE', #552, 2.000000000000000000 ) ;
#373 = DIRECTION ( 'NONE',  ( 0.000000000000000000, 0.000000000000000000, 1.000000000000000000 ) ) ;
#374 = CARTESIAN_POINT ( 'NONE',  ( -3.399747468305832854, 11.16648493118467833, 0.000000000000000000 ) ) ;
#375 = FACE_OUTER_BOUND ( 'NONE', #137, .T. ) ;
#376 = APPROVAL ( #679, 'æœª' ) ;
#377 = DIRECTION ( 'NONE',  ( 1.000000000000000000, 0.000000000000000000, 0.000000000000000000 ) ) ;
#378 = AXIS2_PLACEMENT_3D ( 'NONE', #351, #1528, #613 ) ;
#379 = EDGE_LOOP ( 'NONE', ( #866, #647 ) ) ;
#380 = ORIENTED_EDGE ( 'NONE', *, *, #353, .T. ) ;
#381 = FACE_BOUND ( 'NONE', #736, .T. ) ;
#382 = AXIS2_PLACEMENT_3D ( 'NONE', #1301, #511, #788 ) ;
#383 = LINE ( 'NONE', #1651, #853 ) ;
#384 = ORIENTED_EDGE ( 'NONE', *, *, #583, .F. ) ;
#385 = DIRECTION ( 'NONE',  ( -0.000000000000000000, -0.000000000000000000, -1.000000000000000000 ) ) ;
#386 = EDGE_CURVE ( 'NONE', #627, #1103, #1149, .T. ) ;
#387 = EDGE_CURVE ( 'NONE', #132, #347, #880, .T. ) ;
#388 = CARTESIAN_POINT ( 'NONE',  ( -5.999999999999994671, -19.38881381258514480, 3.000000000000000000 ) ) ;
#389 = ORIENTED_EDGE ( 'NONE', *, *, #149, .F. ) ;
#390 = EDGE_CURVE ( 'NONE', #638, #1122, #1315, .T. ) ;
#391 = VERTEX_POINT ( 'NONE', #1321 ) ;
#392 = VECTOR ( 'NONE', #119, 1000.000000000000000 ) ;
#393 = FACE_OUTER_BOUND ( 'NONE', #490, .T. ) ;
#394 = CYLINDRICAL_SURFACE ( 'NONE', #91, 2.000000000000000000 ) ;
#395 = DIRECTION ( 'NONE',  ( -0.000000000000000000, -0.000000000000000000, 1.000000000000000000 ) ) ;
#396 = CARTESIAN_POINT ( 'NONE',  ( 1.862955085389238467E-15, -43.78326253712115346, 3.000000000000000000 ) ) ;
#397 = ORIENTED_EDGE ( 'NONE', *, *, #690, .F. ) ;
#398 = VERTEX_POINT ( 'NONE', #1086 ) ;
#399 = EDGE_CURVE ( 'NONE', #770, #518, #165, .T. ) ;
#400 = ORIENTED_EDGE ( 'NONE', *, *, #738, .T. ) ;
#401 = FACE_BOUND ( 'NONE', #114, .T. ) ;
#402 = LINE ( 'NONE', #1021, #1418 ) ;
#403 = ORIENTED_EDGE ( 'NONE', *, *, #109, .T. ) ;
#404 = CARTESIAN_POINT ( 'NONE',  ( -6.499747468305833387, 11.16648493118467833, 3.000000000000000000 ) ) ;
#405 = FACE_OUTER_BOUND ( 'NONE', #1338, .T. ) ;
#406 = VERTEX_POINT ( 'NONE', #701 ) ;
#407 = ORIENTED_EDGE ( 'NONE', *, *, #812, .F. ) ;
#408 = EDGE_CURVE ( 'NONE', #715, #915, #1489, .T. ) ;
#409 = CIRCLE ( 'NONE', #1217, 2.000000000000000000 ) ;
#410 = DIRECTION ( 'NONE',  ( 0.000000000000000000, 0.000000000000000000, 1.000000000000000000 ) ) ;
#411 = CARTESIAN_POINT ( 'NONE',  ( 6.499747468305822728, -48.73301000542698347, 3.000000000000000000 ) ) ;
#412 = LINE ( 'NONE', #534, #36 ) ;
#413 = DIRECTION ( 'NONE',  ( 0.000000000000000000, 0.000000000000000000, 1.000000000000000000 ) ) ;
#414 = AXIS2_PLACEMENT_3D ( 'NONE', #565, #1213, #31 ) ;
#415 = ORIENTED_EDGE ( 'NONE', *, *, #1243, .F. ) ;
#416 = CYLINDRICAL_SURFACE ( 'NONE', #307, 2.000000000000000000 ) ;
#417 = CIRCLE ( 'NONE', #963, 2.000000000000000000 ) ;
#418 = FACE_BOUND ( 'NONE', #502, .T. ) ;
#419 = EDGE_CURVE ( 'NONE', #1667, #1611, #1601, .T. ) ;
#420 = DIRECTION ( 'NONE',  ( 1.000000000000000000, -8.644656322163052519E-17, 0.000000000000000000 ) ) ;
#421 = ORIENTED_EDGE ( 'NONE', *, *, #503, .T. ) ;
#422 = MECHANICAL_CONTEXT ( 'NONE', #704, 'mechanical' ) ;
#423 = DIRECTION ( 'NONE',  ( 0.000000000000000000, 0.000000000000000000, 1.000000000000000000 ) ) ;
#424 = LINE ( 'NONE', #1484, #629 ) ;
#425 = DIRECTION ( 'NONE',  ( 1.000000000000000000, 0.000000000000000000, 0.000000000000000000 ) ) ;
#426 = ADVANCED_FACE ( 'NONE', ( #312 ), #828, .T. ) ;
#427 = PRODUCT_RELATED_PRODUCT_CATEGORY ( 'detail', '', ( #753 ) ) ;
#428 = ORIENTED_EDGE ( 'NONE', *, *, #602, .F. ) ;
#429 = ORIENTED_EDGE ( 'NONE', *, *, #723, .F. ) ;
#430 = DIRECTION ( 'NONE',  ( 0.000000000000000000, 0.000000000000000000, 1.000000000000000000 ) ) ;
#431 = CARTESIAN_POINT ( 'NONE',  ( 8.000000000000003553, 13.21673746287884299, 3.000000000000000000 ) ) ;
#432 = CARTESIAN_POINT ( 'NONE',  ( 8.000000000000003553, 13.21673746287884299, 0.000000000000000000 ) ) ;
#433 = EDGE_CURVE ( 'NONE', #509, #804, #1457, .T. ) ;
#434 = CIRCLE ( 'NONE', #550, 1.550000000000000044 ) ;
#435 = VERTEX_POINT ( 'NONE', #683 ) ;
#436 = EDGE_LOOP ( 'NONE', ( #537, #694, #216, #608 ) ) ;
#437 = ADVANCED_FACE ( 'NONE', ( #952 ), #306, .F. ) ;
#438 = CIRCLE ( 'NONE', #526, 1.550000000000000044 ) ;
#439 =( NAMED_UNIT ( * ) SI_UNIT ( $, .STERADIAN. ) SOLID_ANGLE_UNIT ( ) );
#440 = CYLINDRICAL_SURFACE ( 'NONE', #1444, 1.550000000000000266 ) ;
#441 = ORIENTED_EDGE ( 'NONE', *, *, #516, .T. ) ;
#442 = DIRECTION ( 'NONE',  ( 0.000000000000000000, 0.000000000000000000, 1.000000000000000000 ) ) ;
#443 = EDGE_LOOP ( 'NONE', ( #1270, #1443 ) ) ;
#444 = EDGE_LOOP ( 'NONE', ( #349, #1000, #714, #32 ) ) ;
#445 = ORIENTED_EDGE ( 'NONE', *, *, #1138, .T. ) ;
#446 = EDGE_CURVE ( 'NONE', #371, #1514, #1010, .T. ) ;
#447 = APPROVAL_ROLE ( '' ) ;
#448 = CARTESIAN_POINT ( 'NONE',  ( -4.949747468305832676, 1.266989994573012090, 3.000000000000000000 ) ) ;
#449 = ORGANIZATION ( 'æœª', 'æœª', '' ) ;
#450 = CARTESIAN_POINT ( 'NONE',  ( -2.335899411324308783, -18.27941342013468429, 0.000000000000000000 ) ) ;
#451 = VERTEX_POINT ( 'NONE', #594 ) ;
#452 = ORIENTED_EDGE ( 'NONE', *, *, #922, .T. ) ;
#453 = APPLICATION_PROTOCOL_DEFINITION ( 'international standard', 'config_control_design', 1994, #704 ) ;
#454 = EDGE_CURVE ( 'NONE', #1481, #167, #904, .T. ) ;
#455 = PLANE ( 'NONE',  #1500 ) ;
#456 = DIRECTION ( 'NONE',  ( -0.000000000000000000, -0.000000000000000000, -1.000000000000000000 ) ) ;
#457 = CARTESIAN_POINT ( 'NONE',  ( -10.05381347867129982, -6.702542319114202840, 3.000000000000000000 ) ) ;
#458 = AXIS2_PLACEMENT_3D ( 'NONE', #1136, #1259, #1029 ) ;
#459 = DIRECTION ( 'NONE',  ( 1.000000000000000000, 0.000000000000000000, 0.000000000000000000 ) ) ;
#460 = AXIS2_PLACEMENT_3D ( 'NONE', #1582, #171, #57 ) ;
#461 = AXIS2_PLACEMENT_3D ( 'NONE', #336, #979, #1106 ) ;
#462 = ORIENTED_EDGE ( 'NONE', *, *, #1428, .T. ) ;
#463 = AXIS2_PLACEMENT_3D ( 'NONE', #532, #1164, #524 ) ;
#464 = LINE ( 'NONE', #1492, #22 ) ;
#465 = CARTESIAN_POINT ( 'NONE',  ( -5.999999999999994671, -19.38881381258514480, 0.000000000000000000 ) ) ;
#466 = DIRECTION ( 'NONE',  ( 1.000000000000000000, 0.000000000000000000, 0.000000000000000000 ) ) ;
#467 = ADVANCED_FACE ( 'NONE', ( #1003 ), #989, .F. ) ;
#468 = AXIS2_PLACEMENT_3D ( 'NONE', #1004, #92, #1398 ) ;
#469 = CARTESIAN_POINT ( 'NONE',  ( 8.000000000000015987, -53.78326253712116056, 10.00000000000000000 ) ) ;
#470 = AXIS2_PLACEMENT_3D ( 'NONE', #101, #1129, #1645 ) ;
#471 = EDGE_LOOP ( 'NONE', ( #780, #181 ) ) ;
#472 = DIRECTION ( 'NONE',  ( -1.000000000000000000, 0.000000000000000000, 0.000000000000000000 ) ) ;
#473 = CARTESIAN_POINT ( 'NONE',  ( 4.000000000000010658, -33.83351506881533055, 0.000000000000000000 ) ) ;
#474 = DIRECTION ( 'NONE',  ( 0.5547001962252292584, -0.8320502943378436100, 0.000000000000000000 ) ) ;
#475 = DIRECTION ( 'NONE',  ( -1.517883041479706208E-16, 1.000000000000000000, -0.000000000000000000 ) ) ;
#476 = EDGE_CURVE ( 'NONE', #1132, #1103, #1625, .T. ) ;
#477 = CARTESIAN_POINT ( 'NONE',  ( 6.000000000000010658, -31.38881381258514480, 3.000000000000000000 ) ) ;
#478 = AXIS2_PLACEMENT_3D ( 'NONE', #651, #1168, #1442 ) ;
#479 = ORIENTED_EDGE ( 'NONE', *, *, #227, .T. ) ;
#480 = ORIENTED_EDGE ( 'NONE', *, *, #399, .T. ) ;
#481 = DIRECTION ( 'NONE',  ( -1.000000000000000000, 0.000000000000000000, 0.000000000000000000 ) ) ;
#482 = LINE ( 'NONE', #1011, #848 ) ;
#483 = CARTESIAN_POINT ( 'NONE',  ( 5.000000000000005329, -53.78326253712116767, 3.000000000000000000 ) ) ;
#484 = CYLINDRICAL_SURFACE ( 'NONE', #1575, 1.550000000000002709 ) ;
#485 = CARTESIAN_POINT ( 'NONE',  ( -6.499747468305854703, -48.73301000542699057, 0.000000000000000000 ) ) ;
#486 = AXIS2_PLACEMENT_3D ( 'NONE', #1092, #213, #178 ) ;
#487 = EDGE_CURVE ( 'NONE', #628, #1347, #175, .T. ) ;
#488 = VERTEX_POINT ( 'NONE', #337 ) ;
#489 = APPROVAL_STATUS ( 'not_yet_approved' ) ;
#490 = EDGE_LOOP ( 'NONE', ( #576, #1212, #1165, #1019 ) ) ;
#491 = ADVANCED_FACE ( 'NONE', ( #588 ), #603, .T. ) ;
#492 = AXIS2_PLACEMENT_3D ( 'NONE', #494, #740, #1632 ) ;
#493 = CARTESIAN_POINT ( 'NONE',  ( 4.000000000000010658, -31.38881381258514480, 3.000000000000000000 ) ) ;
#494 = CARTESIAN_POINT ( 'NONE',  ( 5.000000000000005329, 13.21673746287884299, 3.000000000000000000 ) ) ;
#495 = CARTESIAN_POINT ( 'NONE',  ( -3.999999999999995559, -33.83351506881533055, 0.000000000000000000 ) ) ;
#496 = VECTOR ( 'NONE', #631, 1000.000000000000000 ) ;
#497 = DIRECTION ( 'NONE',  ( -0.000000000000000000, -0.000000000000000000, -1.000000000000000000 ) ) ;
#498 = CARTESIAN_POINT ( 'NONE',  ( -1.141996145258102393E-15, 6.216737462878846543, 3.000000000000000000 ) ) ;
#499 = AXIS2_PLACEMENT_3D ( 'NONE', #986, #73, #859 ) ;
#500 = ORIENTED_EDGE ( 'NONE', *, *, #1030, .T. ) ;
#501 = EDGE_LOOP ( 'NONE', ( #884, #664, #948, #1544 ) ) ;
#502 = EDGE_LOOP ( 'NONE', ( #191, #289, #913, #1009, #1307, #1540, #1473, #1281 ) ) ;
#503 = EDGE_CURVE ( 'NONE', #654, #533, #1369, .T. ) ;
#504 = DIRECTION ( 'NONE',  ( -0.000000000000000000, -0.000000000000000000, -1.000000000000000000 ) ) ;
#505 = DIRECTION ( 'NONE',  ( 0.000000000000000000, 0.000000000000000000, -1.000000000000000000 ) ) ;
#506 = CARTESIAN_POINT ( 'NONE',  ( 1.549999999999998934, 6.216737462878846543, 3.000000000000000000 ) ) ;
#507 = CARTESIAN_POINT ( 'NONE',  ( 3.399747468305808873, -48.73301000542698347, 0.000000000000000000 ) ) ;
#508 = ORIENTED_EDGE ( 'NONE', *, *, #283, .T. ) ;
#509 = VERTEX_POINT ( 'NONE', #1238 ) ;
#510 = EDGE_CURVE ( 'NONE', #830, #1272, #257, .T. ) ;
#511 = DIRECTION ( 'NONE',  ( 0.000000000000000000, -1.000000000000000000, 0.000000000000000000 ) ) ;
#512 = EDGE_CURVE ( 'NONE', #224, #435, #1522, .T. ) ;
#513 = CARTESIAN_POINT ( 'NONE',  ( -5.999999999999995559, -31.83351506881532700, 3.000000000000000000 ) ) ;
#514 = VERTEX_POINT ( 'NONE', #67 ) ;
#515 = CARTESIAN_POINT ( 'NONE',  ( 3.399747468305832854, 11.16648493118467833, 0.000000000000000000 ) ) ;
#516 = EDGE_CURVE ( 'NONE', #53, #355, #794, .T. ) ;
#517 = FACE_OUTER_BOUND ( 'NONE', #10, .T. ) ;
#518 = VERTEX_POINT ( 'NONE', #1643 ) ;
#519 = VERTEX_POINT ( 'NONE', #1396 ) ;
#520 = ORIENTED_EDGE ( 'NONE', *, *, #528, .F. ) ;
#521 = CARTESIAN_POINT ( 'NONE',  ( 6.000000000000013323, -5.733010005426987910, 0.000000000000000000 ) ) ;
#522 = FACE_OUTER_BOUND ( 'NONE', #530, .T. ) ;
#523 = CIRCLE ( 'NONE', #1469, 1.550000000000000266 ) ;
#524 = DIRECTION ( 'NONE',  ( -1.000000000000000000, 0.000000000000000000, 0.000000000000000000 ) ) ;
#525 = PLANE ( 'NONE',  #331 ) ;
#526 = AXIS2_PLACEMENT_3D ( 'NONE', #366, #1412, #658 ) ;
#527 = DIRECTION ( 'NONE',  ( -1.000000000000000000, 0.000000000000000000, 0.000000000000000000 ) ) ;
#528 = EDGE_CURVE ( 'NONE', #529, #398, #288, .T. ) ;
#529 = VERTEX_POINT ( 'NONE', #344 ) ;
#530 = EDGE_LOOP ( 'NONE', ( #280, #121, #760, #17 ) ) ;
#531 = FACE_BOUND ( 'NONE', #142, .T. ) ;
#532 = CARTESIAN_POINT ( 'NONE',  ( 1.862955085389238467E-15, -43.78326253712115346, 3.000000000000000000 ) ) ;
#533 = VERTEX_POINT ( 'NONE', #878 ) ;
#534 = CARTESIAN_POINT ( 'NONE',  ( -5.999999999999993783, -5.733010005426987910, 3.000000000000000000 ) ) ;
#535 = LINE ( 'NONE', #644, #105 ) ;
#536 = EDGE_CURVE ( 'NONE', #355, #885, #1222, .T. ) ;
#537 = ORIENTED_EDGE ( 'NONE', *, *, #1163, .T. ) ;
#538 = ORIENTED_EDGE ( 'NONE', *, *, #176, .F. ) ;
#539 = VECTOR ( 'NONE', #1558, 1000.000000000000000 ) ;
#540 = DIRECTION ( 'NONE',  ( 0.000000000000000000, 0.000000000000000000, 1.000000000000000000 ) ) ;
#541 = DIRECTION ( 'NONE',  ( -0.000000000000000000, -0.000000000000000000, -1.000000000000000000 ) ) ;
#542 = FACE_OUTER_BOUND ( 'NONE', #315, .T. ) ;
#543 = ADVANCED_FACE ( 'NONE', ( #1094 ), #1245, .F. ) ;
#544 = ORIENTED_EDGE ( 'NONE', *, *, #346, .T. ) ;
#545 = VECTOR ( 'NONE', #497, 1000.000000000000000 ) ;
#546 = EDGE_CURVE ( 'NONE', #1039, #628, #1101, .T. ) ;
#547 = DIRECTION ( 'NONE',  ( 0.000000000000000000, 0.000000000000000000, 1.000000000000000000 ) ) ;
#548 = CARTESIAN_POINT ( 'NONE',  ( 5.000000000000004441, 16.21673746287884299, 3.000000000000000000 ) ) ;
#549 = DIRECTION ( 'NONE',  ( 0.000000000000000000, 0.000000000000000000, 1.000000000000000000 ) ) ;
#550 = AXIS2_PLACEMENT_3D ( 'NONE', #19, #1541, #265 ) ;
#551 = ORIENTED_EDGE ( 'NONE', *, *, #546, .F. ) ;
#552 = AXIS2_PLACEMENT_3D ( 'NONE', #493, #892, #143 ) ;
#553 = AXIS2_PLACEMENT_3D ( 'NONE', #1239, #750, #872 ) ;
#554 = DIRECTION ( 'NONE',  ( 1.000000000000000000, 0.000000000000000000, 0.000000000000000000 ) ) ;
#555 = CC_DESIGN_PERSON_AND_ORGANIZATION_ASSIGNMENT ( #1490, #1585, ( #753 ) ) ;
#556 = LINE ( 'NONE', #30, #1032 ) ;
#557 = FACE_OUTER_BOUND ( 'NONE', #699, .T. ) ;
#558 = ORIENTED_EDGE ( 'NONE', *, *, #1292, .F. ) ;
#559 = CYLINDRICAL_SURFACE ( 'NONE', #187, 3.000000000000000000 ) ;
#560 = AXIS2_PLACEMENT_3D ( 'NONE', #1228, #831, #696 ) ;
#561 = DIRECTION ( 'NONE',  ( 0.000000000000000000, 0.000000000000000000, 1.000000000000000000 ) ) ;
#562 = VECTOR ( 'NONE', #5, 1000.000000000000000 ) ;
#563 = EDGE_CURVE ( 'NONE', #1299, #902, #1362, .T. ) ;
#564 = DIRECTION ( 'NONE',  ( -1.517883041479706208E-16, 1.000000000000000000, -0.000000000000000000 ) ) ;
#565 = CARTESIAN_POINT ( 'NONE',  ( 1.862955085389238467E-15, -43.78326253712115346, 3.000000000000000000 ) ) ;
#566 = ADVANCED_FACE ( 'NONE', ( #220 ), #1618, .T. ) ;
#567 = ORIENTED_EDGE ( 'NONE', *, *, #1163, .F. ) ;
#568 = ORIENTED_EDGE ( 'NONE', *, *, #1343, .T. ) ;
#569 = DATE_AND_TIME ( #1358, #1431 ) ;
#570 = CARTESIAN_POINT ( 'NONE',  ( 4.000000000000012434, -18.17771126165716922, 0.000000000000000000 ) ) ;
#571 = CARTESIAN_POINT ( 'NONE',  ( -4.949747468305833564, 11.16648493118467833, 3.000000000000000000 ) ) ;
#572 = ORIENTED_EDGE ( 'NONE', *, *, #771, .F. ) ;
#573 = DIRECTION ( 'NONE',  ( 0.000000000000000000, 0.000000000000000000, 1.000000000000000000 ) ) ;
#574 = ORIENTED_EDGE ( 'NONE', *, *, #33, .F. ) ;
#575 = ADVANCED_FACE ( 'NONE', ( #254 ), #117, .F. ) ;
#576 = ORIENTED_EDGE ( 'NONE', *, *, #512, .T. ) ;
#577 = APPLICATION_PROTOCOL_DEFINITION ( 'international standard', 'config_control_design', 1994, #787 ) ;
#578 = LINE ( 'NONE', #80, #744 ) ;
#579 = DIRECTION ( 'NONE',  ( -1.000000000000000000, 0.000000000000000000, 0.000000000000000000 ) ) ;
#580 = ORIENTED_EDGE ( 'NONE', *, *, #1657, .T. ) ;
#581 = CARTESIAN_POINT ( 'NONE',  ( 4.000000000000013323, -5.733010005426987910, 3.000000000000000000 ) ) ;
#582 = VERTEX_POINT ( 'NONE', #495 ) ;
#583 = EDGE_CURVE ( 'NONE', #885, #770, #402, .T. ) ;
#584 = VERTEX_POINT ( 'NONE', #1294 ) ;
#585 = PERSON_AND_ORGANIZATION ( #639, #449 ) ;
#586 = LINE ( 'NONE', #1203, #198 ) ;
#587 = APPROVAL_PERSON_ORGANIZATION ( #362, #159, #1008 ) ;
#588 = FACE_OUTER_BOUND ( 'NONE', #444, .T. ) ;
#589 = DIRECTION ( 'NONE',  ( 1.000000000000000000, -0.000000000000000000, -0.000000000000000000 ) ) ;
#590 = ORIENTED_EDGE ( 'NONE', *, *, #387, .T. ) ;
#591 = CYLINDRICAL_SURFACE ( 'NONE', #1255, 1.550000000000007150 ) ;
#592 = EDGE_CURVE ( 'NONE', #132, #923, #2, .T. ) ;
#593 = CARTESIAN_POINT ( 'NONE',  ( 1.549999999999998934, 6.216737462878846543, 0.000000000000000000 ) ) ;
#594 = CARTESIAN_POINT ( 'NONE',  ( -6.499747468305832498, 1.266989994573012090, 3.000000000000000000 ) ) ;
#595 = VECTOR ( 'NONE', #1565, 1000.000000000000000 ) ;
#596 = CARTESIAN_POINT ( 'NONE',  ( -6.499747468305832498, 1.266989994573012090, 0.000000000000000000 ) ) ;
#597 = VECTOR ( 'NONE', #1376, 1000.000000000000000 ) ;
#598 = ORIENTED_EDGE ( 'NONE', *, *, #961, .F. ) ;
#599 = AXIS2_PLACEMENT_3D ( 'NONE', #358, #1633, #981 ) ;
#600 = CARTESIAN_POINT ( 'NONE',  ( 5.000000000000004441, 16.21673746287884299, 3.000000000000000000 ) ) ;
#601 = DIRECTION ( 'NONE',  ( 1.000000000000000000, 0.000000000000000000, 0.000000000000000000 ) ) ;
#602 = EDGE_CURVE ( 'NONE', #391, #676, #1038, .T. ) ;
#603 = CYLINDRICAL_SURFACE ( 'NONE', #64, 3.000000000000000000 ) ;
#604 = CARTESIAN_POINT ( 'NONE',  ( -3.999999999999995559, -33.83351506881533055, 3.000000000000000000 ) ) ;
#605 = AXIS2_PLACEMENT_3D ( 'NONE', #292, #800, #1319 ) ;
#606 = DIRECTION ( 'NONE',  ( -0.000000000000000000, -0.000000000000000000, -1.000000000000000000 ) ) ;
#607 = AXIS2_PLACEMENT_3D ( 'NONE', #1232, #76, #1399 ) ;
#608 = ORIENTED_EDGE ( 'NONE', *, *, #302, .T. ) ;
#609 = VERTEX_POINT ( 'NONE', #136 ) ;
#610 = CARTESIAN_POINT ( 'NONE',  ( 1.862955085389238467E-15, -43.78326253712115346, 3.000000000000000000 ) ) ;
#611 = DIRECTION ( 'NONE',  ( 1.000000000000000000, 0.000000000000000000, 0.000000000000000000 ) ) ;
#612 = EDGE_CURVE ( 'NONE', #1123, #830, #765, .T. ) ;
#613 = DIRECTION ( 'NONE',  ( 1.000000000000000000, 0.000000000000000000, 0.000000000000000000 ) ) ;
#614 = FACE_OUTER_BOUND ( 'NONE', #1130, .T. ) ;
#615 = EDGE_CURVE ( 'NONE', #923, #201, #359, .T. ) ;
#616 = AXIS2_PLACEMENT_3D ( 'NONE', #498, #247, #758 ) ;
#617 = ORIENTED_EDGE ( 'NONE', *, *, #194, .T. ) ;
#618 = ORIENTED_EDGE ( 'NONE', *, *, #3, .F. ) ;
#619 = ORIENTED_EDGE ( 'NONE', *, *, #942, .F. ) ;
#620 = DIRECTION ( 'NONE',  ( -1.000000000000000000, 0.000000000000000000, 0.000000000000000000 ) ) ;
#621 = DIRECTION ( 'NONE',  ( 0.000000000000000000, 0.000000000000000000, 1.000000000000000000 ) ) ;
#622 = CARTESIAN_POINT ( 'NONE',  ( -10.05381347867129982, -6.702542319114202840, 3.000000000000000000 ) ) ;
#623 = CARTESIAN_POINT ( 'NONE',  ( -4.949747468305833564, 11.16648493118467833, 0.000000000000000000 ) ) ;
#624 = CIRCLE ( 'NONE', #378, 1.550000000000000266 ) ;
#625 = EDGE_CURVE ( 'NONE', #1591, #654, #782, .T. ) ;
#626 = ADVANCED_FACE ( 'NONE', ( #1012 ), #394, .F. ) ;
#627 = VERTEX_POINT ( 'NONE', #1527 ) ;
#628 = VERTEX_POINT ( 'NONE', #1536 ) ;
#629 = VECTOR ( 'NONE', #305, 1000.000000000000000 ) ;
#630 = CYLINDRICAL_SURFACE ( 'NONE', #873, 1.550000000000007150 ) ;
#631 = DIRECTION ( 'NONE',  ( -0.000000000000000000, 0.000000000000000000, 1.000000000000000000 ) ) ;
#632 = DIRECTION ( 'NONE',  ( -0.5547001962252292584, 0.8320502943378436100, 0.000000000000000000 ) ) ;
#633 = DIRECTION ( 'NONE',  ( -8.644656322163053752E-17, -1.000000000000000000, 0.000000000000000000 ) ) ;
#634 = CIRCLE ( 'NONE', #1555, 1.550000000000000266 ) ;
#635 = VERTEX_POINT ( 'NONE', #374 ) ;
#636 = EDGE_CURVE ( 'NONE', #1478, #582, #1302, .T. ) ;
#637 = ORIENTED_EDGE ( 'NONE', *, *, #476, .F. ) ;
#638 = VERTEX_POINT ( 'NONE', #748 ) ;
#639 = PERSON ( 'æœª', 'æœª', 'æœª', ('æœª'), ('æœª'), ('æœª') ) ;
#640 = CARTESIAN_POINT ( 'NONE',  ( 5.664100588675695214, -30.27941342013468784, 0.000000000000000000 ) ) ;
#641 = FACE_OUTER_BOUND ( 'NONE', #436, .T. ) ;
#642 = CARTESIAN_POINT ( 'NONE',  ( 5.000000000000013323, -53.78326253712116767, 3.000000000000000000 ) ) ;
#643 = LINE ( 'NONE', #239, #1441 ) ;
#644 = CARTESIAN_POINT ( 'NONE',  ( -7.999999999999992895, 13.21673746287884121, 0.000000000000000000 ) ) ;
#645 = ORIENTED_EDGE ( 'NONE', *, *, #318, .F. ) ;
#646 = ORIENTED_EDGE ( 'NONE', *, *, #387, .F. ) ;
#647 = ORIENTED_EDGE ( 'NONE', *, *, #671, .F. ) ;
#648 = PLANE ( 'NONE',  #382 ) ;
#649 = PLANE ( 'NONE',  #716 ) ;
#650 = DIRECTION ( 'NONE',  ( -0.000000000000000000, -0.000000000000000000, -1.000000000000000000 ) ) ;
#651 = CARTESIAN_POINT ( 'NONE',  ( -4.949747468305832676, 1.266989994573012090, 3.000000000000000000 ) ) ;
#652 = EDGE_LOOP ( 'NONE', ( #1140, #70, #653, #1025 ) ) ;
#653 = ORIENTED_EDGE ( 'NONE', *, *, #592, .T. ) ;
#654 = VERTEX_POINT ( 'NONE', #642 ) ;
#655 = CARTESIAN_POINT ( 'NONE',  ( -6.499747468305847597, -38.83351506881533055, 3.000000000000000000 ) ) ;
#656 = DIRECTION ( 'NONE',  ( 0.000000000000000000, 0.000000000000000000, -1.000000000000000000 ) ) ;
#657 = AXIS2_PLACEMENT_3D ( 'NONE', #732, #893, #747 ) ;
#658 = DIRECTION ( 'NONE',  ( 1.000000000000000000, 0.000000000000000000, 0.000000000000000000 ) ) ;
#659 = ORIENTED_EDGE ( 'NONE', *, *, #145, .F. ) ;
#660 = EDGE_CURVE ( 'NONE', #1530, #59, #1250, .T. ) ;
#661 = DIRECTION ( 'NONE',  ( -0.000000000000000000, -0.000000000000000000, -1.000000000000000000 ) ) ;
#662 = AXIS2_PLACEMENT_3D ( 'NONE', #1337, #1346, #958 ) ;
#663 = CARTESIAN_POINT ( 'NONE',  ( 4.000000000000010658, -31.38881381258514480, 3.000000000000000000 ) ) ;
#664 = ORIENTED_EDGE ( 'NONE', *, *, #183, .T. ) ;
#665 = VECTOR ( 'NONE', #1121, 1000.000000000000000 ) ;
#666 = EDGE_LOOP ( 'NONE', ( #1628, #301, #1197, #1453 ) ) ;
#667 = CARTESIAN_POINT ( 'NONE',  ( -4.999999999999985789, -50.78326253712116056, 3.000000000000000000 ) ) ;
#668 = LINE ( 'NONE', #1313, #1542 ) ;
#669 = ADVANCED_FACE ( 'NONE', ( #773 ), #649, .F. ) ;
#670 = LINE ( 'NONE', #1184, #1127 ) ;
#671 = EDGE_CURVE ( 'NONE', #915, #715, #438, .T. ) ;
#672 = EDGE_LOOP ( 'NONE', ( #572, #14, #308, #551 ) ) ;
#673 = DIRECTION ( 'NONE',  ( 1.000000000000000000, 0.000000000000000000, 0.000000000000000000 ) ) ;
#674 = LINE ( 'NONE', #774, #1329 ) ;
#675 = CARTESIAN_POINT ( 'NONE',  ( 6.000000000000013323, -5.733010005426987910, 3.000000000000000000 ) ) ;
#676 = VERTEX_POINT ( 'NONE', #1175 ) ;
#677 = EDGE_CURVE ( 'NONE', #186, #635, #1470, .T. ) ;
#678 = AXIS2_PLACEMENT_3D ( 'NONE', #1183, #936, #1050 ) ;
#679 = APPROVAL_STATUS ( 'not_yet_approved' ) ;
#680 = AXIS2_PLACEMENT_3D ( 'NONE', #1604, #1204, #807 ) ;
#681 = CARTESIAN_POINT ( 'NONE',  ( 5.000000000000013323, -50.78326253712116056, 0.000000000000000000 ) ) ;
#682 = VECTOR ( 'NONE', #1421, 1000.000000000000000 ) ;
#683 = CARTESIAN_POINT ( 'NONE',  ( 6.499747468305823617, -38.83351506881533055, 3.000000000000000000 ) ) ;
#684 = AXIS2_PLACEMENT_3D ( 'NONE', #82, #861, #741 ) ;
#685 = ORIENTED_EDGE ( 'NONE', *, *, #1657, .F. ) ;
#686 = ORIENTED_EDGE ( 'NONE', *, *, #1525, .F. ) ;
#687 = EDGE_CURVE ( 'NONE', #1054, #820, #1660, .T. ) ;
#688 = SECURITY_CLASSIFICATION_LEVEL ( 'unclassified' ) ;
#689 = VECTOR ( 'NONE', #1538, 1000.000000000000000 ) ;
#690 = EDGE_CURVE ( 'NONE', #7, #6, #383, .T. ) ;
#691 = DIRECTION ( 'NONE',  ( -0.000000000000000000, -0.000000000000000000, -1.000000000000000000 ) ) ;
#692 = LINE ( 'NONE', #1196, #1491 ) ;
#693 = ORIENTED_EDGE ( 'NONE', *, *, #1214, .T. ) ;
#694 = ORIENTED_EDGE ( 'NONE', *, *, #339, .F. ) ;
#695 = LOCAL_TIME ( 16, 8, 19.00000000000000000, #1098 ) ;
#696 = DIRECTION ( 'NONE',  ( 1.000000000000000000, 0.000000000000000000, 0.000000000000000000 ) ) ;
#697 = FACE_OUTER_BOUND ( 'NONE', #1171, .T. ) ;
#698 = CARTESIAN_POINT ( 'NONE',  ( -4.949747468305832676, 1.266989994573012090, 0.000000000000000000 ) ) ;
#699 = EDGE_LOOP ( 'NONE', ( #590, #930, #858, #28 ) ) ;
#700 = EDGE_CURVE ( 'NONE', #519, #635, #888, .T. ) ;
#701 = CARTESIAN_POINT ( 'NONE',  ( 2.335899411324325214, -19.28711165410763329, 0.000000000000000000 ) ) ;
#702 = VERTEX_POINT ( 'NONE', #1663 ) ;
#703 = ORIENTED_EDGE ( 'NONE', *, *, #1341, .F. ) ;
#704 = APPLICATION_CONTEXT ( 'configuration controlled 3d designs of mechanical parts and assemblies' ) ;
#705 = ORIENTED_EDGE ( 'NONE', *, *, #980, .F. ) ;
#706 = DATE_TIME_ROLE ( 'creation_date' ) ;
#707 = CARTESIAN_POINT ( 'NONE',  ( -7.999999999999986677, -50.78326253712116056, 0.000000000000000000 ) ) ;
#708 = VECTOR ( 'NONE', #564, 1000.000000000000000 ) ;
#709 = FACE_OUTER_BOUND ( 'NONE', #1613, .T. ) ;
#710 = ORIENTED_EDGE ( 'NONE', *, *, #503, .F. ) ;
#711 = DIRECTION ( 'NONE',  ( 1.000000000000000000, 0.000000000000000000, 0.000000000000000000 ) ) ;
#712 = EDGE_CURVE ( 'NONE', #519, #1131, #340, .T. ) ;
#713 = AXIS2_PLACEMENT_3D ( 'NONE', #1384, #373, #1411 ) ;
#714 = ORIENTED_EDGE ( 'NONE', *, *, #1589, .F. ) ;
#715 = VERTEX_POINT ( 'NONE', #1182 ) ;
#716 = AXIS2_PLACEMENT_3D ( 'NONE', #146, #926, #1543 ) ;
#717 = CARTESIAN_POINT ( 'NONE',  ( -1.550000000000002487, -43.78326253712115346, 3.000000000000000000 ) ) ;
#718 = AXIS2_PLACEMENT_3D ( 'NONE', #1410, #18, #1262 ) ;
#719 = CARTESIAN_POINT ( 'NONE',  ( 4.000000000000013323, -5.733010005426987910, 3.000000000000000000 ) ) ;
#720 = DIRECTION ( 'NONE',  ( -0.000000000000000000, -0.000000000000000000, -1.000000000000000000 ) ) ;
#721 = ADVANCED_BREP_SHAPE_REPRESENTATION ( '\X2\591658f356fa5b9a4ef6\X0\_up', ( #11, #560 ), #947 ) ;
#722 = DIRECTION ( 'NONE',  ( -1.152620842955073916E-16, -1.000000000000000000, 0.000000000000000000 ) ) ;
#723 = EDGE_CURVE ( 'NONE', #406, #770, #417, .T. ) ;
#724 = DIRECTION ( 'NONE',  ( 0.000000000000000000, 0.000000000000000000, -1.000000000000000000 ) ) ;
#725 = DIRECTION ( 'NONE',  ( -1.000000000000000000, 0.000000000000000000, 0.000000000000000000 ) ) ;
#726 = DIRECTION ( 'NONE',  ( 0.000000000000000000, 0.000000000000000000, 1.000000000000000000 ) ) ;
#727 = CARTESIAN_POINT ( 'NONE',  ( -3.999999999999995559, -33.83351506881533055, 3.000000000000000000 ) ) ;
#728 = EDGE_LOOP ( 'NONE', ( #60, #1640, #1288, #428 ) ) ;
#729 = EDGE_CURVE ( 'NONE', #435, #59, #40, .T. ) ;
#730 = CC_DESIGN_PERSON_AND_ORGANIZATION_ASSIGNMENT ( #325, #1350, ( #260 ) ) ;
#731 = DIRECTION ( 'NONE',  ( -0.000000000000000000, -0.000000000000000000, -1.000000000000000000 ) ) ;
#732 = CARTESIAN_POINT ( 'NONE',  ( 5.000000000000005329, 13.21673746287884299, 3.000000000000000000 ) ) ;
#733 = DIRECTION ( 'NONE',  ( 1.000000000000000000, 0.000000000000000000, 0.000000000000000000 ) ) ;
#734 = DIRECTION ( 'NONE',  ( 1.517883041479706208E-16, -1.000000000000000000, 0.000000000000000000 ) ) ;
#735 = CYLINDRICAL_SURFACE ( 'NONE', #769, 1.550000000000000488 ) ;
#736 = EDGE_LOOP ( 'NONE', ( #66, #1608 ) ) ;
#737 = AXIS2_PLACEMENT_3D ( 'NONE', #974, #214, #1108 ) ;
#738 = EDGE_CURVE ( 'NONE', #533, #56, #826, .T. ) ;
#739 = EDGE_LOOP ( 'NONE', ( #1308, #1069, #429, #1080 ) ) ;
#740 = DIRECTION ( 'NONE',  ( 0.000000000000000000, 0.000000000000000000, 1.000000000000000000 ) ) ;
#741 = DIRECTION ( 'NONE',  ( 1.000000000000000000, 0.000000000000000000, 0.000000000000000000 ) ) ;
#742 = EDGE_CURVE ( 'NONE', #354, #6, #184, .T. ) ;
#743 = CARTESIAN_POINT ( 'NONE',  ( 4.949747468305821130, -38.83351506881533055, 0.000000000000000000 ) ) ;
#744 = VECTOR ( 'NONE', #868, 1000.000000000000000 ) ;
#745 = CARTESIAN_POINT ( 'NONE',  ( 6.499747468305823617, -38.83351506881533055, 0.000000000000000000 ) ) ;
#746 = ORIENTED_EDGE ( 'NONE', *, *, #512, .F. ) ;
#747 = DIRECTION ( 'NONE',  ( -1.000000000000000000, 0.000000000000000000, 0.000000000000000000 ) ) ;
#748 = CARTESIAN_POINT ( 'NONE',  ( -6.499747468305847597, -38.83351506881533055, 0.000000000000000000 ) ) ;
#749 = DIRECTION ( 'NONE',  ( -0.5547001962252291474, 0.8320502943378437211, 0.000000000000000000 ) ) ;
#750 = DIRECTION ( 'NONE',  ( -0.000000000000000000, -0.000000000000000000, -1.000000000000000000 ) ) ;
#751 = VERTEX_POINT ( 'NONE', #1462 ) ;
#752 = VERTEX_POINT ( 'NONE', #1573 ) ;
#753 = PRODUCT ( '\X2\591658f356fa5b9a4ef6\X0\_up', '\X2\591658f356fa5b9a4ef6\X0\_up', '', ( #422 ) ) ;
#754 = CARTESIAN_POINT ( 'NONE',  ( -4.949747468305844222, -38.83351506881533055, 0.000000000000000000 ) ) ;
#755 = DIRECTION ( 'NONE',  ( 1.000000000000000000, 0.000000000000000000, 0.000000000000000000 ) ) ;
#756 = CARTESIAN_POINT ( 'NONE',  ( -7.284582709440527104, -4.856388472960350811, 0.000000000000000000 ) ) ;
#757 = ADVANCED_FACE ( 'NONE', ( #697 ), #1209, .F. ) ;
#758 = DIRECTION ( 'NONE',  ( -1.000000000000000000, 0.000000000000000000, 0.000000000000000000 ) ) ;
#759 = AXIS2_PLACEMENT_3D ( 'NONE', #908, #294, #944 ) ;
#760 = ORIENTED_EDGE ( 'NONE', *, *, #1233, .T. ) ;
#761 = CIRCLE ( 'NONE', #460, 1.550000000000007150 ) ;
#762 = VERTEX_POINT ( 'NONE', #411 ) ;
#763 = AXIS2_PLACEMENT_3D ( 'NONE', #754, #1395, #1274 ) ;
#764 = DIRECTION ( 'NONE',  ( -0.000000000000000000, -0.000000000000000000, -1.000000000000000000 ) ) ;
#765 = LINE ( 'NONE', #266, #1143 ) ;
#766 = CARTESIAN_POINT ( 'NONE',  ( -7.284582709440527104, -4.856388472960350811, 3.000000000000000000 ) ) ;
#767 = LINE ( 'NONE', #795, #189 ) ;
#768 = AXIS2_PLACEMENT_3D ( 'NONE', #743, #1247, #108 ) ;
#769 = AXIS2_PLACEMENT_3D ( 'NONE', #332, #606, #1636 ) ;
#770 = VERTEX_POINT ( 'NONE', #934 ) ;
#771 = EDGE_CURVE ( 'NONE', #751, #1039, #43, .T. ) ;
#772 = FACE_BOUND ( 'NONE', #829, .T. ) ;
#773 = FACE_OUTER_BOUND ( 'NONE', #1584, .T. ) ;
#774 = CARTESIAN_POINT ( 'NONE',  ( -6.499747468305854703, -48.73301000542699057, 3.000000000000000000 ) ) ;
#775 = CARTESIAN_POINT ( 'NONE',  ( -4.999999999999992895, 13.21673746287884121, 3.000000000000000000 ) ) ;
#776 = LOCAL_TIME ( 16, 8, 19.00000000000000000, #1647 ) ;
#777 = ORIENTED_EDGE ( 'NONE', *, *, #27, .T. ) ;
#778 = CIRCLE ( 'NONE', #51, 1.550000000000007150 ) ;
#779 = ORIENTED_EDGE ( 'NONE', *, *, #364, .T. ) ;
#780 = ORIENTED_EDGE ( 'NONE', *, *, #419, .F. ) ;
#781 = FACE_BOUND ( 'NONE', #1465, .T. ) ;
#782 = LINE ( 'NONE', #1422, #496 ) ;
#783 = FACE_BOUND ( 'NONE', #234, .T. ) ;
#784 = CARTESIAN_POINT ( 'NONE',  ( 4.949747468305815801, -48.73301000542698347, 3.000000000000000000 ) ) ;
#785 = EDGE_LOOP ( 'NONE', ( #1646, #1152 ) ) ;
#786 = ORIENTED_EDGE ( 'NONE', *, *, #1167, .F. ) ;
#787 = APPLICATION_CONTEXT ( 'configuration controlled 3d designs of mechanical parts and assemblies' ) ;
#788 = DIRECTION ( 'NONE',  ( 0.000000000000000000, -0.000000000000000000, -1.000000000000000000 ) ) ;
#789 = EDGE_CURVE ( 'NONE', #1507, #1466, #634, .T. ) ;
#790 = CIRCLE ( 'NONE', #492, 2.999999999999998224 ) ;
#791 = CARTESIAN_POINT ( 'NONE',  ( -4.949747468305833564, 11.16648493118467833, 3.000000000000000000 ) ) ;
#792 = LINE ( 'NONE', #1433, #170 ) ;
#793 = ADVANCED_FACE ( 'NONE', ( #977 ), #455, .F. ) ;
#794 = CIRCLE ( 'NONE', #959, 2.000000000000000000 ) ;
#795 = CARTESIAN_POINT ( 'NONE',  ( 6.000000000000010658, -31.83351506881532700, 3.000000000000000000 ) ) ;
#796 = ORIENTED_EDGE ( 'NONE', *, *, #1624, .F. ) ;
#797 = ORIENTED_EDGE ( 'NONE', *, *, #843, .F. ) ;
#798 = PRODUCT_DEFINITION_SHAPE ( 'NONE', 'NONE',  #260 ) ;
#799 = FACE_BOUND ( 'NONE', #1664, .T. ) ;
#800 = DIRECTION ( 'NONE',  ( -0.000000000000000000, -0.000000000000000000, -1.000000000000000000 ) ) ;
#801 = FACE_BOUND ( 'NONE', #1614, .T. ) ;
#802 = DIRECTION ( 'NONE',  ( 1.000000000000000000, 0.000000000000000000, 0.000000000000000000 ) ) ;
#803 = EDGE_CURVE ( 'NONE', #1132, #1668, #464, .T. ) ;
#804 = VERTEX_POINT ( 'NONE', #218 ) ;
#805 = CARTESIAN_POINT ( 'NONE',  ( 5.664100588675695214, -30.27941342013468784, 3.000000000000000000 ) ) ;
#806 = CYLINDRICAL_SURFACE ( 'NONE', #85, 1.550000000000000266 ) ;
#807 = DIRECTION ( 'NONE',  ( -1.000000000000000000, 0.000000000000000000, 0.000000000000000000 ) ) ;
#808 = ADVANCED_FACE ( 'NONE', ( #204 ), #841, .F. ) ;
#809 = EDGE_CURVE ( 'NONE', #56, #862, #1115, .T. ) ;
#810 = ORIENTED_EDGE ( 'NONE', *, *, #79, .T. ) ;
#811 = ORIENTED_EDGE ( 'NONE', *, *, #1372, .T. ) ;
#812 = EDGE_CURVE ( 'NONE', #347, #132, #824, .T. ) ;
#813 = AXIS2_PLACEMENT_3D ( 'NONE', #1545, #896, #256 ) ;
#814 = PERSON_AND_ORGANIZATION_ROLE ( 'creator' ) ;
#815 = DIRECTION ( 'NONE',  ( 1.000000000000000000, -8.644656322163052519E-17, 0.000000000000000000 ) ) ;
#816 = VECTOR ( 'NONE', #656, 1000.000000000000000 ) ;
#817 = DIRECTION ( 'NONE',  ( -1.000000000000000000, 0.000000000000000000, 0.000000000000000000 ) ) ;
#818 = UNCERTAINTY_MEASURE_WITH_UNIT (LENGTH_MEASURE( 1.000000000000000082E-05 ), #46, 'distance_accuracy_value', 'NONE');
#819 = AXIS2_PLACEMENT_3D ( 'NONE', #99, #238, #611 ) ;
#820 = VERTEX_POINT ( 'NONE', #193 ) ;
#821 = ORIENTED_EDGE ( 'NONE', *, *, #1224, .F. ) ;
#822 = CC_DESIGN_PERSON_AND_ORGANIZATION_ASSIGNMENT ( #1367, #814, ( #77 ) ) ;
#823 = PERSON_AND_ORGANIZATION_ROLE ( 'design_supplier' ) ;
#824 = CIRCLE ( 'NONE', #262, 1.550000000000000266 ) ;
#825 = CIRCLE ( 'NONE', #1394, 2.000000000000000000 ) ;
#826 = LINE ( 'NONE', #1342, #94 ) ;
#827 = DIRECTION ( 'NONE',  ( 1.000000000000000000, 0.000000000000000000, 0.000000000000000000 ) ) ;
#828 = PLANE ( 'NONE',  #1335 ) ;
#829 = EDGE_LOOP ( 'NONE', ( #1515, #953 ) ) ;
#830 = VERTEX_POINT ( 'NONE', #97 ) ;
#831 = DIRECTION ( 'NONE',  ( 0.000000000000000000, 0.000000000000000000, 1.000000000000000000 ) ) ;
#832 = EDGE_CURVE ( 'NONE', #118, #406, #1114, .T. ) ;
#833 = DIRECTION ( 'NONE',  ( -1.084202172485504434E-16, 1.000000000000000000, 0.000000000000000000 ) ) ;
#834 = CIRCLE ( 'NONE', #1639, 2.000000000000000000 ) ;
#835 = LINE ( 'NONE', #1602, #86 ) ;
#836 = ORIENTED_EDGE ( 'NONE', *, *, #24, .T. ) ;
#837 = CARTESIAN_POINT ( 'NONE',  ( -5.999999999999992895, 5.186793793297825842E-16, 3.000000000000000000 ) ) ;
#838 = ORIENTED_EDGE ( 'NONE', *, *, #1041, .T. ) ;
#839 = ORIENTED_EDGE ( 'NONE', *, *, #1343, .F. ) ;
#840 = APPROVAL_STATUS ( 'not_yet_approved' ) ;
#841 = CYLINDRICAL_SURFACE ( 'NONE', #69, 1.550000000000007150 ) ;
#842 = VECTOR ( 'NONE', #1195, 1000.000000000000000 ) ;
#843 = EDGE_CURVE ( 'NONE', #609, #891, #1583, .T. ) ;
#844 = CARTESIAN_POINT ( 'NONE',  ( 4.000000000000010658, -33.83351506881533055, 3.000000000000000000 ) ) ;
#845 = DIRECTION ( 'NONE',  ( -1.000000000000000000, 0.000000000000000000, 0.000000000000000000 ) ) ;
#846 = CIRCLE ( 'NONE', #116, 2.000000000000000000 ) ;
#847 = EDGE_CURVE ( 'NONE', #1304, #1401, #578, .T. ) ;
#848 = VECTOR ( 'NONE', #995, 1000.000000000000000 ) ;
#849 = CYLINDRICAL_SURFACE ( 'NONE', #1148, 1.550000000000000044 ) ;
#850 = ORIENTED_EDGE ( 'NONE', *, *, #1312, .F. ) ;
#851 = APPROVAL_DATE_TIME ( #335, #376 ) ;
#852 = DIRECTION ( 'NONE',  ( 1.000000000000000000, 0.000000000000000000, 0.000000000000000000 ) ) ;
#853 = VECTOR ( 'NONE', #906, 1000.000000000000000 ) ;
#854 = LINE ( 'NONE', #431, #708 ) ;
#855 = DIRECTION ( 'NONE',  ( 0.000000000000000000, 0.000000000000000000, 1.000000000000000000 ) ) ;
#856 = CARTESIAN_POINT ( 'NONE',  ( -1.550000000000000933, 6.216737462878846543, 0.000000000000000000 ) ) ;
#857 = ADVANCED_FACE ( 'NONE', ( #1124 ), #591, .F. ) ;
#858 = ORIENTED_EDGE ( 'NONE', *, *, #615, .F. ) ;
#859 = DIRECTION ( 'NONE',  ( 1.000000000000000000, 0.000000000000000000, 0.000000000000000000 ) ) ;
#860 = LINE ( 'NONE', #219, #1652 ) ;
#861 = DIRECTION ( 'NONE',  ( 0.000000000000000000, 0.000000000000000000, 1.000000000000000000 ) ) ;
#862 = VERTEX_POINT ( 'NONE', #707 ) ;
#863 = EDGE_LOOP ( 'NONE', ( #960, #271, #1298, #693, #415, #1402, #619, #180 ) ) ;
#864 = ADVANCED_FACE ( 'NONE', ( #1351 ), #1359, .F. ) ;
#865 = ORIENTED_EDGE ( 'NONE', *, *, #942, .T. ) ;
#866 = ORIENTED_EDGE ( 'NONE', *, *, #408, .F. ) ;
#867 = EDGE_CURVE ( 'NONE', #1073, #993, #1375, .T. ) ;
#868 = DIRECTION ( 'NONE',  ( -1.152620842955073916E-16, -1.000000000000000000, 0.000000000000000000 ) ) ;
#869 = DIRECTION ( 'NONE',  ( -0.5547001962252292584, 0.8320502943378436100, 0.000000000000000000 ) ) ;
#870 = DIRECTION ( 'NONE',  ( 0.000000000000000000, 0.000000000000000000, -1.000000000000000000 ) ) ;
#871 = FACE_OUTER_BOUND ( 'NONE', #1382, .T. ) ;
#872 = DIRECTION ( 'NONE',  ( 1.000000000000000000, 0.000000000000000000, 0.000000000000000000 ) ) ;
#873 = AXIS2_PLACEMENT_3D ( 'NONE', #357, #764, #348 ) ;
#874 = ORIENTED_EDGE ( 'NONE', *, *, #1266, .T. ) ;
#875 = ORIENTED_EDGE ( 'NONE', *, *, #72, .T. ) ;
#876 = ORIENTED_EDGE ( 'NONE', *, *, #1090, .F. ) ;
#877 = CARTESIAN_POINT ( 'NONE',  ( -10.05381347867129982, -6.702542319114202840, 0.000000000000000000 ) ) ;
#878 = CARTESIAN_POINT ( 'NONE',  ( -4.999999999999985789, -53.78326253712116767, 3.000000000000000000 ) ) ;
#879 = CIRCLE ( 'NONE', #1014, 1.550000000000000488 ) ;
#880 = CIRCLE ( 'NONE', #155, 1.550000000000000266 ) ;
#881 = DIRECTION ( 'NONE',  ( -0.5547001962252291474, 0.8320502943378437211, 0.000000000000000000 ) ) ;
#882 = LINE ( 'NONE', #727, #665 ) ;
#883 = VERTEX_POINT ( 'NONE', #640 ) ;
#884 = ORIENTED_EDGE ( 'NONE', *, *, #346, .F. ) ;
#885 = VERTEX_POINT ( 'NONE', #521 ) ;
#886 = CYLINDRICAL_SURFACE ( 'NONE', #657, 2.999999999999998668 ) ;
#887 = ADVANCED_FACE ( 'NONE', ( #1300 ), #372, .F. ) ;
#888 = LINE ( 'NONE', #1405, #1067 ) ;
#889 = CARTESIAN_POINT ( 'NONE',  ( 8.000000000000003553, 13.21673746287884299, 0.000000000000000000 ) ) ;
#890 = DIRECTION ( 'NONE',  ( -0.000000000000000000, -0.000000000000000000, -1.000000000000000000 ) ) ;
#891 = VERTEX_POINT ( 'NONE', #655 ) ;
#892 = DIRECTION ( 'NONE',  ( 0.000000000000000000, 0.000000000000000000, -1.000000000000000000 ) ) ;
#893 = DIRECTION ( 'NONE',  ( -0.000000000000000000, -0.000000000000000000, -1.000000000000000000 ) ) ;
#894 = DIRECTION ( 'NONE',  ( 1.000000000000000000, 0.000000000000000000, 0.000000000000000000 ) ) ;
#895 = EDGE_LOOP ( 'NONE', ( #618, #84, #102, #480 ) ) ;
#896 = DIRECTION ( 'NONE',  ( 0.000000000000000000, 0.000000000000000000, 1.000000000000000000 ) ) ;
#897 = CYLINDRICAL_SURFACE ( 'NONE', #616, 1.550000000000000044 ) ;
#898 = CIRCLE ( 'NONE', #978, 1.550000000000004485 ) ;
#899 = ADVANCED_FACE ( 'NONE', ( #903 ), #1172, .F. ) ;
#900 = VECTOR ( 'NONE', #941, 1000.000000000000000 ) ;
#901 = EDGE_LOOP ( 'NONE', ( #1033, #1052 ) ) ;
#902 = VERTEX_POINT ( 'NONE', #1653 ) ;
#903 = FACE_OUTER_BOUND ( 'NONE', #1590, .T. ) ;
#904 = CIRCLE ( 'NONE', #737, 1.550000000000007150 ) ;
#905 = DIRECTION ( 'NONE',  ( 0.000000000000000000, 0.000000000000000000, 1.000000000000000000 ) ) ;
#906 = DIRECTION ( 'NONE',  ( 0.000000000000000000, 0.000000000000000000, -1.000000000000000000 ) ) ;
#907 = ORIENTED_EDGE ( 'NONE', *, *, #318, .T. ) ;
#908 = CARTESIAN_POINT ( 'NONE',  ( -4.999999999999992895, 13.21673746287884121, 3.000000000000000000 ) ) ;
#909 = CARTESIAN_POINT ( 'NONE',  ( 6.499747468305833387, 1.266989994573014977, 3.000000000000000000 ) ) ;
#910 = CIRCLE ( 'NONE', #458, 1.550000000000007150 ) ;
#911 = EDGE_CURVE ( 'NONE', #509, #53, #1644, .T. ) ;
#912 = CIRCLE ( 'NONE', #607, 1.550000000000000266 ) ;
#913 = ORIENTED_EDGE ( 'NONE', *, *, #1525, .T. ) ;
#914 = ORIENTED_EDGE ( 'NONE', *, *, #803, .T. ) ;
#915 = VERTEX_POINT ( 'NONE', #1286 ) ;
#916 = FACE_BOUND ( 'NONE', #1597, .T. ) ;
#917 = DIRECTION ( 'NONE',  ( 0.000000000000000000, 0.000000000000000000, -1.000000000000000000 ) ) ;
#918 = DIRECTION ( 'NONE',  ( 1.000000000000000000, 0.000000000000000000, 0.000000000000000000 ) ) ;
#919 = DIRECTION ( 'NONE',  ( -0.000000000000000000, -0.000000000000000000, -1.000000000000000000 ) ) ;
#920 = LOCAL_TIME ( 16, 8, 19.00000000000000000, #949 ) ;
#921 = CIRCLE ( 'NONE', #1566, 1.550000000000004485 ) ;
#922 = EDGE_CURVE ( 'NONE', #406, #1299, #1128, .T. ) ;
#923 = VERTEX_POINT ( 'NONE', #515 ) ;
#924 = EDGE_CURVE ( 'NONE', #118, #902, #1413, .T. ) ;
#925 = CARTESIAN_POINT ( 'NONE',  ( 3.399747468305818643, -38.83351506881533055, 0.000000000000000000 ) ) ;
#926 = DIRECTION ( 'NONE',  ( -0.8320502943378437211, -0.5547001962252291474, 0.000000000000000000 ) ) ;
#927 = DIRECTION ( 'NONE',  ( 0.000000000000000000, 0.000000000000000000, 1.000000000000000000 ) ) ;
#928 = LINE ( 'NONE', #369, #562 ) ;
#929 = ORIENTED_EDGE ( 'NONE', *, *, #1482, .T. ) ;
#930 = ORIENTED_EDGE ( 'NONE', *, *, #1505, .T. ) ;
#931 = CARTESIAN_POINT ( 'NONE',  ( -5.999999999999992895, 5.186793793297825842E-16, 0.000000000000000000 ) ) ;
#932 = EDGE_CURVE ( 'NONE', #915, #1297, #1158, .T. ) ;
#933 = AXIS2_PLACEMENT_3D ( 'NONE', #1352, #1211, #319 ) ;
#934 = CARTESIAN_POINT ( 'NONE',  ( 6.000000000000012434, -18.17771126165716922, 0.000000000000000000 ) ) ;
#935 = CC_DESIGN_DATE_AND_TIME_ASSIGNMENT ( #1381, #1531, ( #1506 ) ) ;
#936 = DIRECTION ( 'NONE',  ( 0.000000000000000000, 0.000000000000000000, 1.000000000000000000 ) ) ;
#937 = AXIS2_PLACEMENT_3D ( 'NONE', #1264, #1563, #894 ) ;
#938 = DIRECTION ( 'NONE',  ( -0.000000000000000000, -0.000000000000000000, -1.000000000000000000 ) ) ;
#939 = VECTOR ( 'NONE', #749, 1000.000000000000000 ) ;
#940 = ORIENTED_EDGE ( 'NONE', *, *, #911, .F. ) ;
#941 = DIRECTION ( 'NONE',  ( -8.644656322163053752E-17, -1.000000000000000000, 0.000000000000000000 ) ) ;
#942 = EDGE_CURVE ( 'NONE', #1550, #1039, #1015, .T. ) ;
#943 = EDGE_CURVE ( 'NONE', #1499, #371, #1387, .T. ) ;
#944 = DIRECTION ( 'NONE',  ( -1.000000000000000000, 0.000000000000000000, 0.000000000000000000 ) ) ;
#945 = DIRECTION ( 'NONE',  ( 8.644656322163052519E-17, 1.000000000000000000, 0.000000000000000000 ) ) ;
#946 = ORIENTED_EDGE ( 'NONE', *, *, #446, .F. ) ;
#947 =( GEOMETRIC_REPRESENTATION_CONTEXT ( 3 ) GLOBAL_UNCERTAINTY_ASSIGNED_CONTEXT ( ( #818 ) ) GLOBAL_UNIT_ASSIGNED_CONTEXT ( ( #46, #1592, #439 ) ) REPRESENTATION_CONTEXT ( 'NONE', 'WORKASPACE' ) );
#948 = ORIENTED_EDGE ( 'NONE', *, *, #145, .T. ) ;
#949 = COORDINATED_UNIVERSAL_TIME_OFFSET ( 8, 0, .AHEAD. ) ;
#950 = DIRECTION ( 'NONE',  ( -0.000000000000000000, -0.000000000000000000, -1.000000000000000000 ) ) ;
#951 = CARTESIAN_POINT ( 'NONE',  ( -5.664100588675681891, -7.287111654107619074, 0.000000000000000000 ) ) ;
#952 = FACE_OUTER_BOUND ( 'NONE', #895, .T. ) ;
#953 = ORIENTED_EDGE ( 'NONE', *, *, #283, .F. ) ;
#954 = EDGE_CURVE ( 'NONE', #59, #1530, #1365, .T. ) ;
#955 = ORIENTED_EDGE ( 'NONE', *, *, #803, .F. ) ;
#956 = PERSON_AND_ORGANIZATION ( #639, #449 ) ;
#957 = CYLINDRICAL_SURFACE ( 'NONE', #1361, 2.000000000000000000 ) ;
#958 = DIRECTION ( 'NONE',  ( 1.152620842955073916E-16, 1.000000000000000000, 0.000000000000000000 ) ) ;
#959 = AXIS2_PLACEMENT_3D ( 'NONE', #581, #75, #1518 ) ;
#960 = ORIENTED_EDGE ( 'NONE', *, *, #612, .T. ) ;
#961 = EDGE_CURVE ( 'NONE', #488, #514, #1198, .T. ) ;
#962 = ORIENTED_EDGE ( 'NONE', *, *, #33, .T. ) ;
#963 = AXIS2_PLACEMENT_3D ( 'NONE', #570, #561, #1076 ) ;
#964 = FACE_OUTER_BOUND ( 'NONE', #1560, .T. ) ;
#965 = ORIENTED_EDGE ( 'NONE', *, *, #1569, .T. ) ;
#966 = ORIENTED_EDGE ( 'NONE', *, *, #284, .T. ) ;
#967 = CARTESIAN_POINT ( 'NONE',  ( 4.000000000000010658, -31.83351506881532700, 3.000000000000000000 ) ) ;
#968 = ORIENTED_EDGE ( 'NONE', *, *, #700, .T. ) ;
#969 = ORIENTED_EDGE ( 'NONE', *, *, #1266, .F. ) ;
#970 = EDGE_CURVE ( 'NONE', #224, #1530, #1150, .T. ) ;
#971 = COORDINATED_UNIVERSAL_TIME_OFFSET ( 8, 0, .AHEAD. ) ;
#972 = ADVANCED_FACE ( 'NONE', ( #375 ), #1278, .F. ) ;
#973 = CARTESIAN_POINT ( 'NONE',  ( -3.999999999999995559, -31.83351506881532700, 3.000000000000000000 ) ) ;
#974 = CARTESIAN_POINT ( 'NONE',  ( 4.949747468305815801, -48.73301000542698347, 0.000000000000000000 ) ) ;
#975 = CARTESIAN_POINT ( 'NONE',  ( 4.000000000000010658, -31.83351506881532700, 0.000000000000000000 ) ) ;
#976 = EDGE_LOOP ( 'NONE', ( #421, #400, #875, #21 ) ) ;
#977 = FACE_OUTER_BOUND ( 'NONE', #1216, .T. ) ;
#978 = AXIS2_PLACEMENT_3D ( 'NONE', #157, #164, #827 ) ;
#979 = DIRECTION ( 'NONE',  ( -0.000000000000000000, -0.000000000000000000, -1.000000000000000000 ) ) ;
#980 = EDGE_CURVE ( 'NONE', #167, #1481, #910, .T. ) ;
#981 = DIRECTION ( 'NONE',  ( -1.000000000000000000, 0.000000000000000000, 0.000000000000000000 ) ) ;
#982 = VECTOR ( 'NONE', #725, 1000.000000000000000 ) ;
#983 = CARTESIAN_POINT ( 'NONE',  ( -4.999999999999985789, -53.78326253712116056, 0.000000000000000000 ) ) ;
#984 = VECTOR ( 'NONE', #330, 1000.000000000000000 ) ;
#985 = ORIENTED_EDGE ( 'NONE', *, *, #1513, .T. ) ;
#986 = CARTESIAN_POINT ( 'NONE',  ( -3.999999999999995559, -19.38881381258514480, 3.000000000000000000 ) ) ;
#987 = VECTOR ( 'NONE', #632, 1000.000000000000000 ) ;
#988 = DIRECTION ( 'NONE',  ( -0.000000000000000000, -0.000000000000000000, -1.000000000000000000 ) ) ;
#989 = CYLINDRICAL_SURFACE ( 'NONE', #599, 1.550000000000002709 ) ;
#990 = EDGE_CURVE ( 'NONE', #1131, #186, #1665, .T. ) ;
#991 = DIRECTION ( 'NONE',  ( 0.000000000000000000, 1.000000000000000000, -0.000000000000000000 ) ) ;
#992 = EDGE_CURVE ( 'NONE', #1131, #519, #1357, .T. ) ;
#993 = VERTEX_POINT ( 'NONE', #1520 ) ;
#994 = CARTESIAN_POINT ( 'NONE',  ( 2.335899411324325659, -19.28711165410762973, 0.000000000000000000 ) ) ;
#995 = DIRECTION ( 'NONE',  ( 0.000000000000000000, 0.000000000000000000, 1.000000000000000000 ) ) ;
#996 = CARTESIAN_POINT ( 'NONE',  ( -3.999999999999994227, -5.733010005426987910, 3.000000000000000000 ) ) ;
#997 = CARTESIAN_POINT ( 'NONE',  ( -6.499747468305833387, 11.16648493118467833, 3.000000000000000000 ) ) ;
#998 = DIRECTION ( 'NONE',  ( 0.000000000000000000, 0.000000000000000000, 1.000000000000000000 ) ) ;
#999 = ORIENTED_EDGE ( 'NONE', *, *, #1154, .F. ) ;
#1000 = ORIENTED_EDGE ( 'NONE', *, *, #738, .F. ) ;
#1001 = VERTEX_POINT ( 'NONE', #604 ) ;
#1002 = FACE_OUTER_BOUND ( 'NONE', #666, .T. ) ;
#1003 = FACE_OUTER_BOUND ( 'NONE', #1170, .T. ) ;
#1004 = CARTESIAN_POINT ( 'NONE',  ( -4.949747468305846887, -48.73301000542699057, 3.000000000000000000 ) ) ;
#1005 = LINE ( 'NONE', #345, #264 ) ;
#1006 = ORIENTED_EDGE ( 'NONE', *, *, #636, .T. ) ;
#1007 = ADVANCED_FACE ( 'NONE', ( #871 ), #484, .F. ) ;
#1008 = APPROVAL_ROLE ( '' ) ;
#1009 = ORIENTED_EDGE ( 'NONE', *, *, #1062, .T. ) ;
#1010 = CIRCLE ( 'NONE', #684, 2.999999999999998224 ) ;
#1011 = CARTESIAN_POINT ( 'NONE',  ( -7.999999999999986677, -50.78326253712116056, 3.000000000000000000 ) ) ;
#1012 = FACE_OUTER_BOUND ( 'NONE', #1107, .T. ) ;
#1013 = AXIS2_PLACEMENT_3D ( 'NONE', #47, #423, #554 ) ;
#1014 = AXIS2_PLACEMENT_3D ( 'NONE', #623, #998, #459 ) ;
#1015 = LINE ( 'NONE', #622, #987 ) ;
#1016 = FACE_OUTER_BOUND ( 'NONE', #1659, .T. ) ;
#1017 = EDGE_LOOP ( 'NONE', ( #333, #1018, #1179, #1495 ) ) ;
#1018 = ORIENTED_EDGE ( 'NONE', *, *, #1292, .T. ) ;
#1019 = ORIENTED_EDGE ( 'NONE', *, *, #970, .F. ) ;
#1020 = DIRECTION ( 'NONE',  ( 0.000000000000000000, -1.000000000000000000, 0.000000000000000000 ) ) ;
#1021 = CARTESIAN_POINT ( 'NONE',  ( 6.000000000000014211, -6.915725057730459765E-16, 0.000000000000000000 ) ) ;
#1022 = EDGE_CURVE ( 'NONE', #78, #752, #643, .T. ) ;
#1023 = DIRECTION ( 'NONE',  ( -1.000000000000000000, -1.517883041479706208E-16, 0.000000000000000000 ) ) ;
#1024 = LINE ( 'NONE', #388, #1265 ) ;
#1025 = ORIENTED_EDGE ( 'NONE', *, *, #1634, .F. ) ;
#1026 = ORIENTED_EDGE ( 'NONE', *, *, #924, .F. ) ;
#1027 = CARTESIAN_POINT ( 'NONE',  ( -3.999999999999994227, -3.733010005426987910, 0.000000000000000000 ) ) ;
#1028 = DIRECTION ( 'NONE',  ( 1.000000000000000000, 0.000000000000000000, 0.000000000000000000 ) ) ;
#1029 = DIRECTION ( 'NONE',  ( 1.000000000000000000, 0.000000000000000000, 0.000000000000000000 ) ) ;
#1030 = EDGE_CURVE ( 'NONE', #1466, #1054, #1378, .T. ) ;
#1031 = DIRECTION ( 'NONE',  ( -0.000000000000000000, -0.000000000000000000, 1.000000000000000000 ) ) ;
#1032 = VECTOR ( 'NONE', #541, 1000.000000000000000 ) ;
#1033 = ORIENTED_EDGE ( 'NONE', *, *, #660, .T. ) ;
#1034 = ORIENTED_EDGE ( 'NONE', *, *, #273, .F. ) ;
#1035 = ORIENTED_EDGE ( 'NONE', *, *, #677, .F. ) ;
#1036 = AXIS2_PLACEMENT_3D ( 'NONE', #229, #1612, #845 ) ;
#1037 = CARTESIAN_POINT ( 'NONE',  ( -4.949747468305832676, 1.266989994573012090, 0.000000000000000000 ) ) ;
#1038 = LINE ( 'NONE', #513, #309 ) ;
#1039 = VERTEX_POINT ( 'NONE', #1511 ) ;
#1040 = CARTESIAN_POINT ( 'NONE',  ( 5.000000000000005329, 13.21673746287884299, 0.000000000000000000 ) ) ;
#1041 = EDGE_CURVE ( 'NONE', #820, #1054, #624, .T. ) ;
#1042 = DIRECTION ( 'NONE',  ( 0.000000000000000000, -1.000000000000000000, 0.000000000000000000 ) ) ;
#1043 = VECTOR ( 'NONE', #724, 1000.000000000000000 ) ;
#1044 = EDGE_CURVE ( 'NONE', #891, #638, #368, .T. ) ;
#1045 = EDGE_LOOP ( 'NONE', ( #1533, #95, #1487, #574 ) ) ;
#1046 = ORIENTED_EDGE ( 'NONE', *, *, #536, .F. ) ;
#1047 = DIRECTION ( 'NONE',  ( -1.000000000000000000, 0.000000000000000000, 0.000000000000000000 ) ) ;
#1048 = DIRECTION ( 'NONE',  ( 0.000000000000000000, 0.000000000000000000, 1.000000000000000000 ) ) ;
#1049 = EDGE_LOOP ( 'NONE', ( #1221, #598 ) ) ;
#1050 = DIRECTION ( 'NONE',  ( 1.000000000000000000, 0.000000000000000000, 0.000000000000000000 ) ) ;
#1051 = CARTESIAN_POINT ( 'NONE',  ( 4.000000000000010658, -31.38881381258514480, 0.000000000000000000 ) ) ;
#1052 = ORIENTED_EDGE ( 'NONE', *, *, #954, .T. ) ;
#1053 = AXIS2_PLACEMENT_3D ( 'NONE', #1529, #1042, #1415 ) ;
#1054 = VERTEX_POINT ( 'NONE', #1295 ) ;
#1055 = CARTESIAN_POINT ( 'NONE',  ( -1.141996145258102393E-15, 6.216737462878846543, 0.000000000000000000 ) ) ;
#1056 = DIRECTION ( 'NONE',  ( -8.644656322163053752E-17, -1.000000000000000000, 0.000000000000000000 ) ) ;
#1057 = DIRECTION ( 'NONE',  ( 0.000000000000000000, 0.000000000000000000, -1.000000000000000000 ) ) ;
#1058 = CARTESIAN_POINT ( 'NONE',  ( 1.550000000000006484, -43.78326253712115346, 3.000000000000000000 ) ) ;
#1059 = AXIS2_PLACEMENT_3D ( 'NONE', #681, #650, #138 ) ;
#1060 = EDGE_LOOP ( 'NONE', ( #914, #1223, #710, #1620, #263, #929, #44, #1379 ) ) ;
#1061 = VECTOR ( 'NONE', #1078, 1000.000000000000000 ) ;
#1062 = EDGE_CURVE ( 'NONE', #676, #582, #1275, .T. ) ;
#1063 = CARTESIAN_POINT ( 'NONE',  ( 5.000000000000005329, 13.21673746287884299, 3.000000000000000000 ) ) ;
#1064 = CARTESIAN_POINT ( 'NONE',  ( 6.499747468305823617, -38.83351506881533055, 3.000000000000000000 ) ) ;
#1065 = CARTESIAN_POINT ( 'NONE',  ( -7.999999999999992895, 13.21673746287884121, 0.000000000000000000 ) ) ;
#1066 = CARTESIAN_POINT ( 'NONE',  ( 4.000000000000013323, -5.733010005426987910, 0.000000000000000000 ) ) ;
#1067 = VECTOR ( 'NONE', #1146, 1000.000000000000000 ) ;
#1068 = CIRCLE ( 'NONE', #1556, 2.000000000000000000 ) ;
#1069 = ORIENTED_EDGE ( 'NONE', *, *, #399, .F. ) ;
#1070 = DIRECTION ( 'NONE',  ( 0.000000000000000000, 0.000000000000000000, 1.000000000000000000 ) ) ;
#1071 = EDGE_CURVE ( 'NONE', #514, #134, #674, .T. ) ;
#1072 = DIRECTION ( 'NONE',  ( -0.000000000000000000, -0.000000000000000000, -1.000000000000000000 ) ) ;
#1073 = VERTEX_POINT ( 'NONE', #548 ) ;
#1074 = VERTEX_POINT ( 'NONE', #277 ) ;
#1075 = CARTESIAN_POINT ( 'NONE',  ( 5.000000000000013323, -50.78326253712116056, 3.000000000000000000 ) ) ;
#1076 = DIRECTION ( 'NONE',  ( 1.000000000000000000, 0.000000000000000000, 0.000000000000000000 ) ) ;
#1077 = LINE ( 'NONE', #195, #982 ) ;
#1078 = DIRECTION ( 'NONE',  ( -0.000000000000000000, -0.000000000000000000, 1.000000000000000000 ) ) ;
#1079 = EDGE_CURVE ( 'NONE', #1499, #1591, #250, .T. ) ;
#1080 = ORIENTED_EDGE ( 'NONE', *, *, #832, .F. ) ;
#1081 = EDGE_LOOP ( 'NONE', ( #810, #1093, #705, #999 ) ) ;
#1082 = CARTESIAN_POINT ( 'NONE',  ( -5.999999999999992895, 5.186793793297825842E-16, 0.000000000000000000 ) ) ;
#1083 = LINE ( 'NONE', #228, #356 ) ;
#1084 = AXIS2_PLACEMENT_3D ( 'NONE', #1463, #815, #1344 ) ;
#1085 = ORIENTED_EDGE ( 'NONE', *, *, #1109, .F. ) ;
#1086 = CARTESIAN_POINT ( 'NONE',  ( -3.999999999999994227, -3.733010005426987910, 3.000000000000000000 ) ) ;
#1087 = AXIS2_PLACEMENT_3D ( 'NONE', #996, #720, #1503 ) ;
#1088 = ADVANCED_FACE ( 'NONE', ( #41 ), #806, .F. ) ;
#1089 = EDGE_LOOP ( 'NONE', ( #296, #1323 ) ) ;
#1090 = EDGE_CURVE ( 'NONE', #451, #160, #556, .T. ) ;
#1091 = CIRCLE ( 'NONE', #553, 2.000000000000000000 ) ;
#1092 = CARTESIAN_POINT ( 'NONE',  ( 4.949747468305833564, 1.266989994573014755, 3.000000000000000000 ) ) ;
#1093 = ORIENTED_EDGE ( 'NONE', *, *, #1341, .T. ) ;
#1094 = FACE_OUTER_BOUND ( 'NONE', #242, .T. ) ;
#1095 = ORIENTED_EDGE ( 'NONE', *, *, #24, .F. ) ;
#1096 = VERTEX_POINT ( 'NONE', #35 ) ;
#1097 = EDGE_CURVE ( 'NONE', #1272, #1478, #792, .T. ) ;
#1098 = COORDINATED_UNIVERSAL_TIME_OFFSET ( 8, 0, .AHEAD. ) ;
#1099 = DIRECTION ( 'NONE',  ( 0.000000000000000000, 0.000000000000000000, 1.000000000000000000 ) ) ;
#1100 = DIRECTION ( 'NONE',  ( -0.000000000000000000, -0.000000000000000000, -1.000000000000000000 ) ) ;
#1101 = LINE ( 'NONE', #450, #984 ) ;
#1102 = CARTESIAN_POINT ( 'NONE',  ( -3.399747468305832410, 1.266989994573012313, 3.000000000000000000 ) ) ;
#1103 = VERTEX_POINT ( 'NONE', #1065 ) ;
#1104 = ADVANCED_FACE ( 'NONE', ( #1166, #12, #1581, #801, #1176, #1424, #783, #1574, #23, #169, #1587, #285, #418 ), #525, .F. ) ;
#1105 = CARTESIAN_POINT ( 'NONE',  ( -4.949747468305846887, -48.73301000542699057, 3.000000000000000000 ) ) ;
#1106 = DIRECTION ( 'NONE',  ( 1.000000000000000000, 0.000000000000000000, 0.000000000000000000 ) ) ;
#1107 = EDGE_LOOP ( 'NONE', ( #821, #1579, #389, #397 ) ) ;
#1108 = DIRECTION ( 'NONE',  ( 1.000000000000000000, 0.000000000000000000, 0.000000000000000000 ) ) ;
#1109 = EDGE_CURVE ( 'NONE', #993, #1132, #1488, .T. ) ;
#1110 = AXIS2_PLACEMENT_3D ( 'NONE', #1063, #540, #34 ) ;
#1111 = FACE_OUTER_BOUND ( 'NONE', #976, .T. ) ;
#1112 = AXIS2_PLACEMENT_3D ( 'NONE', #1156, #1048, #1028 ) ;
#1113 = ORIENTED_EDGE ( 'NONE', *, *, #49, .T. ) ;
#1114 = LINE ( 'NONE', #994, #1043 ) ;
#1115 = CIRCLE ( 'NONE', #1474, 3.000000000000000000 ) ;
#1116 = CARTESIAN_POINT ( 'NONE',  ( 6.499747468305822728, -48.73301000542698347, 0.000000000000000000 ) ) ;
#1117 = AXIS2_PLACEMENT_3D ( 'NONE', #469, #991, #1504 ) ;
#1118 = CARTESIAN_POINT ( 'NONE',  ( -5.664100588675681891, -7.287111654107619074, 3.000000000000000000 ) ) ;
#1119 = DIRECTION ( 'NONE',  ( -0.000000000000000000, -0.000000000000000000, -1.000000000000000000 ) ) ;
#1120 = APPROVAL ( #840, 'æœª' ) ;
#1121 = DIRECTION ( 'NONE',  ( -0.000000000000000000, -0.000000000000000000, 1.000000000000000000 ) ) ;
#1122 = VERTEX_POINT ( 'NONE', #1557 ) ;
#1123 = VERTEX_POINT ( 'NONE', #1456 ) ;
#1124 = FACE_OUTER_BOUND ( 'NONE', #1017, .T. ) ;
#1125 = FACE_OUTER_BOUND ( 'NONE', #261, .T. ) ;
#1126 = DIRECTION ( 'NONE',  ( -0.000000000000000000, -0.000000000000000000, -1.000000000000000000 ) ) ;
#1127 = VECTOR ( 'NONE', #890, 1000.000000000000000 ) ;
#1128 = LINE ( 'NONE', #756, #939 ) ;
#1129 = DIRECTION ( 'NONE',  ( 0.000000000000000000, 0.000000000000000000, 1.000000000000000000 ) ) ;
#1130 = EDGE_LOOP ( 'NONE', ( #245, #225, #153, #839 ) ) ;
#1131 = VERTEX_POINT ( 'NONE', #404 ) ;
#1132 = VERTEX_POINT ( 'NONE', #299 ) ;
#1133 = LINE ( 'NONE', #877, #1169 ) ;
#1134 = AXIS2_PLACEMENT_3D ( 'NONE', #571, #456, #579 ) ;
#1135 = DIRECTION ( 'NONE',  ( 1.000000000000000000, 0.000000000000000000, 0.000000000000000000 ) ) ;
#1136 = CARTESIAN_POINT ( 'NONE',  ( 4.949747468305815801, -48.73301000542698347, 0.000000000000000000 ) ) ;
#1137 = CARTESIAN_POINT ( 'NONE',  ( 6.000000000000014211, -6.915725057730459765E-16, 3.000000000000000000 ) ) ;
#1138 = EDGE_CURVE ( 'NONE', #354, #529, #412, .T. ) ;
#1139 = CIRCLE ( 'NONE', #151, 1.550000000000002709 ) ;
#1140 = ORIENTED_EDGE ( 'NONE', *, *, #1505, .F. ) ;
#1141 = ORIENTED_EDGE ( 'NONE', *, *, #72, .F. ) ;
#1142 = EDGE_CURVE ( 'NONE', #514, #488, #1621, .T. ) ;
#1143 = VECTOR ( 'NONE', #1554, 1000.000000000000000 ) ;
#1144 = ORIENTED_EDGE ( 'NONE', *, *, #27, .F. ) ;
#1145 = CARTESIAN_POINT ( 'NONE',  ( -3.399747468305841736, -38.83351506881533055, 3.000000000000000000 ) ) ;
#1146 = DIRECTION ( 'NONE',  ( -0.000000000000000000, -0.000000000000000000, -1.000000000000000000 ) ) ;
#1147 = VECTOR ( 'NONE', #1267, 1000.000000000000000 ) ;
#1148 = AXIS2_PLACEMENT_3D ( 'NONE', #1498, #240, #93 ) ;
#1149 = CIRCLE ( 'NONE', #1607, 3.000000000000000000 ) ;
#1150 = LINE ( 'NONE', #231, #689 ) ;
#1151 = DIRECTION ( 'NONE',  ( -0.000000000000000000, -0.000000000000000000, 1.000000000000000000 ) ) ;
#1152 = ORIENTED_EDGE ( 'NONE', *, *, #1407, .T. ) ;
#1153 = ORIENTED_EDGE ( 'NONE', *, *, #687, .F. ) ;
#1154 = EDGE_CURVE ( 'NONE', #584, #167, #1440, .T. ) ;
#1155 = DIRECTION ( 'NONE',  ( 0.000000000000000000, 0.000000000000000000, -1.000000000000000000 ) ) ;
#1156 = CARTESIAN_POINT ( 'NONE',  ( 4.949747468305821130, -38.83351506881533055, 0.000000000000000000 ) ) ;
#1157 = APPROVAL_PERSON_ORGANIZATION ( #585, #376, #1201 ) ;
#1158 = LINE ( 'NONE', #506, #1147 ) ;
#1159 = CARTESIAN_POINT ( 'NONE',  ( -4.949747468305846887, -48.73301000542699057, 3.000000000000000000 ) ) ;
#1160 = ORIENTED_EDGE ( 'NONE', *, *, #1468, .F. ) ;
#1161 = ORIENTED_EDGE ( 'NONE', *, *, #1450, .T. ) ;
#1162 = FACE_OUTER_BOUND ( 'NONE', #728, .T. ) ;
#1163 = EDGE_CURVE ( 'NONE', #1514, #627, #668, .T. ) ;
#1164 = DIRECTION ( 'NONE',  ( -0.000000000000000000, -0.000000000000000000, -1.000000000000000000 ) ) ;
#1165 = ORIENTED_EDGE ( 'NONE', *, *, #660, .F. ) ;
#1166 = FACE_BOUND ( 'NONE', #1656, .T. ) ;
#1167 = EDGE_CURVE ( 'NONE', #269, #1074, #898, .T. ) ;
#1168 = DIRECTION ( 'NONE',  ( 0.000000000000000000, 0.000000000000000000, 1.000000000000000000 ) ) ;
#1169 = VECTOR ( 'NONE', #869, 1000.000000000000000 ) ;
#1170 = EDGE_LOOP ( 'NONE', ( #320, #462, #1467, #1205 ) ) ;
#1171 = EDGE_LOOP ( 'NONE', ( #279, #968, #1035, #1460 ) ) ;
#1172 = PLANE ( 'NONE',  #718 ) ;
#1173 = VECTOR ( 'NONE', #350, 1000.000000000000000 ) ;
#1174 = CARTESIAN_POINT ( 'NONE',  ( 4.949747468305833564, 11.16648493118467833, 0.000000000000000000 ) ) ;
#1175 = CARTESIAN_POINT ( 'NONE',  ( -5.999999999999995559, -31.83351506881532700, 0.000000000000000000 ) ) ;
#1176 = FACE_BOUND ( 'NONE', #901, .T. ) ;
#1177 = DIRECTION ( 'NONE',  ( 0.000000000000000000, 0.000000000000000000, 1.000000000000000000 ) ) ;
#1178 = AXIS2_PLACEMENT_3D ( 'NONE', #791, #1311, #156 ) ;
#1179 = ORIENTED_EDGE ( 'NONE', *, *, #364, .F. ) ;
#1180 = ORIENTED_EDGE ( 'NONE', *, *, #1071, .T. ) ;
#1181 = CARTESIAN_POINT ( 'NONE',  ( 8.000000000000014211, -50.78326253712116056, 0.000000000000000000 ) ) ;
#1182 = CARTESIAN_POINT ( 'NONE',  ( -1.550000000000000933, 6.216737462878846543, 3.000000000000000000 ) ) ;
#1183 = CARTESIAN_POINT ( 'NONE',  ( -3.999999999999995559, -31.83351506881532700, 0.000000000000000000 ) ) ;
#1184 = CARTESIAN_POINT ( 'NONE',  ( 5.000000000000004441, 16.21673746287884299, 3.000000000000000000 ) ) ;
#1185 = ADVANCED_FACE ( 'NONE', ( #709 ), #1593, .F. ) ;
#1186 = ORIENTED_EDGE ( 'NONE', *, *, #194, .F. ) ;
#1187 = FACE_OUTER_BOUND ( 'NONE', #1060, .T. ) ;
#1188 = DIRECTION ( 'NONE',  ( -0.000000000000000000, -0.000000000000000000, -1.000000000000000000 ) ) ;
#1189 = CARTESIAN_POINT ( 'NONE',  ( 6.000000000000012434, -18.17771126165716922, 3.000000000000000000 ) ) ;
#1190 = AXIS2_PLACEMENT_3D ( 'NONE', #267, #927, #918 ) ;
#1191 = ORIENTED_EDGE ( 'NONE', *, *, #217, .F. ) ;
#1192 = AXIS2_PLACEMENT_3D ( 'NONE', #290, #905, #673 ) ;
#1193 = EDGE_CURVE ( 'NONE', #702, #1096, #854, .T. ) ;
#1194 = VECTOR ( 'NONE', #1231, 1000.000000000000000 ) ;
#1195 = DIRECTION ( 'NONE',  ( -0.000000000000000000, -0.000000000000000000, -1.000000000000000000 ) ) ;
#1196 = CARTESIAN_POINT ( 'NONE',  ( -4.999999999999993783, 16.21673746287884299, 3.000000000000000000 ) ) ;
#1197 = ORIENTED_EDGE ( 'NONE', *, *, #1482, .F. ) ;
#1198 = CIRCLE ( 'NONE', #468, 1.550000000000007150 ) ;
#1199 = AXIS2_PLACEMENT_3D ( 'NONE', #215, #83, #361 ) ;
#1200 = ORIENTED_EDGE ( 'NONE', *, *, #677, .T. ) ;
#1201 = APPROVAL_ROLE ( '' ) ;
#1202 = ADVANCED_FACE ( 'NONE', ( #48 ), #1471, .F. ) ;
#1203 = CARTESIAN_POINT ( 'NONE',  ( 0.000000000000000000, -33.83351506881533055, 3.000000000000000000 ) ) ;
#1204 = DIRECTION ( 'NONE',  ( -0.000000000000000000, -0.000000000000000000, -1.000000000000000000 ) ) ;
#1205 = ORIENTED_EDGE ( 'NONE', *, *, #1044, .F. ) ;
#1206 = CIRCLE ( 'NONE', #298, 1.550000000000002709 ) ;
#1207 = EDGE_LOOP ( 'NONE', ( #1113, #1605, #1153, #1561 ) ) ;
#1208 = AXIS2_PLACEMENT_3D ( 'NONE', #1314, #158, #377 ) ;
#1209 = CYLINDRICAL_SURFACE ( 'NONE', #1178, 1.550000000000000266 ) ;
#1210 = EDGE_CURVE ( 'NONE', #1272, #1001, #586, .T. ) ;
#1211 = DIRECTION ( 'NONE',  ( 0.000000000000000000, 0.000000000000000000, 1.000000000000000000 ) ) ;
#1212 = ORIENTED_EDGE ( 'NONE', *, *, #729, .T. ) ;
#1213 = DIRECTION ( 'NONE',  ( 0.000000000000000000, 0.000000000000000000, 1.000000000000000000 ) ) ;
#1214 = EDGE_CURVE ( 'NONE', #1001, #391, #409, .T. ) ;
#1215 = ORIENTED_EDGE ( 'NONE', *, *, #612, .F. ) ;
#1216 = EDGE_LOOP ( 'NONE', ( #617, #811, #955, #363 ) ) ;
#1217 = AXIS2_PLACEMENT_3D ( 'NONE', #973, #1100, #81 ) ;
#1218 = DIRECTION ( 'NONE',  ( 1.084202172485504434E-16, -1.000000000000000000, 0.000000000000000000 ) ) ;
#1219 = DIRECTION ( 'NONE',  ( 0.000000000000000000, 0.000000000000000000, 1.000000000000000000 ) ) ;
#1220 = CIRCLE ( 'NONE', #173, 1.550000000000000266 ) ;
#1221 = ORIENTED_EDGE ( 'NONE', *, *, #1142, .F. ) ;
#1222 = LINE ( 'NONE', #1385, #1309 ) ;
#1223 = ORIENTED_EDGE ( 'NONE', *, *, #1589, .T. ) ;
#1224 = EDGE_CURVE ( 'NONE', #902, #7, #38, .T. ) ;
#1225 = ORIENTED_EDGE ( 'NONE', *, *, #1516, .T. ) ;
#1226 = CIRCLE ( 'NONE', #470, 1.550000000000007150 ) ;
#1227 = CIRCLE ( 'NONE', #1366, 1.550000000000004485 ) ;
#1228 = CARTESIAN_POINT ( 'NONE',  ( 0.000000000000000000, 0.000000000000000000, 0.000000000000000000 ) ) ;
#1229 = DIRECTION ( 'NONE',  ( -0.000000000000000000, -0.000000000000000000, -1.000000000000000000 ) ) ;
#1230 = DIRECTION ( 'NONE',  ( 0.000000000000000000, 0.000000000000000000, -1.000000000000000000 ) ) ;
#1231 = DIRECTION ( 'NONE',  ( -0.000000000000000000, -0.000000000000000000, 1.000000000000000000 ) ) ;
#1232 = CARTESIAN_POINT ( 'NONE',  ( 4.949747468305833564, 1.266989994573014755, 3.000000000000000000 ) ) ;
#1233 = EDGE_CURVE ( 'NONE', #53, #398, #1077, .T. ) ;
#1234 = EDGE_LOOP ( 'NONE', ( #1200, #777 ) ) ;
#1235 = CC_DESIGN_SECURITY_CLASSIFICATION ( #1506, ( #77 ) ) ;
#1236 = DIRECTION ( 'NONE',  ( 1.000000000000000000, 0.000000000000000000, 0.000000000000000000 ) ) ;
#1237 = DIRECTION ( 'NONE',  ( -0.000000000000000000, -0.000000000000000000, -1.000000000000000000 ) ) ;
#1238 = CARTESIAN_POINT ( 'NONE',  ( 4.000000000000013323, -3.733010005426987910, 0.000000000000000000 ) ) ;
#1239 = CARTESIAN_POINT ( 'NONE',  ( 4.000000000000012434, -18.17771126165716922, 3.000000000000000000 ) ) ;
#1240 = ORIENTED_EDGE ( 'NONE', *, *, #700, .F. ) ;
#1241 = PERSON_AND_ORGANIZATION_ROLE ( 'classification_officer' ) ;
#1242 = DIRECTION ( 'NONE',  ( -1.000000000000000000, 0.000000000000000000, 0.000000000000000000 ) ) ;
#1243 = EDGE_CURVE ( 'NONE', #751, #391, #424, .T. ) ;
#1244 = FACE_OUTER_BOUND ( 'NONE', #1340, .T. ) ;
#1245 = CYLINDRICAL_SURFACE ( 'NONE', #1036, 1.550000000000002709 ) ;
#1246 = CIRCLE ( 'NONE', #933, 1.550000000000000266 ) ;
#1247 = DIRECTION ( 'NONE',  ( 0.000000000000000000, 0.000000000000000000, 1.000000000000000000 ) ) ;
#1248 = LINE ( 'NONE', #1137, #210 ) ;
#1249 = AXIS2_PLACEMENT_3D ( 'NONE', #42, #549, #711 ) ;
#1250 = CIRCLE ( 'NONE', #1112, 1.550000000000002709 ) ;
#1251 = ORIENTED_EDGE ( 'NONE', *, *, #932, .F. ) ;
#1252 = ORIENTED_EDGE ( 'NONE', *, *, #1233, .F. ) ;
#1253 = EDGE_LOOP ( 'NONE', ( #1551, #965 ) ) ;
#1254 = CARTESIAN_POINT ( 'NONE',  ( 4.949747468305815801, -48.73301000542698347, 3.000000000000000000 ) ) ;
#1255 = AXIS2_PLACEMENT_3D ( 'NONE', #1105, #1641, #481 ) ;
#1256 = LINE ( 'NONE', #98, #597 ) ;
#1257 = ADVANCED_FACE ( 'NONE', ( #964 ), #957, .F. ) ;
#1258 = DIRECTION ( 'NONE',  ( -0.000000000000000000, -0.000000000000000000, -1.000000000000000000 ) ) ;
#1259 = DIRECTION ( 'NONE',  ( 0.000000000000000000, 0.000000000000000000, 1.000000000000000000 ) ) ;
#1260 = CARTESIAN_POINT ( 'NONE',  ( -5.999999999999993783, -6.177711261657162112, 0.000000000000000000 ) ) ;
#1261 = ORIENTED_EDGE ( 'NONE', *, *, #687, .T. ) ;
#1262 = DIRECTION ( 'NONE',  ( 1.152620842955073916E-16, 1.000000000000000000, 0.000000000000000000 ) ) ;
#1263 = DIRECTION ( 'NONE',  ( 0.000000000000000000, 0.000000000000000000, 1.000000000000000000 ) ) ;
#1264 = CARTESIAN_POINT ( 'NONE',  ( -4.949747468305833564, 11.16648493118467833, 0.000000000000000000 ) ) ;
#1265 = VECTOR ( 'NONE', #1031, 1000.000000000000000 ) ;
#1266 = EDGE_CURVE ( 'NONE', #804, #354, #1578, .T. ) ;
#1267 = DIRECTION ( 'NONE',  ( -0.000000000000000000, -0.000000000000000000, -1.000000000000000000 ) ) ;
#1268 = CARTESIAN_POINT ( 'NONE',  ( -5.999999999999993783, -6.177711261657162112, 3.000000000000000000 ) ) ;
#1269 = EDGE_CURVE ( 'NONE', #891, #609, #1139, .T. ) ;
#1270 = ORIENTED_EDGE ( 'NONE', *, *, #1167, .T. ) ;
#1271 = COORDINATED_UNIVERSAL_TIME_OFFSET ( 8, 0, .AHEAD. ) ;
#1272 = VERTEX_POINT ( 'NONE', #844 ) ;
#1273 = EDGE_LOOP ( 'NONE', ( #686, #1445, #1409, #1355 ) ) ;
#1274 = DIRECTION ( 'NONE',  ( 1.000000000000000000, 0.000000000000000000, 0.000000000000000000 ) ) ;
#1275 = CIRCLE ( 'NONE', #678, 2.000000000000000000 ) ;
#1276 = DIRECTION ( 'NONE',  ( -1.000000000000000000, 0.000000000000000000, 0.000000000000000000 ) ) ;
#1277 = ORIENTED_EDGE ( 'NONE', *, *, #1041, .F. ) ;
#1278 = PLANE ( 'NONE',  #1629 ) ;
#1279 = LINE ( 'NONE', #120, #1349 ) ;
#1280 = AXIS2_PLACEMENT_3D ( 'NONE', #610, #1662, #620 ) ;
#1281 = ORIENTED_EDGE ( 'NONE', *, *, #217, .T. ) ;
#1282 = ORIENTED_EDGE ( 'NONE', *, *, #729, .F. ) ;
#1283 = CARTESIAN_POINT ( 'NONE',  ( 4.949747468305833564, 1.266989994573014755, 3.000000000000000000 ) ) ;
#1284 = CARTESIAN_POINT ( 'NONE',  ( -0.000000000000000000, -33.83351506881533055, 0.000000000000000000 ) ) ;
#1285 = EDGE_LOOP ( 'NONE', ( #538, #174, #1191, #1095 ) ) ;
#1286 = CARTESIAN_POINT ( 'NONE',  ( 1.549999999999998934, 6.216737462878846543, 3.000000000000000000 ) ) ;
#1287 = PLANE ( 'NONE',  #1053 ) ;
#1288 = ORIENTED_EDGE ( 'NONE', *, *, #1062, .F. ) ;
#1289 = EDGE_CURVE ( 'NONE', #160, #752, #1416, .T. ) ;
#1290 = ORIENTED_EDGE ( 'NONE', *, *, #339, .T. ) ;
#1291 = ORIENTED_EDGE ( 'NONE', *, *, #353, .F. ) ;
#1292 = EDGE_CURVE ( 'NONE', #488, #1390, #835, .T. ) ;
#1293 = DIRECTION ( 'NONE',  ( 1.000000000000000000, 0.000000000000000000, 0.000000000000000000 ) ) ;
#1294 = CARTESIAN_POINT ( 'NONE',  ( 3.399747468305808873, -48.73301000542698347, 3.000000000000000000 ) ) ;
#1295 = CARTESIAN_POINT ( 'NONE',  ( 3.399747468305833298, 1.266989994573014755, 0.000000000000000000 ) ) ;
#1296 = DIRECTION ( 'NONE',  ( -1.000000000000000000, 0.000000000000000000, 0.000000000000000000 ) ) ;
#1297 = VERTEX_POINT ( 'NONE', #593 ) ;
#1298 = ORIENTED_EDGE ( 'NONE', *, *, #1210, .T. ) ;
#1299 = VERTEX_POINT ( 'NONE', #951 ) ;
#1300 = FACE_OUTER_BOUND ( 'NONE', #1285, .T. ) ;
#1301 = CARTESIAN_POINT ( 'NONE',  ( 0.000000000000000000, -3.733010005426987910, 3.000000000000000000 ) ) ;
#1302 = LINE ( 'NONE', #1284, #1446 ) ;
#1303 = ADVANCED_FACE ( 'NONE', ( #311 ), #1360, .T. ) ;
#1304 = VERTEX_POINT ( 'NONE', #1477 ) ;
#1305 = DIRECTION ( 'NONE',  ( 1.000000000000000000, 0.000000000000000000, -0.000000000000000000 ) ) ;
#1306 = CARTESIAN_POINT ( 'NONE',  ( -6.499747468305833387, 11.16648493118467833, 0.000000000000000000 ) ) ;
#1307 = ORIENTED_EDGE ( 'NONE', *, *, #636, .F. ) ;
#1308 = ORIENTED_EDGE ( 'NONE', *, *, #109, .F. ) ;
#1309 = VECTOR ( 'NONE', #870, 1000.000000000000000 ) ;
#1310 = LINE ( 'NONE', #1438, #682 ) ;
#1311 = DIRECTION ( 'NONE',  ( -0.000000000000000000, -0.000000000000000000, -1.000000000000000000 ) ) ;
#1312 = EDGE_CURVE ( 'NONE', #451, #78, #1246, .T. ) ;
#1313 = CARTESIAN_POINT ( 'NONE',  ( 5.000000000000004441, 16.21673746287884299, 0.000000000000000000 ) ) ;
#1314 = CARTESIAN_POINT ( 'NONE',  ( 5.000000000000013323, -50.78326253712116056, 3.000000000000000000 ) ) ;
#1315 = CIRCLE ( 'NONE', #172, 1.550000000000002709 ) ;
#1316 = EDGE_LOOP ( 'NONE', ( #985, #1225 ) ) ;
#1317 = ORIENTED_EDGE ( 'NONE', *, *, #433, .T. ) ;
#1318 = DIRECTION ( 'NONE',  ( -0.000000000000000000, -0.000000000000000000, -1.000000000000000000 ) ) ;
#1319 = DIRECTION ( 'NONE',  ( 1.000000000000000000, 0.000000000000000000, 0.000000000000000000 ) ) ;
#1320 = DIRECTION ( 'NONE',  ( -1.000000000000000000, 0.000000000000000000, 0.000000000000000000 ) ) ;
#1321 = CARTESIAN_POINT ( 'NONE',  ( -5.999999999999995559, -31.83351506881532700, 3.000000000000000000 ) ) ;
#1322 = ADVANCED_FACE ( 'NONE', ( #1336 ), #440, .F. ) ;
#1323 = ORIENTED_EDGE ( 'NONE', *, *, #789, .F. ) ;
#1324 = FACE_BOUND ( 'NONE', #1089, .T. ) ;
#1325 = DIRECTION ( 'NONE',  ( -1.000000000000000000, 0.000000000000000000, 0.000000000000000000 ) ) ;
#1326 = CARTESIAN_POINT ( 'NONE',  ( -4.949747468305844222, -38.83351506881533055, 0.000000000000000000 ) ) ;
#1327 = ORIENTED_EDGE ( 'NONE', *, *, #922, .F. ) ;
#1328 = ORIENTED_EDGE ( 'NONE', *, *, #954, .F. ) ;
#1329 = VECTOR ( 'NONE', #661, 1000.000000000000000 ) ;
#1330 = ORIENTED_EDGE ( 'NONE', *, *, #723, .T. ) ;
#1331 = CC_DESIGN_PERSON_AND_ORGANIZATION_ASSIGNMENT ( #956, #1241, ( #1506 ) ) ;
#1332 = AXIS2_PLACEMENT_3D ( 'NONE', #967, #1464, #425 ) ;
#1333 = CIRCLE ( 'NONE', #1548, 3.000000000000000000 ) ;
#1334 = DIRECTION ( 'NONE',  ( -1.000000000000000000, 0.000000000000000000, 0.000000000000000000 ) ) ;
#1335 = AXIS2_PLACEMENT_3D ( 'NONE', #837, #420, #945 ) ;
#1336 = FACE_OUTER_BOUND ( 'NONE', #96, .T. ) ;
#1337 = CARTESIAN_POINT ( 'NONE',  ( 6.000000000000014211, -6.915725057730459765E-16, 3.000000000000000000 ) ) ;
#1338 = EDGE_LOOP ( 'NONE', ( #140, #211, #1006, #190 ) ) ;
#1339 = VECTOR ( 'NONE', #1600, 1000.000000000000000 ) ;
#1340 = EDGE_LOOP ( 'NONE', ( #122, #544, #786, #659 ) ) ;
#1341 = EDGE_CURVE ( 'NONE', #762, #1481, #1083, .T. ) ;
#1342 = CARTESIAN_POINT ( 'NONE',  ( -4.999999999999985789, -53.78326253712116056, 10.00000000000000000 ) ) ;
#1343 = EDGE_CURVE ( 'NONE', #715, #129, #1256, .T. ) ;
#1344 = DIRECTION ( 'NONE',  ( 8.644656322163052519E-17, 1.000000000000000000, 0.000000000000000000 ) ) ;
#1345 = ORIENTED_EDGE ( 'NONE', *, *, #1138, .F. ) ;
#1346 = DIRECTION ( 'NONE',  ( 1.000000000000000000, -1.152620842955073916E-16, 0.000000000000000000 ) ) ;
#1347 = VERTEX_POINT ( 'NONE', #465 ) ;
#1348 = EDGE_LOOP ( 'NONE', ( #272, #637, #1085, #1290 ) ) ;
#1349 = VECTOR ( 'NONE', #633, 1000.000000000000000 ) ;
#1350 = PERSON_AND_ORGANIZATION_ROLE ( 'creator' ) ;
#1351 = FACE_OUTER_BOUND ( 'NONE', #672, .T. ) ;
#1352 = CARTESIAN_POINT ( 'NONE',  ( -4.949747468305832676, 1.266989994573012090, 3.000000000000000000 ) ) ;
#1353 = EDGE_LOOP ( 'NONE', ( #196, #1161, #865, #1523 ) ) ;
#1354 = CARTESIAN_POINT ( 'NONE',  ( 6.499747468305833387, 11.16648493118467833, 3.000000000000000000 ) ) ;
#1355 = ORIENTED_EDGE ( 'NONE', *, *, #602, .T. ) ;
#1356 = ORIENTED_EDGE ( 'NONE', *, *, #980, .T. ) ;
#1357 = CIRCLE ( 'NONE', #813, 1.550000000000000488 ) ;
#1358 = CALENDAR_DATE ( 2025, 18, 6 ) ;
#1359 = CYLINDRICAL_SURFACE ( 'NONE', #499, 2.000000000000000000 ) ;
#1360 = PLANE ( 'NONE',  #1084 ) ;
#1361 = AXIS2_PLACEMENT_3D ( 'NONE', #719, #1230, #206 ) ;
#1362 = LINE ( 'NONE', #1118, #1194 ) ;
#1363 = FACE_OUTER_BOUND ( 'NONE', #652, .T. ) ;
#1364 = ORIENTED_EDGE ( 'NONE', *, *, #1407, .F. ) ;
#1365 = CIRCLE ( 'NONE', #768, 1.550000000000002709 ) ;
#1366 = AXIS2_PLACEMENT_3D ( 'NONE', #179, #573, #1451 ) ;
#1367 = PERSON_AND_ORGANIZATION ( #639, #449 ) ;
#1368 = DIRECTION ( 'NONE',  ( 0.000000000000000000, 0.000000000000000000, 1.000000000000000000 ) ) ;
#1369 = LINE ( 'NONE', #483, #1173 ) ;
#1370 = CARTESIAN_POINT ( 'NONE',  ( 3.399747468305832854, 11.16648493118467833, 3.000000000000000000 ) ) ;
#1371 = ORIENTED_EDGE ( 'NONE', *, *, #832, .T. ) ;
#1372 = EDGE_CURVE ( 'NONE', #862, #1668, #482, .T. ) ;
#1373 = CC_DESIGN_APPROVAL ( #1120, ( #260 ) ) ;
#1374 = CALENDAR_DATE ( 2025, 18, 6 ) ;
#1375 = LINE ( 'NONE', #600, #1452 ) ;
#1376 = DIRECTION ( 'NONE',  ( -0.000000000000000000, -0.000000000000000000, -1.000000000000000000 ) ) ;
#1377 = CARTESIAN_POINT ( 'NONE',  ( -4.999999999999985789, -50.78326253712116056, 3.000000000000000000 ) ) ;
#1378 = LINE ( 'NONE', #100, #111 ) ;
#1379 = ORIENTED_EDGE ( 'NONE', *, *, #1109, .T. ) ;
#1380 = ORIENTED_EDGE ( 'NONE', *, *, #809, .T. ) ;
#1381 = DATE_AND_TIME ( #1658, #162 ) ;
#1382 = EDGE_LOOP ( 'NONE', ( #1426, #1436, #328, #1364 ) ) ;
#1383 = CARTESIAN_POINT ( 'NONE',  ( 4.949747468305833564, 11.16648493118467833, 3.000000000000000000 ) ) ;
#1384 = CARTESIAN_POINT ( 'NONE',  ( -3.999999999999994227, -5.733010005426987910, 3.000000000000000000 ) ) ;
#1385 = CARTESIAN_POINT ( 'NONE',  ( 6.000000000000013323, -5.733010005426987910, 3.000000000000000000 ) ) ;
#1386 = AXIS2_PLACEMENT_3D ( 'NONE', #1055, #1430, #8 ) ;
#1387 = LINE ( 'NONE', #889, #1423 ) ;
#1388 = DIRECTION ( 'NONE',  ( 1.000000000000000000, 0.000000000000000000, 0.000000000000000000 ) ) ;
#1389 = VECTOR ( 'NONE', #817, 1000.000000000000000 ) ;
#1390 = VERTEX_POINT ( 'NONE', #1502 ) ;
#1391 = EDGE_LOOP ( 'NONE', ( #1327, #1330, #384, #380, #1317, #874, #52, #1603 ) ) ;
#1392 = ADVANCED_FACE ( 'NONE', ( #1650 ), #1517, .F. ) ;
#1393 = ORIENTED_EDGE ( 'NONE', *, *, #284, .F. ) ;
#1394 = AXIS2_PLACEMENT_3D ( 'NONE', #663, #919, #258 ) ;
#1395 = DIRECTION ( 'NONE',  ( 0.000000000000000000, 0.000000000000000000, 1.000000000000000000 ) ) ;
#1396 = CARTESIAN_POINT ( 'NONE',  ( -3.399747468305832854, 11.16648493118467833, 3.000000000000000000 ) ) ;
#1397 = ADVANCED_FACE ( 'NONE', ( #1244 ), #1509, .F. ) ;
#1398 = DIRECTION ( 'NONE',  ( 1.000000000000000000, 0.000000000000000000, 0.000000000000000000 ) ) ;
#1399 = DIRECTION ( 'NONE',  ( 1.000000000000000000, 0.000000000000000000, 0.000000000000000000 ) ) ;
#1400 = ORIENTED_EDGE ( 'NONE', *, *, #454, .T. ) ;
#1401 = VERTEX_POINT ( 'NONE', #115 ) ;
#1402 = ORIENTED_EDGE ( 'NONE', *, *, #771, .T. ) ;
#1403 = APPROVAL_PERSON_ORGANIZATION ( #310, #1120, #447 ) ;
#1404 = LINE ( 'NONE', #1145, #281 ) ;
#1405 = CARTESIAN_POINT ( 'NONE',  ( -3.399747468305832854, 11.16648493118467833, 3.000000000000000000 ) ) ;
#1406 = DIRECTION ( 'NONE',  ( -0.000000000000000000, -0.000000000000000000, -1.000000000000000000 ) ) ;
#1407 = EDGE_CURVE ( 'NONE', #1122, #638, #334, .T. ) ;
#1408 = CARTESIAN_POINT ( 'NONE',  ( 3.399747468305818643, -38.83351506881533055, 3.000000000000000000 ) ) ;
#1409 = ORIENTED_EDGE ( 'NONE', *, *, #1243, .T. ) ;
#1410 = CARTESIAN_POINT ( 'NONE',  ( 6.000000000000014211, -6.915725057730459765E-16, 3.000000000000000000 ) ) ;
#1411 = DIRECTION ( 'NONE',  ( 1.000000000000000000, 0.000000000000000000, 0.000000000000000000 ) ) ;
#1412 = DIRECTION ( 'NONE',  ( 0.000000000000000000, 0.000000000000000000, 1.000000000000000000 ) ) ;
#1413 = LINE ( 'NONE', #766, #208 ) ;
#1414 = ADVANCED_FACE ( 'NONE', ( #127 ), #630, .F. ) ;
#1415 = DIRECTION ( 'NONE',  ( 0.000000000000000000, -0.000000000000000000, -1.000000000000000000 ) ) ;
#1416 = CIRCLE ( 'NONE', #287, 1.550000000000000266 ) ;
#1417 = EDGE_CURVE ( 'NONE', #883, #628, #1133, .T. ) ;
#1418 = VECTOR ( 'NONE', #276, 1000.000000000000000 ) ;
#1419 = ORIENTED_EDGE ( 'NONE', *, *, #1090, .T. ) ;
#1420 = ORIENTED_EDGE ( 'NONE', *, *, #690, .T. ) ;
#1421 = DIRECTION ( 'NONE',  ( -0.000000000000000000, -0.000000000000000000, -1.000000000000000000 ) ) ;
#1422 = CARTESIAN_POINT ( 'NONE',  ( 5.000000000000013323, -53.78326253712116056, 10.00000000000000000 ) ) ;
#1423 = VECTOR ( 'NONE', #475, 1000.000000000000000 ) ;
#1424 = FACE_BOUND ( 'NONE', #443, .T. ) ;
#1425 = CARTESIAN_POINT ( 'NONE',  ( -1.550000000000002487, -43.78326253712115346, 0.000000000000000000 ) ) ;
#1426 = ORIENTED_EDGE ( 'NONE', *, *, #1428, .F. ) ;
#1427 = ORIENTED_EDGE ( 'NONE', *, *, #1097, .F. ) ;
#1428 = EDGE_CURVE ( 'NONE', #609, #1122, #1404, .T. ) ;
#1429 = ORIENTED_EDGE ( 'NONE', *, *, #1516, .F. ) ;
#1430 = DIRECTION ( 'NONE',  ( 0.000000000000000000, 0.000000000000000000, 1.000000000000000000 ) ) ;
#1431 = LOCAL_TIME ( 16, 8, 19.00000000000000000, #971 ) ;
#1432 = DIRECTION ( 'NONE',  ( 0.000000000000000000, 0.000000000000000000, 1.000000000000000000 ) ) ;
#1433 = CARTESIAN_POINT ( 'NONE',  ( 4.000000000000010658, -33.83351506881533055, 0.000000000000000000 ) ) ;
#1434 = CIRCLE ( 'NONE', #1208, 3.000000000000000888 ) ;
#1435 = CARTESIAN_POINT ( 'NONE',  ( 6.499747468305833387, 11.16648493118467833, 0.000000000000000000 ) ) ;
#1436 = ORIENTED_EDGE ( 'NONE', *, *, #843, .T. ) ;
#1437 = ADVANCED_FACE ( 'NONE', ( #641 ), #88, .F. ) ;
#1438 = CARTESIAN_POINT ( 'NONE',  ( 6.499747468305833387, 11.16648493118467833, 3.000000000000000000 ) ) ;
#1439 = CARTESIAN_POINT ( 'NONE',  ( 4.949747468305833564, 1.266989994573014755, 0.000000000000000000 ) ) ;
#1440 = LINE ( 'NONE', #148, #595 ) ;
#1441 = VECTOR ( 'NONE', #385, 1000.000000000000000 ) ;
#1442 = DIRECTION ( 'NONE',  ( 1.000000000000000000, 0.000000000000000000, 0.000000000000000000 ) ) ;
#1443 = ORIENTED_EDGE ( 'NONE', *, *, #367, .T. ) ;
#1444 = AXIS2_PLACEMENT_3D ( 'NONE', #448, #691, #55 ) ;
#1445 = ORIENTED_EDGE ( 'NONE', *, *, #248, .T. ) ;
#1446 = VECTOR ( 'NONE', #1276, 1000.000000000000000 ) ;
#1447 = CYLINDRICAL_SURFACE ( 'NONE', #61, 1.550000000000002709 ) ;
#1448 = ADVANCED_FACE ( 'NONE', ( #1125 ), #365, .F. ) ;
#1449 = CARTESIAN_POINT ( 'NONE',  ( -4.949747468305832676, 1.266989994573012090, 3.000000000000000000 ) ) ;
#1450 = EDGE_CURVE ( 'NONE', #883, #1550, #860, .T. ) ;
#1451 = DIRECTION ( 'NONE',  ( 1.000000000000000000, 0.000000000000000000, 0.000000000000000000 ) ) ;
#1452 = VECTOR ( 'NONE', #472, 1000.000000000000000 ) ;
#1453 = ORIENTED_EDGE ( 'NONE', *, *, #273, .T. ) ;
#1454 = ORIENTED_EDGE ( 'NONE', *, *, #227, .F. ) ;
#1455 = DIRECTION ( 'NONE',  ( 1.000000000000000000, 0.000000000000000000, 0.000000000000000000 ) ) ;
#1456 = CARTESIAN_POINT ( 'NONE',  ( 6.000000000000010658, -31.38881381258514480, 3.000000000000000000 ) ) ;
#1457 = LINE ( 'NONE', #1594, #1389 ) ;
#1458 = CC_DESIGN_APPROVAL ( #376, ( #77 ) ) ;
#1459 = ADVANCED_FACE ( 'NONE', ( #1002 ), #886, .T. ) ;
#1460 = ORIENTED_EDGE ( 'NONE', *, *, #990, .F. ) ;
#1461 = DIRECTION ( 'NONE',  ( 0.000000000000000000, 0.000000000000000000, -1.000000000000000000 ) ) ;
#1462 = CARTESIAN_POINT ( 'NONE',  ( -5.999999999999994671, -19.38881381258514480, 3.000000000000000000 ) ) ;
#1463 = CARTESIAN_POINT ( 'NONE',  ( -5.999999999999992895, 5.186793793297825842E-16, 3.000000000000000000 ) ) ;
#1464 = DIRECTION ( 'NONE',  ( 0.000000000000000000, 0.000000000000000000, 1.000000000000000000 ) ) ;
#1465 = EDGE_LOOP ( 'NONE', ( #646, #407 ) ) ;
#1466 = VERTEX_POINT ( 'NONE', #252 ) ;
#1467 = ORIENTED_EDGE ( 'NONE', *, *, #390, .F. ) ;
#1468 = EDGE_CURVE ( 'NONE', #1390, #134, #253, .T. ) ;
#1469 = AXIS2_PLACEMENT_3D ( 'NONE', #1174, #430, #39 ) ;
#1470 = CIRCLE ( 'NONE', #937, 1.550000000000000488 ) ;
#1471 = CYLINDRICAL_SURFACE ( 'NONE', #1134, 1.550000000000000266 ) ;
#1472 = CARTESIAN_POINT ( 'NONE',  ( -5.999999999999993783, -5.733010005426987910, 0.000000000000000000 ) ) ;
#1473 = ORIENTED_EDGE ( 'NONE', *, *, #847, .F. ) ;
#1474 = AXIS2_PLACEMENT_3D ( 'NONE', #212, #1229, #87 ) ;
#1475 = EDGE_LOOP ( 'NONE', ( #703, #508, #1649, #133 ) ) ;
#1476 = CC_DESIGN_PERSON_AND_ORGANIZATION_ASSIGNMENT ( #177, #823, ( #77 ) ) ;
#1477 = CARTESIAN_POINT ( 'NONE',  ( 6.000000000000010658, -31.38881381258514480, 0.000000000000000000 ) ) ;
#1478 = VERTEX_POINT ( 'NONE', #473 ) ;
#1479 = CARTESIAN_POINT ( 'NONE',  ( -4.999999999999992895, 13.21673746287884121, 0.000000000000000000 ) ) ;
#1480 = ORIENTED_EDGE ( 'NONE', *, *, #990, .T. ) ;
#1481 = VERTEX_POINT ( 'NONE', #1116 ) ;
#1482 = EDGE_CURVE ( 'NONE', #1096, #1073, #790, .T. ) ;
#1483 = CARTESIAN_POINT ( 'NONE',  ( -7.999999999999992895, 13.21673746287884121, 3.000000000000000000 ) ) ;
#1484 = CARTESIAN_POINT ( 'NONE',  ( -5.999999999999992895, 5.186793793297825842E-16, 3.000000000000000000 ) ) ;
#1485 = CARTESIAN_POINT ( 'NONE',  ( -3.999999999999995559, -19.38881381258514480, 0.000000000000000000 ) ) ;
#1486 = LINE ( 'NONE', #477, #1606 ) ;
#1487 = ORIENTED_EDGE ( 'NONE', *, *, #1079, .F. ) ;
#1488 = CIRCLE ( 'NONE', #759, 3.000000000000000000 ) ;
#1489 = CIRCLE ( 'NONE', #1249, 1.550000000000000044 ) ;
#1490 = PERSON_AND_ORGANIZATION ( #639, #449 ) ;
#1491 = VECTOR ( 'NONE', #938, 1000.000000000000000 ) ;
#1492 = CARTESIAN_POINT ( 'NONE',  ( -7.999999999999992895, 13.21673746287884121, 3.000000000000000000 ) ) ;
#1493 = DIRECTION ( 'NONE',  ( 0.000000000000000000, 0.000000000000000000, 1.000000000000000000 ) ) ;
#1494 = AXIS2_PLACEMENT_3D ( 'NONE', #74, #1219, #1617 ) ;
#1495 = ORIENTED_EDGE ( 'NONE', *, *, #1071, .F. ) ;
#1496 = CARTESIAN_POINT ( 'NONE',  ( 4.000000000000010658, -31.83351506881532700, 3.000000000000000000 ) ) ;
#1497 = ADVANCED_FACE ( 'NONE', ( #1526 ), #243, .F. ) ;
#1498 = CARTESIAN_POINT ( 'NONE',  ( -1.141996145258102393E-15, 6.216737462878846543, 3.000000000000000000 ) ) ;
#1499 = VERTEX_POINT ( 'NONE', #1181 ) ;
#1500 = AXIS2_PLACEMENT_3D ( 'NONE', #1483, #1631, #833 ) ;
#1501 = CIRCLE ( 'NONE', #1199, 2.000000000000000000 ) ;
#1502 = CARTESIAN_POINT ( 'NONE',  ( -3.399747468305839959, -48.73301000542699057, 0.000000000000000000 ) ) ;
#1503 = DIRECTION ( 'NONE',  ( 1.000000000000000000, 0.000000000000000000, 0.000000000000000000 ) ) ;
#1504 = DIRECTION ( 'NONE',  ( 0.000000000000000000, 0.000000000000000000, 1.000000000000000000 ) ) ;
#1505 = EDGE_CURVE ( 'NONE', #347, #201, #1310, .T. ) ;
#1506 = SECURITY_CLASSIFICATION ( '', '', #688 ) ;
#1507 = VERTEX_POINT ( 'NONE', #161 ) ;
#1508 = AXIS2_PLACEMENT_3D ( 'NONE', #775, #13, #1296 ) ;
#1509 = CYLINDRICAL_SURFACE ( 'NONE', #1280, 1.550000000000004485 ) ;
#1510 = CARTESIAN_POINT ( 'NONE',  ( -7.999999999999992895, 13.21673746287884121, 3.000000000000000000 ) ) ;
#1511 = CARTESIAN_POINT ( 'NONE',  ( -2.335899411324308783, -18.27941342013468429, 3.000000000000000000 ) ) ;
#1512 = CARTESIAN_POINT ( 'NONE',  ( 8.000000000000014211, -50.78326253712116056, 3.000000000000000000 ) ) ;
#1513 = EDGE_CURVE ( 'NONE', #129, #1297, #434, .T. ) ;
#1514 = VERTEX_POINT ( 'NONE', #1562 ) ;
#1515 = ORIENTED_EDGE ( 'NONE', *, *, #79, .F. ) ;
#1516 = EDGE_CURVE ( 'NONE', #1297, #129, #1622, .T. ) ;
#1517 = CYLINDRICAL_SURFACE ( 'NONE', #1598, 1.550000000000000266 ) ;
#1518 = DIRECTION ( 'NONE',  ( 1.000000000000000000, 0.000000000000000000, 0.000000000000000000 ) ) ;
#1519 = AXIS2_PLACEMENT_3D ( 'NONE', #1642, #1263, #601 ) ;
#1520 = CARTESIAN_POINT ( 'NONE',  ( -4.999999999999993783, 16.21673746287884299, 3.000000000000000000 ) ) ;
#1521 = DIRECTION ( 'NONE',  ( -0.000000000000000000, -0.000000000000000000, -1.000000000000000000 ) ) ;
#1522 = CIRCLE ( 'NONE', #819, 1.550000000000002709 ) ;
#1523 = ORIENTED_EDGE ( 'NONE', *, *, #546, .T. ) ;
#1524 = ORIENTED_EDGE ( 'NONE', *, *, #961, .T. ) ;
#1525 = EDGE_CURVE ( 'NONE', #1347, #676, #1553, .T. ) ;
#1526 = FACE_OUTER_BOUND ( 'NONE', #739, .T. ) ;
#1527 = CARTESIAN_POINT ( 'NONE',  ( -4.999999999999993783, 16.21673746287884299, 0.000000000000000000 ) ) ;
#1528 = DIRECTION ( 'NONE',  ( 0.000000000000000000, 0.000000000000000000, 1.000000000000000000 ) ) ;
#1529 = CARTESIAN_POINT ( 'NONE',  ( 0.000000000000000000, -33.83351506881533055, 3.000000000000000000 ) ) ;
#1530 = VERTEX_POINT ( 'NONE', #925 ) ;
#1531 = DATE_TIME_ROLE ( 'classification_date' ) ;
#1532 = ORIENTED_EDGE ( 'NONE', *, *, #259, .F. ) ;
#1533 = ORIENTED_EDGE ( 'NONE', *, *, #293, .F. ) ;
#1534 = CC_DESIGN_APPROVAL ( #159, ( #1506 ) ) ;
#1535 = CARTESIAN_POINT ( 'NONE',  ( 5.000000000000004441, 16.21673746287884299, 3.000000000000000000 ) ) ;
#1536 = CARTESIAN_POINT ( 'NONE',  ( -2.335899411324308783, -18.27941342013468429, 0.000000000000000000 ) ) ;
#1537 = ORIENTED_EDGE ( 'NONE', *, *, #1193, .F. ) ;
#1538 = DIRECTION ( 'NONE',  ( -0.000000000000000000, -0.000000000000000000, -1.000000000000000000 ) ) ;
#1539 = CYLINDRICAL_SURFACE ( 'NONE', #1508, 3.000000000000000000 ) ;
#1540 = ORIENTED_EDGE ( 'NONE', *, *, #90, .T. ) ;
#1541 = DIRECTION ( 'NONE',  ( 0.000000000000000000, 0.000000000000000000, 1.000000000000000000 ) ) ;
#1542 = VECTOR ( 'NONE', #1320, 1000.000000000000000 ) ;
#1543 = DIRECTION ( 'NONE',  ( 0.5547001962252291474, -0.8320502943378437211, 0.000000000000000000 ) ) ;
#1544 = ORIENTED_EDGE ( 'NONE', *, *, #367, .F. ) ;
#1545 = CARTESIAN_POINT ( 'NONE',  ( -4.949747468305833564, 11.16648493118467833, 3.000000000000000000 ) ) ;
#1546 = LINE ( 'NONE', #909, #539 ) ;
#1547 = DESIGN_CONTEXT ( 'detailed design', #787, 'design' ) ;
#1548 = AXIS2_PLACEMENT_3D ( 'NONE', #667, #547, #1293 ) ;
#1549 = ADVANCED_FACE ( 'NONE', ( #393 ), #1447, .F. ) ;
#1550 = VERTEX_POINT ( 'NONE', #805 ) ;
#1551 = ORIENTED_EDGE ( 'NONE', *, *, #1289, .T. ) ;
#1552 = ORIENTED_EDGE ( 'NONE', *, *, #1468, .T. ) ;
#1553 = LINE ( 'NONE', #931, #900 ) ;
#1554 = DIRECTION ( 'NONE',  ( -1.152620842955073916E-16, -1.000000000000000000, 0.000000000000000000 ) ) ;
#1555 = AXIS2_PLACEMENT_3D ( 'NONE', #163, #1099, #852 ) ;
#1556 = AXIS2_PLACEMENT_3D ( 'NONE', #975, #1619, #1388 ) ;
#1557 = CARTESIAN_POINT ( 'NONE',  ( -3.399747468305841736, -38.83351506881533055, 0.000000000000000000 ) ) ;
#1558 = DIRECTION ( 'NONE',  ( -0.000000000000000000, -0.000000000000000000, -1.000000000000000000 ) ) ;
#1559 = ORIENTED_EDGE ( 'NONE', *, *, #1269, .F. ) ;
#1560 = EDGE_LOOP ( 'NONE', ( #147, #940, #1291, #1046 ) ) ;
#1561 = ORIENTED_EDGE ( 'NONE', *, *, #1030, .F. ) ;
#1562 = CARTESIAN_POINT ( 'NONE',  ( 5.000000000000004441, 16.21673746287884299, 0.000000000000000000 ) ) ;
#1563 = DIRECTION ( 'NONE',  ( 0.000000000000000000, 0.000000000000000000, 1.000000000000000000 ) ) ;
#1564 = ORIENTED_EDGE ( 'NONE', *, *, #742, .F. ) ;
#1565 = DIRECTION ( 'NONE',  ( -0.000000000000000000, -0.000000000000000000, -1.000000000000000000 ) ) ;
#1566 = AXIS2_PLACEMENT_3D ( 'NONE', #396, #1177, #25 ) ;
#1567 = DIRECTION ( 'NONE',  ( 1.084202172485504434E-16, -1.000000000000000000, 0.000000000000000000 ) ) ;
#1568 = ORIENTED_EDGE ( 'NONE', *, *, #386, .F. ) ;
#1569 = EDGE_CURVE ( 'NONE', #752, #160, #1220, .T. ) ;
#1570 = EDGE_LOOP ( 'NONE', ( #249, #235 ) ) ;
#1571 = ADVANCED_FACE ( 'NONE', ( #799, #1187, #531, #772, #154, #781, #381, #29, #1324, #401, #916, #297, #275 ), #282, .T. ) ;
#1572 = CARTESIAN_POINT ( 'NONE',  ( 4.949747468305821130, -38.83351506881533055, 3.000000000000000000 ) ) ;
#1573 = CARTESIAN_POINT ( 'NONE',  ( -3.399747468305832410, 1.266989994573012313, 0.000000000000000000 ) ) ;
#1574 = FACE_BOUND ( 'NONE', #1570, .T. ) ;
#1575 = AXIS2_PLACEMENT_3D ( 'NONE', #130, #1406, #360 ) ;
#1576 = CYLINDRICAL_SURFACE ( 'NONE', #1332, 2.000000000000000000 ) ;
#1577 = VECTOR ( 'NONE', #1072, 1000.000000000000000 ) ;
#1578 = CIRCLE ( 'NONE', #1494, 2.000000000000000000 ) ;
#1579 = ORIENTED_EDGE ( 'NONE', *, *, #563, .F. ) ;
#1580 = CARTESIAN_POINT ( 'NONE',  ( 1.550000000000006484, -43.78326253712115346, 3.000000000000000000 ) ) ;
#1581 = FACE_BOUND ( 'NONE', #785, .T. ) ;
#1582 = CARTESIAN_POINT ( 'NONE',  ( -4.949747468305846887, -48.73301000542699057, 0.000000000000000000 ) ) ;
#1583 = CIRCLE ( 'NONE', #313, 1.550000000000002709 ) ;
#1584 = EDGE_LOOP ( 'NONE', ( #452, #4, #1026, #1371 ) ) ;
#1585 = PERSON_AND_ORGANIZATION_ROLE ( 'design_owner' ) ;
#1586 = ADVANCED_FACE ( 'NONE', ( #522 ), #648, .T. ) ;
#1587 = FACE_OUTER_BOUND ( 'NONE', #104, .T. ) ;
#1588 = DIRECTION ( 'NONE',  ( 1.000000000000000000, 0.000000000000000000, 0.000000000000000000 ) ) ;
#1589 = EDGE_CURVE ( 'NONE', #1668, #533, #1333, .T. ) ;
#1590 = EDGE_LOOP ( 'NONE', ( #1215, #836, #1638, #479 ) ) ;
#1591 = VERTEX_POINT ( 'NONE', #135 ) ;
#1592 =( NAMED_UNIT ( * ) PLANE_ANGLE_UNIT ( ) SI_UNIT ( $, .RADIAN. ) );
#1593 = CYLINDRICAL_SURFACE ( 'NONE', #486, 1.550000000000000266 ) ;
#1594 = CARTESIAN_POINT ( 'NONE',  ( -0.000000000000000000, -3.733010005426987910, 0.000000000000000000 ) ) ;
#1595 = ORIENTED_EDGE ( 'NONE', *, *, #1079, .T. ) ;
#1596 = CC_DESIGN_DATE_AND_TIME_ASSIGNMENT ( #203, #706, ( #260 ) ) ;
#1597 = EDGE_LOOP ( 'NONE', ( #1559, #797 ) ) ;
#1598 = AXIS2_PLACEMENT_3D ( 'NONE', #1283, #1623, #106 ) ;
#1599 = CARTESIAN_POINT ( 'NONE',  ( 4.949747468305821130, -38.83351506881533055, 3.000000000000000000 ) ) ;
#1600 = DIRECTION ( 'NONE',  ( -0.000000000000000000, -0.000000000000000000, -1.000000000000000000 ) ) ;
#1601 = CIRCLE ( 'NONE', #414, 1.550000000000004485 ) ;
#1602 = CARTESIAN_POINT ( 'NONE',  ( -3.399747468305839959, -48.73301000542699057, 3.000000000000000000 ) ) ;
#1603 = ORIENTED_EDGE ( 'NONE', *, *, #149, .T. ) ;
#1604 = CARTESIAN_POINT ( 'NONE',  ( 4.949747468305833564, 11.16648493118467833, 3.000000000000000000 ) ) ;
#1605 = ORIENTED_EDGE ( 'NONE', *, *, #259, .T. ) ;
#1606 = VECTOR ( 'NONE', #209, 1000.000000000000000 ) ;
#1607 = AXIS2_PLACEMENT_3D ( 'NONE', #1479, #295, #321 ) ;
#1608 = ORIENTED_EDGE ( 'NONE', *, *, #712, .F. ) ;
#1609 = DIRECTION ( 'NONE',  ( 0.000000000000000000, 0.000000000000000000, 1.000000000000000000 ) ) ;
#1610 = DIRECTION ( 'NONE',  ( 1.000000000000000000, 0.000000000000000000, 0.000000000000000000 ) ) ;
#1611 = VERTEX_POINT ( 'NONE', #1580 ) ;
#1612 = DIRECTION ( 'NONE',  ( -0.000000000000000000, -0.000000000000000000, -1.000000000000000000 ) ) ;
#1613 = EDGE_LOOP ( 'NONE', ( #1532, #16, #500, #1277 ) ) ;
#1614 = EDGE_LOOP ( 'NONE', ( #1356, #1400 ) ) ;
#1615 = CALENDAR_DATE ( 2025, 18, 6 ) ;
#1616 = ADVANCED_FACE ( 'NONE', ( #1162 ), #416, .F. ) ;
#1617 = DIRECTION ( 'NONE',  ( 1.000000000000000000, 0.000000000000000000, 0.000000000000000000 ) ) ;
#1618 = PLANE ( 'NONE',  #1626 ) ;
#1619 = DIRECTION ( 'NONE',  ( 0.000000000000000000, 0.000000000000000000, 1.000000000000000000 ) ) ;
#1620 = ORIENTED_EDGE ( 'NONE', *, *, #293, .T. ) ;
#1621 = CIRCLE ( 'NONE', #1190, 1.550000000000007150 ) ;
#1622 = CIRCLE ( 'NONE', #1386, 1.550000000000000044 ) ;
#1623 = DIRECTION ( 'NONE',  ( -0.000000000000000000, -0.000000000000000000, -1.000000000000000000 ) ) ;
#1624 = EDGE_CURVE ( 'NONE', #398, #804, #1, .T. ) ;
#1625 = LINE ( 'NONE', #1510, #230 ) ;
#1626 = AXIS2_PLACEMENT_3D ( 'NONE', #457, #89, #474 ) ;
#1627 = PLANE ( 'NONE',  #1117 ) ;
#1628 = ORIENTED_EDGE ( 'NONE', *, *, #446, .T. ) ;
#1629 = AXIS2_PLACEMENT_3D ( 'NONE', #221, #1023, #734 ) ;
#1630 = APPROVAL_DATE_TIME ( #112, #159 ) ;
#1631 = DIRECTION ( 'NONE',  ( 1.000000000000000000, 1.084202172485504434E-16, -0.000000000000000000 ) ) ;
#1632 = DIRECTION ( 'NONE',  ( 1.000000000000000000, 0.000000000000000000, 0.000000000000000000 ) ) ;
#1633 = DIRECTION ( 'NONE',  ( -0.000000000000000000, -0.000000000000000000, -1.000000000000000000 ) ) ;
#1634 = EDGE_CURVE ( 'NONE', #201, #923, #523, .T. ) ;
#1635 = CARTESIAN_POINT ( 'NONE',  ( 4.000000000000013323, -3.733010005426987910, 3.000000000000000000 ) ) ;
#1636 = DIRECTION ( 'NONE',  ( -1.000000000000000000, 0.000000000000000000, 0.000000000000000000 ) ) ;
#1637 = ADVANCED_FACE ( 'NONE', ( #62 ), #559, .T. ) ;
#1638 = ORIENTED_EDGE ( 'NONE', *, *, #847, .T. ) ;
#1639 = AXIS2_PLACEMENT_3D ( 'NONE', #1051, #278, #1666 ) ;
#1640 = ORIENTED_EDGE ( 'NONE', *, *, #58, .F. ) ;
#1641 = DIRECTION ( 'NONE',  ( -0.000000000000000000, -0.000000000000000000, -1.000000000000000000 ) ) ;
#1642 = CARTESIAN_POINT ( 'NONE',  ( -4.949747468305846887, -48.73301000542699057, 0.000000000000000000 ) ) ;
#1643 = CARTESIAN_POINT ( 'NONE',  ( 6.000000000000012434, -18.17771126165716922, 3.000000000000000000 ) ) ;
#1644 = LINE ( 'NONE', #1635, #392 ) ;
#1645 = DIRECTION ( 'NONE',  ( 1.000000000000000000, 0.000000000000000000, 0.000000000000000000 ) ) ;
#1646 = ORIENTED_EDGE ( 'NONE', *, *, #390, .T. ) ;
#1647 = COORDINATED_UNIVERSAL_TIME_OFFSET ( 8, 0, .AHEAD. ) ;
#1648 = ORIENTED_EDGE ( 'NONE', *, *, #943, .T. ) ;
#1649 = ORIENTED_EDGE ( 'NONE', *, *, #1154, .T. ) ;
#1650 = FACE_OUTER_BOUND ( 'NONE', #1207, .T. ) ;
#1651 = CARTESIAN_POINT ( 'NONE',  ( -5.999999999999993783, -6.177711261657162112, 3.000000000000000000 ) ) ;
#1652 = VECTOR ( 'NONE', #236, 1000.000000000000000 ) ;
#1653 = CARTESIAN_POINT ( 'NONE',  ( -5.664100588675681891, -7.287111654107619074, 3.000000000000000000 ) ) ;
#1654 = LINE ( 'NONE', #1512, #291 ) ;
#1655 = AXIS2_PLACEMENT_3D ( 'NONE', #20, #1432, #1135 ) ;
#1656 = EDGE_LOOP ( 'NONE', ( #779, #1552 ) ) ;
#1657 = EDGE_CURVE ( 'NONE', #435, #224, #1206, .T. ) ;
#1658 = CALENDAR_DATE ( 2025, 18, 6 ) ;
#1659 = EDGE_LOOP ( 'NONE', ( #1251, #303, #568, #1429 ) ) ;
#1660 = CIRCLE ( 'NONE', #233, 1.550000000000000266 ) ;
#1661 = EDGE_LOOP ( 'NONE', ( #1564, #445, #907, #1420 ) ) ;
#1662 = DIRECTION ( 'NONE',  ( -0.000000000000000000, -0.000000000000000000, -1.000000000000000000 ) ) ;
#1663 = CARTESIAN_POINT ( 'NONE',  ( 8.000000000000014211, -50.78326253712116056, 3.000000000000000000 ) ) ;
#1664 = EDGE_LOOP ( 'NONE', ( #1252, #441, #141, #403, #241, #251, #645, #370 ) ) ;
#1665 = LINE ( 'NONE', #997, #545 ) ;
#1666 = DIRECTION ( 'NONE',  ( 1.000000000000000000, 0.000000000000000000, 0.000000000000000000 ) ) ;
#1667 = VERTEX_POINT ( 'NONE', #717 ) ;
#1668 = VERTEX_POINT ( 'NONE', #182 ) ;
#1669 = ORIENTED_EDGE ( 'NONE', *, *, #970, .T. ) ;
ENDSEC;
END-ISO-10303-21;
